movie_id,person_id,job
423,2042,Director
2459,10051,Director
425,32765,Director
3823,172,Director
31973,4410,Director
424,15175,Director
2457,37710,Director
126426,1418611,Director
126426,1418612,Director
31925,10586,Director
3822,37626,Director
6331,89576,Director
31952,41671,Director
2458,67753,Director
3819,69167,Director
3821,13426,Director
6334,74638,Director
2460,10051,Director
126548,991868,Director
427,14800,Director
32009,77441,Director
6335,6949,Director
3824,6720,Director
2462,27797,Director
428,380,Director
126577,938636,Director
126577,938637,Director
3825,48980,Director
6332,19228,Director
6336,54607,Director
32017,20739,Director
2463,12987,Director
2463,3415,Director
2463,12936,Director
126921,60725,Director
429,57107,Director
6337,228797,Director
3826,10491,Director
32011,5140,Director
430,61175,Director
426,39104,Director
2465,5140,Director
6338,52112,Director
32019,37932,Director
3827,190,Director
127052,1190421,Director
431,1150,Director
6339,37626,Director
2467,2352,Director
3830,133183,Director
127096,1099862,Director
126482,2216,Director
433,8843,Director
432,66548,Director
32031,5713,Director
127108,77269,Director
6341,58689,Director
3832,25826,Director
127114,930710,Director
2469,1776,Director
434,16938,Director
6344,67813,Director
2470,58453,Director
32060,48055,Director
3833,110726,Director
435,18308,Director
127116,54469,Director
2471,57594,Director
32029,1011158,Director
3834,190,Director
6345,4786,Director
127130,5656,Director
2472,67897,Director
32022,107147,Director
32022,107148,Director
32116,55146,Director
436,21806,Director
2473,58712,Director
32139,15378,Director
3835,129941,Director
127132,1004172,Director
437,12964,Director
6347,60473,Director
127098,52849,Director
3836,54451,Director
32160,11435,Director
6349,1027168,Director
2474,1032,Director
6348,72543,Director
127134,29009,Director
3837,58245,Director
438,27236,Director
32179,15389,Director
127136,150098,Director
440,8858,Director
2468,14911,Director
3838,58245,Director
2475,13776,Director
6350,608,Director
32213,5917,Director
127146,102109,Director
441,564,Director
3839,58245,Director
2476,190,Director
6357,69392,Director
442,58838,Director
3840,60261,Director
2477,18669,Director
32234,4065,Director
32243,68554,Director
127164,96199,Director
444,5216,Director
3841,1724,Director
2478,4610,Director
6365,9339,Director
6365,9340,Director
3831,24248,Director
6333,9032,Director
32289,125544,Director
127152,71797,Director
6358,21506,Director
6367,59026,Director
2481,15488,Director
3843,74671,Director
127172,1061561,Director
32291,1243,Director
445,1895,Director
6342,146811,Director
446,20640,Director
2482,18069,Director
6368,107168,Director
6368,143589,Director
3844,18378,Director
32294,146745,Director
448,2690,Director
127184,222686,Director
3845,53767,Director
6370,17520,Director
127194,240376,Director
127194,62763,Director
32296,58072,Director
2483,57865,Director
32058,10781,Director
449,141825,Director
32298,70777,Director
3846,44807,Director
2456,64875,Director
127198,51866,Director
2488,68424,Director
2485,64815,Director
450,50949,Director
127202,1224031,Director
3847,4695,Director
32300,7312,Director
2490,4723,Director
451,10967,Director
6374,41549,Director
127204,1155547,Director
3849,5029,Director
2491,18679,Director
452,17784,Director
32302,2762765,Director
6371,65429,Director
6375,946395,Director
3851,120685,Director
127212,229482,Director
2492,162102,Director
32314,11011,Director
453,5174,Director
6373,4499,Director
3852,99593,Director
6376,20587,Director
32371,37360,Director
3855,151166,Director
2494,127027,Director
127319,82418,Director
455,18254,Director
127298,45791,Director
6377,7,Director
454,2226,Director
3857,26713,Director
2493,14614,Director
32387,85309,Director
6378,37932,Director
32392,57865,Director
456,52358,Director
127323,1024823,Director
2495,80260,Director
3858,10367,Director
32440,56506,Director
457,12989,Director
6379,60243,Director
6380,23287,Director
128087,29388,Director
458,1723,Director
2497,46085,Director
128089,1827779,Director
6382,20640,Director
32456,628,Director
2496,28904,Director
3861,26502,Director
32460,1843,Director
6383,6482,Director
2498,18281,Director
128097,1827779,Director
3859,16958,Director
3859,16957,Director
459,21370,Director
3862,72468,Director
460,26502,Director
2501,4945,Director
128099,1827779,Director
2500,239418,Director
3863,56512,Director
6385,15287,Director
461,172993,Director
32469,4109,Director
3864,50651,Director
32442,21217,Director
464,11401,Director
3865,5281,Director
128197,89373,Director
466,12936,Director
6387,11401,Director
2502,17403,Director
32515,31493,Director
128360,138,Director
6386,37360,Director
2503,20026,Director
3869,12987,Director
6390,29595,Director
32554,185,Director
32554,183,Director
32554,187,Director
3868,12987,Director
467,94996,Director
2504,3191,Director
128366,95024,Director
6395,14999,Director
32582,1134304,Director
128488,12786,Director
468,65859,Director
2505,5572,Director
32511,83698,Director
3870,10790,Director
6400,937129,Director
128512,836732,Director
6402,15337,Director
3871,18738,Director
2506,1201,Director
469,19684,Director
32584,41670,Director
128520,59027,Director
32587,2294,Director
32587,2293,Director
470,77733,Director
6405,51000,Director
2511,9789,Director
3872,10601,Director
2512,20025,Director
3873,70262,Director
32589,62116,Director
471,1223,Director
471,1224,Director
6407,69392,Director
32596,52609,Director
128592,18878,Director
6408,55668,Director
3879,25735,Director
128542,1361546,Director
474,5231,Director
6410,77300,Director
2515,102709,Director
128594,68185,Director
473,774,Director
32620,11983,Director
2514,56263,Director
128620,3702,Director
6412,19093,Director
32632,95134,Director
128695,16794,Director
475,53334,Director
2516,68762,Director
3882,59026,Director
32598,7395,Director
32598,7396,Director
2513,56263,Director
32649,31894,Director
6415,4415,Director
128736,5953,Director
476,230059,Director
3884,84165,Director
2517,11770,Director
472,3388,Director
6417,25735,Director
3888,57691,Director
32657,142449,Director
32659,20849,Director
6422,51875,Director
2518,6159,Director
478,8246,Director
3889,71901,Director
128838,10828,Director
128832,2163,Director
3893,58689,Director
32666,130405,Director
128842,28839,Director
3877,16187,Director
479,2042,Director
6427,30706,Director
3895,66604,Director
32728,29494,Director
2522,52094,Director
6425,77121,Director
128852,87670,Director
480,488,Director
128900,1041478,Director
32743,58677,Director
6428,14773,Director
2523,15630,Director
477,18069,Director
3896,9033,Director
32770,1011,Director
481,58498,Director
128902,1038006,Director
128902,584035,Director
32799,58343,Director
32799,29110,Director
6429,40199,Director
2524,6778,Director
75985,114404,Director
3894,141967,Director
2525,21819,Director
128908,229519,Director
2520,24939,Director
6433,95111,Director
128914,139280,Director
76030,54559,Director
2526,7501,Director
32875,5763,Director
32862,27517,Director
6434,8823,Director
76054,20030,Director
6436,30365,Director
2527,4782,Director
128944,1060,Director
32892,8452,Director
76060,56251,Director
6424,4610,Director
128968,210053,Director
128968,185072,Director
32898,11523,Director
76077,3227,Director
6440,1223,Director
6440,1224,Director
32906,143285,Director
2530,18635,Director
76091,21684,Director
6442,37526,Director
32914,2380,Director
2529,13265,Director
76093,66193,Director
76093,69797,Director
128991,1372390,Director
6448,18392,Director
2521,30422,Director
32917,12329,Director
32917,4415,Director
32917,15127,Director
32917,32375,Director
6449,19457,Director
2531,18669,Director
129011,36086,Director
76143,56570,Director
2528,20412,Director
129229,56533,Director
76173,2419,Director
2532,18669,Director
129250,35694,Director
129250,35734,Director
33004,52842,Director
6452,18854,Director
2533,9108,Director
33085,62721,Director
6453,10092,Director
128975,3227,Director
2534,2775,Director
76175,18865,Director
76251,957,Director
6454,27436,Director
129313,133398,Director
129333,143056,Director
6460,40,Director
33124,52961,Director
2535,19457,Director
76293,17825,Director
2537,7506,Director
129354,56412,Director
129354,56411,Director
33126,18392,Director
6461,6593,Director
129397,57027,Director
76738,235504,Director
76738,235503,Director
2538,116370,Director
33132,60545,Director
129428,18844,Director
2539,1524,Director
6464,53177,Director
76743,56470,Director
6465,86290,Director
33138,66605,Director
2540,15890,Director
129514,74881,Director
76751,77257,Director
33090,126125,Director
129657,568279,Director
6466,6495,Director
33145,24248,Director
76301,77488,Director
76301,92694,Director
76763,98521,Director
129659,15287,Director
6476,5231,Director
2541,11873,Director
33148,109695,Director
6477,37362,Director
33154,71797,Director
2542,956,Director
129737,1375201,Director
77191,58689,Director
2544,229263,Director
6480,9577,Director
2546,140354,Director
129779,16142,Director
129779,116065,Director
6482,58868,Director
2548,102634,Director
77201,21183,Director
6483,64815,Director
33164,59521,Director
130050,70890,Director
77206,109857,Director
33171,19224,Director
2549,20305,Director
77266,72134,Director
33166,455,Director
130052,1293994,Director
6484,4037,Director
77233,550043,Director
2550,1744,Director
6493,3026,Director
33158,7256,Director
2551,224,Director
33188,70008,Director
130073,11181,Director
77364,31119,Director
130083,76325,Director
6502,2034,Director
33201,108499,Director
77414,114597,Director
130087,17867,Director
2553,70448,Director
2552,12438,Director
6503,36425,Director
33162,578,Director
6506,25236,Director
6506,58052,Director
33237,32427,Director
6509,2725,Director
2554,105822,Director
33294,57730,Director
77421,45407,Director
77421,45405,Director
77427,118639,Director
6510,7406,Director
130450,36588,Director
129937,59521,Director
33310,124971,Director
130452,5656,Director
2557,14597,Director
6514,8429,Director
130482,51000,Director
33421,4453,Director
33435,120969,Director
6515,68,Director
6516,37361,Director
2558,18320,Director
2559,107274,Director
130444,239235,Director
77688,35208,Director
130490,57270,Director
77667,62863,Director
130498,113610,Director
2560,42617,Director
33437,18865,Director
6517,133259,Director
77709,12180,Director
2555,12698,Director
2561,190,Director
33493,1,Director
77795,114545,Director
77795,114546,Director
6523,64061,Director
130520,52870,Director
2563,9182,Director
130576,71872,Director
2565,80570,Director
6528,69946,Director
33499,36797,Director
6527,21506,Director
77798,20031,Director
77800,117794,Director
33495,54584,Director
130578,35453,Director
6530,3556,Director
2566,261271,Director
33558,1270,Director
77455,131617,Director
77841,21677,Director
77841,56710,Director
2567,6159,Director
130634,2127,Director
6533,39012,Director
33629,12523,Director
2570,3417,Director
77881,87322,Director
2568,324,Director
130840,583479,Director
130840,1074560,Director
77866,578,Director
33312,29808,Director
33312,130087,Director
6535,76247,Director
33615,18863,Director
33615,18864,Director
6534,1614,Director
2571,9340,Director
2571,9339,Director
6536,52870,Director
6536,1205756,Director
33639,229374,Director
77846,15175,Director
77893,142013,Director
130970,74881,Director
33564,95040,Director
77561,15277,Director
130518,78438,Director
2573,96369,Director
77931,87630,Director
2572,40243,Director
33644,1035,Director
130976,93550,Director
6537,7213,Director
130686,222470,Director
2574,54967,Director
6538,4387,Director
33646,13426,Director
78034,17835,Director
78034,39189,Director
6539,1704,Director
78039,139098,Director
131013,52803,Director
2575,19377,Director
6541,10808,Director
33660,6159,Director
2577,107414,Director
6542,7588,Director
33669,29009,Director
130978,23442,Director
78088,95320,Director
6545,125544,Director
33677,90583,Director
6547,41887,Director
2579,525,Director
131104,11195,Director
78103,1724,Director
2580,11694,Director
33672,19850,Director
131130,92317,Director
131130,23683,Director
2581,1215,Director
6548,865,Director
131237,115122,Director
33679,11694,Director
131098,1102683,Director
131098,1272710,Director
78116,56539,Director
33649,84461,Director
6549,51600,Director
2583,9789,Director
131439,110427,Director
33681,2294,Director
78142,65314,Director
2582,26767,Director
2582,26760,Director
131480,213199,Director
6551,131196,Director
78160,78176,Director
2585,16435,Director
78174,38023,Director
33683,59291,Director
6550,1230252,Director
33725,71280,Director
131578,61797,Director
33779,1299424,Director
78041,36797,Director
6552,3224,Director
2586,8965,Director
131610,543495,Director
78209,52934,Director
2587,34849,Director
33781,9054,Director
78218,57030,Director
482,8297,Director
78105,10723,Director
484,40549,Director
2589,941809,Director
6554,21085,Director
3898,20907,Director
6557,35155,Director
78266,5877,Director
131023,108246,Director
6553,63973,Director
131656,7316,Director
131656,1244465,Director
2590,33405,Director
33801,45996,Director
485,1090,Director
3897,11649,Director
131714,70212,Director
78264,113225,Director
2593,4818,Director
78349,105239,Director
33815,68770,Director
487,18254,Director
3900,60243,Director
486,90037,Director
3899,1237175,Director
3901,173607,Director
6558,11505,Director
131739,105643,Director
33826,83415,Director
6559,6592,Director
131749,78223,Director
2596,33156,Director
2594,19840,Director
78467,8029,Director
6560,12698,Director
33794,525,Director
33830,7312,Director
488,224,Director
131796,133502,Director
3906,2042,Director
6561,33883,Director
6563,6767,Director
2597,88060,Director
490,23213,Director
33834,14999,Director
78499,8,Director
33836,9248,Director
489,24318,Director
131826,109744,Director
3909,144277,Director
3908,9039,Director
131920,518972,Director
78316,17046,Director
2598,10723,Director
2599,13235,Director
78469,40223,Director
6564,2209,Director
78544,78176,Director
33838,23590,Director
131934,57109,Director
491,2461,Director
2600,224,Director
3910,42,Director
6565,23964,Director
33880,16860,Director
2605,15148,Director
78574,121873,Director
33893,57865,Director
132046,7087,Director
78620,2226,Director
493,11448,Director
493,11447,Director
6567,57030,Director
3911,13524,Director
492,1243,Director
2607,103586,Director
6571,15602,Director
3914,88967,Director
132153,1099847,Director
33903,3722,Director
3915,54025,Director
6568,18342,Director
78626,21684,Director
494,2523,Director
78637,64151,Director
495,46230,Director
132157,58375,Director
33896,56865,Director
33896,17282,Director
33896,10099,Director
2609,552613,Director
33966,31903,Director
6566,2294,Director
132333,221734,Director
496,119232,Director
2611,1255,Director
78703,123132,Director
132084,717,Director
6572,38572,Director
3916,52358,Director
3912,35,Director
78746,124713,Director
34018,77101,Director
132335,19119,Director
497,11181,Director
6573,3146,Director
34048,488,Director
2612,4109,Director
132362,12180,Director
499,2239,Director
6574,132200,Director
78772,27571,Director
132422,5281,Director
500,10965,Director
2613,68381,Director
2614,98132,Director
3917,31211,Director
2606,50719,Director
3919,48965,Director
34129,52112,Director
501,65452,Director
78893,11614,Director
132454,206651,Director
6577,63937,Director
132424,66121,Director
502,56828,Director
2615,70835,Director
34143,8574,Director
2616,6449,Director
6578,3146,Director
78959,43141,Director
3922,95526,Director
3920,2303,Director
34072,18525,Director
78836,14597,Director
6579,3146,Director
132462,1402638,Director
79006,1308941,Director
79006,6868,Director
504,10702,Director
2617,7775,Director
34148,17496,Director
3925,4429,Director
6581,3146,Director
3918,52194,Director
34150,20400,Director
79008,34517,Director
132488,1157087,Director
2618,42378,Director
34153,82839,Director
34153,82840,Director
505,3026,Director
6582,9915,Director
79057,41671,Director
506,57206,Director
2620,93395,Director
6583,7191,Director
34162,42994,Director
3926,7506,Director
2623,161858,Director
3928,30099,Director
508,16294,Director
507,190,Director
34164,57579,Director
6584,1243,Director
6584,87543,Director
132618,88970,Director
132660,1218992,Director
79091,124748,Director
79091,124747,Director
34271,53267,Director
3929,13953,Director
2622,52405,Director
79132,525,Director
6586,54584,Director
509,10757,Director
34292,42175,Director
132496,15892,Director
2624,25645,Director
79134,17494,Director
6587,769,Director
132796,132876,Director
3927,2087,Director
510,6482,Director
2625,57832,Director
3932,2917,Director
6588,16862,Director
132800,1186229,Director
34312,111415,Director
3933,114562,Director
511,12920,Director
2629,56739,Director
3937,4782,Director
512,29482,Director
6592,72427,Director
79073,6400,Director
3930,33883,Director
132888,57604,Director
132584,129952,Director
79224,21981,Director
3939,112921,Director
79242,75699,Director
3938,21371,Director
133195,1413740,Director
34323,16848,Director
513,141450,Director
514,34849,Director
2630,4956,Director
133115,937659,Director
6593,54050,Director
6595,47640,Director
2632,27002,Director
79139,12962,Director
34326,5216,Director
79251,574660,Director
133217,1460387,Director
3940,98939,Director
2633,70,Director
34330,59142,Director
515,54441,Director
6596,54441,Director
79259,124830,Director
79259,124831,Director
516,14911,Director
133281,16294,Director
6597,144536,Director
133365,1389816,Director
517,648,Director
2628,1,Director
2634,29662,Director
79274,124279,Director
2639,113799,Director
6598,90425,Director
34332,64151,Director
3941,1062093,Director
79293,13015,Director
34334,18878,Director
34319,865,Director
133377,61763,Director
518,9168,Director
2640,7187,Director
3942,98132,Director
3943,5281,Director
34336,70738,Director
79357,107490,Director
2642,10586,Director
6591,3064,Director
6604,5970,Director
3945,81718,Director
3945,81853,Director
34338,83339,Director
34338,37221,Director
79333,107669,Director
2641,10586,Director
133545,14405,Director
520,14639,Director
519,44056,Director
6603,14674,Director
133419,9281,Director
3946,56435,Director
34359,146225,Director
3947,17281,Director
79428,6737,Director
133645,16863,Director
521,21377,Director
6609,5970,Director
2643,64508,Director
79185,366,Director
34397,16590,Director
6611,12329,Director
79501,17282,Director
522,65026,Director
2644,1496,Director
34405,12891,Director
79536,93561,Director
133712,107669,Director
133716,1190421,Director
6612,69238,Director
6612,69237,Director
3948,6737,Director
523,138322,Director
6614,8844,Director
34321,564,Director
34437,4429,Director
79553,63571,Director
133771,122423,Director
3949,6431,Director
3949,6380892,Director
133780,1305360,Director
34450,18897,Director
79590,86203,Director
3951,99496,Director
2651,25165,Director
2652,29662,Director
34482,32919,Director
3950,5572,Director
79572,1223175,Director
6616,57048,Director
133782,1354171,Director
526,127283,Director
6615,17268,Director
2648,2917,Director
527,488,Director
2654,30129,Director
524,44847,Director
34520,52049,Director
3952,21526,Director
6617,1269,Director
79592,55710,Director
133798,29214,Director
2655,114629,Director
6618,57607,Director
2656,33883,Director
133802,1062805,Director
34523,76009,Director
6619,52358,Director
79677,550046,Director
79677,550045,Director
34528,17246,Director
79684,53806,Director
79684,53805,Director
133832,16847,Director
6620,72205,Director
6620,72206,Director
528,12964,Director
79695,16483,Director
2659,108128,Director
2659,81186,Director
133879,40940,Director
533,52968,Director
6625,82346,Director
3959,21869,Director
2660,13973,Director
3958,129482,Director
34532,1978,Director
6624,21981,Director
532,10367,Director
133867,74623,Director
79702,11090,Director
3953,9789,Director
79798,143593,Director
34534,6482,Director
534,4786,Director
2661,33883,Director
134004,91389,Director
3962,19708,Director
6628,67632,Director
79868,87213,Director
34536,21053,Director
134019,139355,Director
529,2260,Director
2662,51000,Director
535,9789,Director
6629,81799,Director
34540,74062,Director
3963,69392,Director
2664,14773,Director
79879,59291,Director
3964,64864,Director
3964,5690,Director
3964,74565,Director
536,33405,Director
6631,65678,Director
34542,6818,Director
79895,59,Director
3955,68215,Director
134041,98835,Director
2665,82751,Director
2657,13484,Director
134021,82937,Director
134095,126421,Director
34800,11454,Director
134109,115122,Director
3966,5030,Director
2668,5140,Director
79946,126910,Director
79897,58292,Director
6638,63713,Director
34811,21183,Director
2669,2000,Director
538,64061,Director
539,9248,Director
3967,468,Director
537,72624,Director
531,1128,Director
6639,9855,Director
80083,122186,Director
6643,95501,Director
2670,1744,Director
540,13015,Director
35015,68212,Director
3968,1524,Director
80094,120245,Director
134130,578,Director
134158,90081,Director
541,578,Director
2671,7017,Director
6644,28615,Director
3957,129482,Director
3969,51984,Director
80124,71871,Director
542,54590,Director
2672,15361,Director
80126,45052,Director
134184,143675,Director
6645,1,Director
2674,6111,Director
3965,2000,Director
6650,70864,Director
6636,3026,Director
80139,56578,Director
34530,69498,Director
134170,1462214,Director
80162,119194,Director
80162,119195,Director
6654,18598,Director
134246,11266,Director
3974,15868,Director
546,58164,Director
546,58165,Director
134214,56194,Director
2677,2303,Director
6656,101225,Director
544,63943,Director
3973,69237,Director
2676,12962,Director
80166,60923,Director
80166,60922,Director
134248,1036815,Director
134248,1036816,Director
547,15521,Director
3977,36425,Director
80219,2294,Director
80219,61847,Director
2681,262055,Director
134252,99280,Director
6659,33485,Director
548,45645,Director
3971,108129,Director
6658,1927,Director
2682,102445,Director
3978,4135,Director
80241,96439,Director
134326,67971,Director
134326,67972,Director
6660,37846,Director
6660,68424,Director
2683,6737,Director
3979,32593,Director
549,78012,Director
6662,1927,Director
80363,4014,Director
3980,66121,Director
2686,78012,Director
543,15106,Director
134368,116805,Director
3972,26775,Director
2687,15774,Director
2687,15775,Director
134334,87713,Director
80478,20025,Director
6665,12840,Director
134515,84981,Director
552,18356,Director
80463,7467,Director
3983,30711,Director
2690,56710,Director
2688,12786,Director
134393,41039,Director
6663,1927,Director
6664,67753,Director
553,16566,Director
3984,9915,Director
551,57646,Director
2691,65314,Director
134524,1337527,Director
6666,793,Director
3981,56154,Director
555,893,Director
80489,880,Director
550,41549,Director
3985,14520,Director
134528,11649,Director
80549,82511,Director
80454,236959,Director
6667,139537,Director
2692,1071,Director
556,115891,Director
556,21113,Director
3986,1724,Director
80551,52779,Director
558,74299,Director
558,4945,Director
134775,57832,Director
6668,607,Director
80553,109402,Director
80553,109403,Director
3987,57579,Director
134783,183036,Director
562,66605,Director
2694,17494,Director
2693,63983,Director
3988,6159,Director
80572,1893,Director
563,20718,Director
6678,10249,Director
80586,3026,Director
134847,114464,Director
6671,10757,Director
564,2778,Director
134808,6163,Director
3990,80540,Director
3990,1233222,Director
3989,17350,Director
2695,61346,Director
2696,38507,Director
80584,79272,Director
6669,5026,Director
567,309,Director
2697,145304,Director
80590,1152,Director
6679,110351,Director
134849,100888,Director
3991,15775,Director
568,6220,Director
2698,79113,Director
3992,65314,Director
80615,15217,Director
134796,142618,Director
569,3030,Director
134853,12890,Director
2699,664,Director
134859,1393833,Director
80693,53069,Director
80693,53068,Director
3993,648,Director
6670,56113,Director
573,26265,Director
80727,21792,Director
3994,11614,Director
6686,64901,Director
134861,109744,Director
3996,1614,Director
6684,15127,Director
574,17883,Director
6689,88832,Director
6689,998842,Director
80834,133631,Director
6688,140434,Director
575,58448,Director
134881,46588,Director
2706,3289,Director
3997,61921,Director
80831,32278,Director
577,1174031,Director
135133,10943,Director
3998,18596,Director
2702,5281,Director
135137,10965,Director
579,105114,Director
3999,10702,Director
2700,34517,Director
6691,1364800,Director
80839,2460,Director
2707,11676,Director
6692,110395,Director
580,67756,Director
135143,11343,Director
2708,28615,Director
6687,12987,Director
80748,82389,Director
4000,21370,Director
80846,77147,Director
581,109402,Director
581,109403,Director
135198,18969,Director
4002,11505,Director
6695,56349,Director
6696,4760,Director
80858,58375,Director
2710,26849,Director
2710,26850,Director
583,69488,Director
4003,11505,Director
80860,88967,Director
135288,15557,Director
585,31024,Director
2712,240,Director
2709,49903,Director
4005,10179,Director
2701,5174,Director
135216,49949,Director
6699,70520,Director
135456,16137,Director
6705,16957,Director
6705,16958,Director
80864,1243,Director
586,10965,Director
587,3415,Director
4006,19542,Director
6702,54967,Director
135436,124748,Director
2713,58712,Director
2716,8858,Director
4007,1152,Director
80880,96166,Director
6706,225898,Director
135518,56512,Director
80862,142276,Director
80862,142272,Director
588,15811,Director
588,15810,Director
4008,1152,Director
80906,74058,Director
135532,52609,Director
2717,8858,Director
6707,16847,Director
2718,59412,Director
589,2710,Director
80917,129894,Director
4009,1152,Director
135534,11012,Director
590,1269,Director
80969,57446,Director
4010,1723,Director
6709,2294,Director
592,510,Director
4011,956,Director
135536,19769,Director
2720,4759,Director
4012,11834,Director
594,5446,Director
594,11426,Director
594,67373,Director
594,564042,Director
594,52218,Director
594,11434,Director
2722,16938,Director
135777,86783,Director
6711,1769,Director
2723,59646,Director
595,62047,Director
595,62048,Director
2719,2209,Director
135569,58189,Director
81087,80386,Director
81132,133398,Director
4014,5306,Director
593,16294,Director
6708,578,Director
2724,1201,Director
81156,56578,Director
135787,135177,Director
4015,56591,Director
596,11429,Director
596,11426,Director
596,74565,Director
596,11427,Director
596,11432,Director
596,226599,Director
596,11434,Director
6713,40333,Director
4016,61411,Director
2725,41887,Director
6715,52194,Director
135567,6046,Director
81158,131948,Director
81158,21863,Director
135803,99436,Director
2726,240,Director
4017,228,Director
6718,67897,Director
81191,19012,Director
2727,240,Director
135815,99436,Director
4018,17698,Director
599,7767,Director
6720,3028,Director
81229,57270,Director
597,1201,Director
135861,52139,Director
2728,240,Director
4019,5216,Director
6721,26760,Director
81018,21768,Director
6710,82482,Director
602,1080040,Director
81383,8392,Director
81417,20133,Director
605,52405,Director
6723,26760,Director
135885,10707,Director
4020,7623,Director
6722,26760,Director
4021,7482,Director
2729,240,Director
135887,8023,Director
135887,124747,Director
2730,240,Director
81257,1011,Director
600,78258,Director
135937,52329,Director
2731,1650,Director
4022,24,Director
81456,143593,Director
6724,39012,Director
606,15557,Director
2732,1650,Director
608,1223,Director
608,1224,Director
4023,11091,Director
6731,14999,Director
136016,21198,Director
2733,29009,Director
4024,93911,Director
610,70616,Director
610,58338,Director
610,70707,Director
610,2888351,Director
610,67268,Director
610,1879400,Director
610,71852,Director
610,1773189,Director
610,57290,Director
610,1693752,Director
81520,78108,Director
136018,65167,Director
4025,18281,Director
2734,2690,Director
81535,2150,Director
611,55948,Director
611,176246,Director
609,4755,Director
136012,115983,Director
136020,39,Director
136297,1148247,Director
6746,57239,Director
2736,69300,Director
136024,97288,Director
612,32278,Director
613,24657,Director
2737,9868,Director
4029,1255,Director
4030,27226,Director
6744,84047,Director
81562,2034,Director
81537,57130,Director
81512,190,Director
2735,12964,Director
6748,224,Director
136305,85822,Director
615,49552,Director
81564,18864,Director
2738,5696,Director
35347,70709,Director
35347,70707,Director
4031,879,Director
6750,1243,Director
616,57314,Director
81591,6431,Director
6751,6111,Director
35807,90522,Director
617,309,Director
6732,13294,Director
6752,21217,Director
35836,41039,Director
618,37526,Director
81782,893,Director
2741,73496,Director
4034,1884,Director
2739,488,Director
4032,8246,Director
619,116103,Director
6734,11770,Director
2742,34262,Director
2743,55264,Director
627,72619,Director
81786,119294,Director
36289,11201,Director
36276,6011,Director
4036,17279,Director
81788,455,Director
626,78029,Director
4027,1223,Director
6754,3950,Director
6755,58245,Director
81681,26959,Director
2744,24657,Director
4037,1255,Director
6760,172,Director
2740,56913,Director
2740,98614,Director
36363,98835,Director
4035,172,Director
628,17812,Director
2745,8965,Director
81791,1769,Director
4039,6593,Director
6763,518,Director
36397,80691,Director
81819,223,Director
631,952327,Director
631,71852,Director
4040,18356,Director
4033,21370,Director
2746,7908,Director
36401,280,Director
6764,36602,Director
81831,83189,Director
2747,102429,Director
632,15488,Director
36477,22215,Director
6765,36805,Director
4041,18596,Director
81834,11343,Director
633,974388,Director
4042,4165,Director
2748,47893,Director
6768,35325,Director
35957,5140,Director
36509,44179,Director
6753,77919,Director
6769,6980,Director
635,73496,Director
81845,70500,Director
36519,18865,Director
4043,15890,Director
81847,76595,Director
81847,121830,Director
2750,1243,Director
2749,39996,Director
6770,90,Director
36517,8557,Director
4046,10001,Director
634,70835,Director
81910,90583,Director
636,230320,Director
4047,66088,Director
6772,41788,Director
2751,12698,Director
36525,54050,Director
637,21217,Director
81932,17883,Director
81784,7017,Director
36527,18844,Director
6773,21768,Director
81949,53276,Director
638,20773,Director
4052,1230252,Director
2754,1088198,Director
6774,224,Director
2752,133259,Director
2757,13488,Director
4054,52038,Director
639,5281,Director
640,34682,Director
36533,55075,Director
82053,37852,Director
4055,86382,Director
4053,21792,Director
82088,35408,Director
36537,17439,Director
6777,4081,Director
645,20789,Director
36535,23626,Director
82093,34510,Director
6776,78751,Director
4061,8482,Director
4056,2228,Director
647,9181,Director
6780,18533,Director
2761,7087,Director
2762,11614,Director
36529,8685,Director
2759,41549,Director
82095,6038,Director
82095,6037,Director
82152,84061,Director
649,6759,Director
2764,13563,Director
4063,26487,Director
82041,136345,Director
36850,18897,Director
648,1150,Director
6783,11528,Director
4062,18281,Director
2765,2291,Director
6782,16767,Director
37211,77101,Director
650,2182,Director
2763,1090,Director
36708,53215,Director
82167,9181,Director
6785,13284,Director
4064,31310,Director
82169,10781,Director
653,18878,Director
6775,85917,Director
37240,84369,Director
4065,31310,Director
2766,20133,Director
6786,40542,Director
82202,8193,Director
656,54590,Director
82366,70890,Director
6787,6349,Director
661,57646,Director
6788,63713,Director
4066,35689,Director
4067,57138,Director
662,15890,Director
82242,145228,Director
2770,7908,Director
37380,10765,Director
2769,20561,Director
36931,70109,Director
2771,42171,Director
37382,893,Director
6789,72667,Director
4068,84782,Director
37384,52941,Director
6790,12180,Director
4069,20739,Director
2772,50583,Director
37386,54025,Director
665,15254,Director
82459,1224,Director
82459,1223,Director
4074,10249,Director
2774,97773,Director
37444,30632,Director
82461,86270,Director
6793,13581,Director
37475,5306,Director
82499,3388,Director
4078,10723,Director
668,12160,Director
2779,7795,Director
2779,6449,Director
82378,23287,Director
6794,64877,Director
663,64030,Director
37477,56911,Director
6797,8246,Director
671,30021,Director
82527,137475,Director
670,12160,Director
4079,4600,Director
4079,8555,Director
4079,44990,Director
4079,4610,Director
4079,7181,Director
6796,6482,Director
37545,6818,Director
2784,102429,Director
2782,102429,Director
4080,56106,Director
37495,79453,Director
82534,47333,Director
2786,3460,Director
6798,9168,Director
4081,95489,Director
37720,55499,Director
2787,21819,Director
82667,69081,Director
674,53767,Director
673,23677,Director
6800,16566,Director
4082,23393,Director
37727,57270,Director
678,37852,Director
6791,70636,Director
4083,38689,Director
82684,51918,Director
2788,57073,Director
6803,4955,Director
37729,34891,Director
37729,510,Director
82641,99436,Director
2775,75675,Director
679,12804,Director
4084,893,Director
2789,9108,Director
82765,110511,Director
680,3776,Director
2790,43513,Director
37731,56359,Director
6807,10707,Director
82744,66121,Director
4077,18175,Director
82848,8635,Director
82848,13953,Director
37733,224,Director
37736,3556,Director
685,8876,Director
2792,27746,Director
82767,17114,Director
6804,7623,Director
6808,54451,Director
688,18254,Director
6809,66274,Director
4085,769,Director
4086,15206,Director
2791,12936,Director
2791,12987,Director
2791,3415,Director
4089,11159,Director
667,115983,Director
37739,2053,Director
6810,52629,Director
82852,3289,Director
691,24318,Director
37741,5345,Director
82854,65630,Director
2793,58384,Director
4090,108217,Director
6811,7678,Director
2794,57434,Director
82857,1079579,Director
82857,1079578,Director
4091,54590,Director
6812,190,Director
694,43786,Director
37844,72024,Director
692,104404,Director
83086,42745,Director
6814,24318,Director
695,1046169,Director
4093,3349,Director
37853,57082,Director
6816,18500,Director
83132,144476,Director
2796,9577,Director
697,73838,Director
2797,14911,Director
4103,488,Director
83177,9622,Director
37857,87081,Director
698,42113,Director
4092,84906,Director
2798,17494,Director
38038,7313,Director
38038,7314,Director
4102,68750,Director
6818,93406,Director
6817,190,Director
37830,9660,Director
700,56059,Director
2799,13581,Director
6820,43,Director
83134,52479,Director
703,129708,Director
4105,7623,Director
4104,83961,Director
83270,24248,Director
2795,1524,Director
38095,69081,Director
83349,201,Director
704,15111,Director
2801,58094,Director
38159,1126,Director
38061,1108,Director
6827,111338,Director
706,104507,Director
38164,37361,Director
4110,40007,Director
83374,141169,Director
6832,5342,Director
707,7256,Director
4111,1776,Director
2803,6349,Director
2800,99875,Director
2800,118472,Director
2800,85311,Director
6836,5030,Director
83601,129937,Director
83601,129938,Director
708,7145,Director
4113,3636,Director
709,71792,Director
2804,12698,Director
6835,88164,Director
38304,1032,Director
4115,89467,Director
38294,43526,Director
2805,64030,Director
4116,68750,Director
6821,58075,Director
83613,15277,Director
710,1175207,Director
83480,58498,Director
136341,209181,Director
83796,77008,Director
4117,19665,Director
711,129941,Director
38583,56173,Director
83803,59357,Director
136353,113896,Director
136353,96337,Director
714,4429,Director
4121,4600,Director
136355,127381,Director
83827,234397,Director
38388,33279,Director
715,25950,Director
83910,6159,Director
4109,178486,Director
136359,117060,Director
718,64909,Director
4124,15663,Director
38798,323,Director
83969,129422,Director
136443,140244,Director
719,1524,Director
38992,40256,Director
4125,66548,Director
83369,2690,Director
83976,172,Director
722,940684,Director
136447,74881,Director
136445,74881,Director
39183,1614,Director
39231,11649,Director
4126,78523,Director
84152,17329,Director
84156,6818,Director
84156,937748,Director
720,7314,Director
720,53304,Director
720,1244465,Director
720,53329,Director
720,1119483,Director
720,1265554,Director
720,1119834,Director
39234,15287,Director
38886,5656,Director
2802,11057,Director
136449,12180,Director
4123,58251,Director
724,41549,Director
4128,5572,Director
39292,1461,Director
84187,77926,Director
84187,77923,Director
84187,77921,Director
4129,72427,Director
725,68215,Director
39307,53176,Director
84189,88039,Director
136471,559968,Director
136471,20400,Director
726,5696,Director
4127,64877,Director
39381,53333,Director
4130,21371,Director
84240,16973,Director
136503,96337,Director
728,19304,Director
39400,11809,Director
136511,1391832,Director
731,18500,Director
4132,62043,Director
136540,64227,Director
136540,1009255,Director
4133,70737,Director
84273,74257,Director
39414,26481,Director
733,865,Director
735,87680,Director
136556,89112,Director
39427,12995,Director
4138,51785,Director
136469,74159,Director
39435,10702,Director
39444,1704,Director
4135,44056,Director
84392,144221,Director
84374,8858,Director
136562,2034,Director
736,2209,Director
84414,90367,Director
136564,549310,Director
4139,30477,Director
737,70792,Director
136598,52935,Director
136598,1236679,Director
84512,14674,Director
39446,2675,Director
39449,24294,Director
741,12180,Director
4131,53861,Director
84523,85309,Director
136602,1155547,Director
742,64796,Director
4142,87121,Director
4141,54050,Director
136654,172,Director
743,65548,Director
4143,59958,Director
745,7314,Director
84246,94218,Director
136664,3087,Director
4144,12453,Director
4146,2303,Director
747,4610,Director
84615,61069,Director
136666,57538,Director
39516,2166,Director
39801,17282,Director
136778,1242112,Director
136786,1223175,Director
84696,4610,Director
748,28239,Director
40148,956,Director
39869,42,Director
4147,73693,Director
750,240,Director
84637,12079,Director
84716,108536,Director
4148,578,Director
40278,39,Director
84553,232313,Director
136800,89824,Director
757,12453,Director
4149,17494,Director
136816,130051,Director
40339,61411,Director
4152,8965,Director
40412,70520,Director
759,223825,Director
84772,54733,Director
84799,148745,Director
39715,54590,Director
136834,31033,Director
136834,21905,Director
760,14614,Director
84844,113337,Director
136838,4919,Director
761,18254,Director
4154,141706,Director
84601,59521,Director
136840,228943,Director
762,41550,Director
4155,19969,Director
136850,93475,Director
40491,16767,Director
4156,130750,Director
4156,32983,Director
84942,27226,Director
764,366,Director
40414,70221,Director
40578,125085,Director
765,1776,Director
766,16378,Director
4157,122441,Director
40581,11873,Director
84950,71280,Director
136864,15217,Director
136859,8965,Director
4158,57646,Director
84944,1704,Director
84952,131186,Director
40583,2945,Director
136912,233134,Director
4153,3288,Director
4153,3289,Director
773,1079380,Director
4159,71418,Director
40597,592702,Director
775,15389,Director
775,53767,Director
775,4415,Director
40478,123969,Director
136958,930624,Director
84954,1921,Director
4160,37626,Director
40614,29605,Director
85020,12786,Director
778,2034,Director
137337,55251,Director
85022,7395,Director
85022,7396,Director
4164,51864,Director
85025,17350,Director
40629,36588,Director
137218,67451,Director
137345,81220,Director
4166,88743,Director
40723,59998,Director
781,4956,Director
85056,40256,Director
780,6046,Director
4167,27846,Director
137517,30678,Director
137595,119665,Director
40819,366,Director
85131,66739,Director
40732,57581,Director
783,62047,Director
783,62048,Director
4168,62514,Director
40815,10723,Director
85213,2176,Director
137857,15277,Director
782,893,Director
4171,1006172,Director
4171,933381,Director
85179,81718,Director
4161,1704,Director
4174,8246,Director
85259,57314,Director
4175,1884,Director
784,7399,Director
785,7395,Director
785,7396,Director
40851,15277,Director
40826,10965,Director
85261,21879,Director
138036,956,Director
786,26713,Director
40617,41041,Director
40870,69371,Director
138186,1675373,Director
788,4499,Director
40946,22301,Director
85316,69003,Director
779,1214396,Director
137863,1083452,Director
4178,2000,Director
138204,1061773,Director
4181,93806,Director
790,592762,Director
4184,33064,Director
40955,17016,Director
138208,24,Director
795,3111,Director
85334,98136,Director
85295,13581,Director
138396,128745,Director
40962,1215,Director
40959,1524,Director
798,18878,Director
4187,16888,Director
40966,52894,Director
85342,52576,Director
85354,58324,Director
799,108,Director
138210,865,Director
4189,18738,Director
85367,17494,Director
138546,76095,Director
138546,55265,Director
800,102445,Director
41014,4955,Director
4190,3632,Director
138610,1401541,Director
138610,1401542,Director
4191,10076,Director
41285,1243,Director
85394,6818,Director
801,18320,Director
802,12962,Director
138632,67075,Director
4193,12964,Director
41527,357,Director
85399,61175,Director
138702,1364881,Director
803,56539,Director
4180,100616,Director
85401,15218,Director
41566,5524,Director
85397,19850,Director
2806,26458,Director
4195,20937,Director
85412,135113,Director
805,5572,Director
804,12833,Director
41569,108,Director
138798,66563,Director
138835,142228,Director
4194,37846,Director
4194,68424,Director
4197,13,Director
2807,18889,Director
41573,56789,Director
6849,7501,Director
139052,144519,Director
6837,30008,Director
806,77076,Director
41571,17633,Director
4198,67268,Director
138966,1456616,Director
2808,6046,Director
4200,16590,Director
6850,73496,Director
41617,22020,Director
809,40230,Director
2810,40333,Director
41627,76978,Director
4202,40391,Director
139157,150690,Director
2812,28741,Director
810,12988,Director
4203,18254,Director
6852,3632,Director
813,2357,Director
808,66076,Director
139415,1243,Director
41716,44740,Director
818,15042,Director
41724,51521,Director
2815,64508,Director
139511,67075,Director
4205,24318,Director
6856,4109,Director
4204,323,Director
823,28615,Director
2817,10179,Director
139640,57917,Director
41769,49555,Director
824,56201,Director
824,1870,Director
41828,11195,Director
6858,3556,Director
6857,56339,Director
2816,64508,Director
139642,20907,Director
6851,3110,Director
2818,64508,Director
4210,638,Director
4211,23393,Director
2819,2226,Director
139644,137427,Director
829,71110,Director
828,18308,Director
4212,6778,Director
139655,1347619,Director
139655,40509,Director
41712,70520,Director
6860,42319,Director
830,28904,Director
2820,1114891,Director
2820,11857,Director
6863,564,Director
41997,488,Director
139385,223,Director
6867,17867,Director
2822,1090,Director
42004,7426,Director
139747,16828,Director
6868,40508,Director
832,6159,Director
4215,18311,Director
41863,2176,Director
2824,102109,Director
2824,96439,Director
2813,44931,Director
833,7678,Director
4217,5281,Director
42007,3026,Director
2826,1090,Director
835,119310,Director
4214,67897,Director
6869,52576,Director
139855,1019303,Director
139855,202,Director
6870,190,Director
2827,29524,Director
6853,1905256,Director
139857,46680,Director
4218,15858,Director
42009,20739,Director
4219,69801,Director
6862,21712,Director
836,12989,Director
42002,60129,Director
42011,15002,Director
139859,16142,Director
139859,585687,Director
6872,23799,Director
42013,57328,Director
837,518,Director
4220,18392,Director
6873,1223,Director
2829,13,Director
4221,67411,Director
139915,56717,Director
139994,106345,Director
42015,5306,Director
6874,138,Director
839,65602,Director
139717,95324,Director
2828,28904,Director
42018,3224,Director
838,32983,Director
140016,1436122,Director
6879,5501,Director
840,92554,Director
2836,77076,Director
841,37302,Director
6880,29922,Director
42176,588925,Director
140038,67971,Director
140038,67972,Director
6881,3290,Director
2837,172993,Director
42191,7879,Director
140110,17698,Director
842,10953,Director
4225,42378,Director
2839,148455,Director
42285,27992,Director
4226,525,Director
4224,10765,Director
140133,31155,Director
6882,43652,Director
848,1232954,Director
4223,2352,Director
42422,74091,Director
140162,14597,Director
2841,508,Director
4229,7409,Director
849,11770,Director
851,7482,Director
6884,5572,Director
2835,22100,Director
140237,967767,Director
2840,11809,Director
2844,583,Director
6886,10702,Director
4228,58178,Director
140247,33192,Director
2846,85311,Director
42559,85309,Director
4232,2294,Director
42602,19003,Director
42602,19006,Director
4233,50942,Director
858,1776,Director
140265,74881,Director
4234,19665,Director
6887,53178,Director
2847,11435,Director
42418,30715,Director
861,44916,Director
140267,138781,Director
2848,40,Director
42632,10099,Director
4235,223,Director
42638,108497,Director
866,9340,Director
866,9339,Director
140289,1012,Director
6888,12987,Director
867,133259,Director
6889,61952,Director
6889,61949,Director
2852,13563,Director
4236,240363,Director
4236,1458224,Director
140301,1266490,Director
2856,12011,Director
869,9789,Director
42718,35453,Director
4237,6817,Director
6890,5216,Director
6883,74152,Director
140359,1213659,Director
42723,16847,Director
870,56828,Director
6893,39779,Director
2857,71253,Director
4238,7256,Director
6898,15488,Director
875,232119,Director
4239,34849,Director
140174,83281,Director
2858,39,Director
42728,8300,Director
2859,16294,Director
4240,64909,Director
876,44916,Director
6899,63937,Director
140523,11614,Director
2843,15254,Director
6902,1058,Director
140525,21807,Director
140541,41616,Director
42730,60496,Director
6909,31033,Director
6909,21905,Director
4241,65429,Director
2860,56911,Director
879,37710,Director
42732,39819,Director
880,13776,Director
2861,7623,Director
4242,78992,Director
42725,60149,Director
42734,61373,Director
4243,114925,Director
881,69741,Director
140627,931949,Director
42738,3950,Director
6911,97774,Director
882,508,Director
2862,58021,Director
6912,97017,Director
4231,3417,Director
2863,10586,Director
42740,13,Director
6918,12160,Director
885,13563,Director
42556,21869,Director
2865,3110,Director
2865,21404,Director
6885,10757,Director
4246,9158,Director
140711,1299380,Director
42761,129952,Director
886,15521,Director
2866,54590,Director
140715,37932,Director
6920,3831,Director
6927,6729,Director
140725,1293994,Director
42943,58220,Director
4248,13614,Director
4248,13615,Director
888,24346,Director
852,4037,Director
42946,18897,Director
2867,64796,Director
4251,37618,Director
6932,21807,Director
43289,17282,Director
140816,118415,Director
4252,120229,Director
889,28889,Director
6934,9339,Director
6934,9340,Director
2868,11777,Director
891,55116,Director
2870,69300,Director
43333,4760,Director
4247,66960,Director
4255,36423,Director
6935,110338,Director
6935,110337,Director
43376,21737,Director
140850,74060,Director
140852,545730,Director
2871,19665,Director
4256,39819,Director
43396,21370,Director
896,96627,Director
4254,18254,Director
4259,13496,Director
2874,13284,Director
2874,2004,Director
6939,16225,Director
43419,20307,Director
43419,20308,Director
140956,488,Director
2875,15148,Director
897,10790,Director
893,33054,Director
43460,172,Director
4260,1897165,Director
141004,2291,Director
43549,35155,Director
4262,1150,Director
898,14674,Director
2876,12881,Director
2876,40345,Director
892,98750,Director
141131,232858,Director
4263,1927,Director
899,13294,Director
899,13284,Director
43556,58189,Director
6944,56106,Director
2877,32327,Director
141400,99436,Director
2872,19665,Director
6945,230987,Director
6942,7018,Director
2878,100616,Director
43558,61175,Director
4265,16938,Director
141408,54248,Director
2879,18897,Director
6946,4600,Director
6936,15277,Director
901,13284,Director
900,13980,Director
902,1927,Director
140928,17883,Director
141422,93288,Director
43677,27676,Director
4267,21981,Director
903,2636,Director
6948,1110343,Director
4270,7775,Director
43679,57134,Director
2881,5696,Director
2882,18204,Director
141544,585933,Director
141544,585934,Director
141544,1397786,Director
6949,77523,Director
85414,81850,Director
43684,64140,Director
6938,1048445,Director
43708,201,Director
2883,8844,Director
6950,6159,Director
85438,87257,Director
141646,1086386,Director
43560,64045,Director
2884,73499,Director
43744,17510,Director
141668,78040,Director
6951,5133,Director
85510,15217,Director
141688,4723,Director
2885,36805,Director
43836,17825,Director
85565,78562,Director
6952,2406,Director
141749,70500,Director
6953,223,Director
43869,61290,Director
2886,150641,Director
6954,38516,Director
6947,2690,Director
43871,33315,Director
85774,55251,Director
2880,18897,Director
43904,12786,Director
2887,20951,Director
2889,6737,Director
43908,52856,Director
6958,18898,Director
141810,98835,Director
141718,1422673,Director
85788,2127,Director
2890,17883,Director
4268,36804,Director
85796,141673,Director
6959,7187,Director
43912,18311,Director
2891,942084,Director
6961,15389,Director
43914,585272,Director
141818,99280,Director
85881,17867,Director
2892,39104,Director
43917,664,Director
85736,7929,Director
85885,16435,Director
6962,550104,Director
141830,107669,Director
141820,107669,Director
2893,65317,Director
2888,79656,Director
43919,35734,Director
6963,34949,Director
2894,1154545,Director
6965,1489544,Director
6965,134328,Director
86014,33183,Director
43921,19000,Director
141836,1190421,Director
141513,1288704,Director
141513,1179822,Director
141799,1276823,Director
141799,1276825,Director
86000,55934,Director
141844,1190421,Director
6966,7623,Director
43928,13927,Director
6967,74697,Director
6967,8929,Director
6967,29504,Director
6967,70864,Director
141846,71797,Director
43930,18281,Director
2896,64114,Director
6969,59,Director
141890,87257,Director
6970,80570,Director
2899,143463,Director
43932,58514,Director
2898,14999,Director
86066,557984,Director
86068,54526,Director
6957,17447,Director
141866,74655,Director
43936,7187,Director
86059,49903,Director
86028,103150,Director
2901,58245,Director
141994,99388,Director
141928,1182819,Director
2902,29471,Director
142020,24380,Director
86142,17282,Director
2900,14999,Director
86190,36588,Director
44020,34920,Director
44020,87169,Director
44020,87170,Director
6971,42,Director
142056,1266051,Director
142056,35270,Director
44004,46076,Director
44022,5714,Director
44189,11057,Director
6975,6011,Director
6974,41550,Director
2897,4415,Director
142074,16847,Director
86279,224610,Director
2905,5026,Director
6978,564,Director
2906,2226,Director
2903,7301,Director
44191,11266,Director
6981,11572,Director
6982,9740,Director
142196,109106,Director
44197,39996,Director
6973,18500,Director
2908,2836,Director
2907,73499,Director
44195,52443,Director
142222,69371,Director
86295,5140,Director
6983,5834,Director
142366,11770,Director
6979,12840,Director
2912,1884,Director
44199,5281,Director
6984,82413,Director
86320,42,Director
142372,64141,Director
2915,57383,Director
86298,5714,Director
86293,141675,Director
44204,13079,Director
142420,137467,Director
2916,10491,Director
6985,11572,Director
44225,1223175,Director
86332,11181,Director
2917,8844,Director
6986,108106,Director
142422,56661,Director
44193,58375,Director
44238,50719,Director
142424,55439,Director
2918,11505,Director
6987,2991,Director
86286,549347,Director
86286,100888,Director
86286,132742,Director
86286,549346,Director
86286,930633,Director
44241,84981,Director
142444,190919,Director
142444,1038000,Director
2919,2690,Director
6989,10781,Director
86355,73035,Director
86290,134856,Director
86290,1135524,Director
142448,67813,Director
2921,190,Director
6990,4782,Director
44301,16767,Director
86377,106677,Director
2922,18635,Director
6992,28904,Director
44397,59291,Director
86345,52849,Director
142456,107490,Director
44399,53177,Director
2924,18899,Director
6993,1243,Director
142488,17867,Director
86504,233451,Director
86347,52849,Director
86347,1827779,Director
6994,12840,Director
142507,9181,Director
44511,113807,Director
2925,4956,Director
44243,84981,Director
2926,10367,Director
86548,10943,Director
142509,1169024,Director
6996,52968,Director
44555,8193,Director
86593,227452,Director
86593,67589,Director
2927,12238,Director
44597,82461,Director
6997,518,Director
142550,3317,Director
142536,47333,Director
6998,1213083,Director
44613,60024,Director
86644,58189,Director
142558,146484,Director
142558,146481,Director
44633,74295,Director
142598,111059,Director
7000,7145,Director
44657,10346,Director
2930,223825,Director
2930,201165,Director
86721,126125,Director
142602,1238965,Director
2931,15254,Director
86628,876,Director
7001,648,Director
44665,2291,Director
2929,6449,Director
86781,137427,Director
44694,309,Director
2932,30715,Director
142831,80387,Director
7004,8858,Director
86815,129952,Director
142961,56570,Director
2935,30249,Director
7005,12920,Director
44709,109640,Director
6999,7908,Director
86817,65734,Director
142997,185438,Director
2928,32767,Director
2936,30249,Director
44719,144808,Director
7007,893,Director
86833,116805,Director
2937,30249,Director
7008,4956,Director
44731,62768,Director
86835,116357,Director
143031,38692,Director
7009,20629,Director
86668,1119073,Director
44759,30365,Director
143245,57741,Director
86864,18598,Director
86880,17633,Director
44761,67367,Director
143001,62978,Director
143255,1429200,Director
7012,27444,Director
44773,67980,Director
2941,86051,Director
143257,77723,Director
7013,10921,Director
44777,64108,Director
86892,144590,Director
2940,32134,Director
86882,1243,Director
2943,27614,Director
7015,10965,Director
2942,7270,Director
2939,37360,Director
143355,6884,Director
44788,112588,Director
86898,30715,Director
2944,18392,Director
7016,33008,Director
143365,930710,Director
86911,57130,Director
44828,15218,Director
143367,1032,Director
2946,10586,Director
7010,2352,Director
44840,17494,Director
7017,40230,Director
86922,37627,Director
2947,9915,Director
44849,57557,Director
7018,6349,Director
143385,488,Director
86960,91614,Director
904,2636,Director
143410,84021,Director
2948,9855,Director
4273,4387,Director
44851,6273,Director
143458,240283,Director
905,2662,Director
7020,3047,Director
87192,155531,Director
44864,56539,Director
143472,2679,Director
4275,12804,Director
2950,8876,Director
7022,31074,Director
906,14674,Director
4276,13,Director
7019,42171,Director
44889,58375,Director
907,30165,Director
87194,2880,Director
143511,66150,Director
2951,4385,Director
44929,37259,Director
7023,1614,Director
4278,10139,Director
143525,58614,Director
87197,77301,Director
908,2636,Director
4280,9577,Director
2952,4762,Director
2949,9855,Director
44931,13899,Director
7024,5970,Director
87028,143079,Director
87222,142312,Director
909,3146,Director
2953,10965,Director
44937,45138,Director
44937,56209,Director
143559,1322031,Director
7025,33054,Director
4282,4415,Director
87232,957,Director
910,3146,Director
143859,1223,Director
143859,1224,Director
2956,578,Director
4284,43816,Director
7026,1895,Director
143896,78055,Director
911,13284,Director
4285,1201,Director
7027,8844,Director
44972,12987,Director
2959,7467,Director
87287,559824,Director
912,4109,Director
44943,68949,Director
44943,68950,Director
44943,68946,Director
143969,928146,Director
4289,4415,Director
2961,3026,Director
7028,1532,Director
7028,2357,Director
87298,133406,Director
144210,1324785,Director
44974,27571,Director
913,6593,Director
2962,18030,Director
7030,7187,Director
87234,98103,Director
4290,21958,Director
45028,9789,Director
914,14674,Director
144222,147531,Director
144222,147532,Director
2964,51918,Director
7031,52968,Director
915,3146,Director
45062,47640,Director
87306,15344,Director
2965,102797,Director
45074,60207,Director
87413,14606,Director
916,10001,Director
4293,1895,Director
87304,17439,Director
45081,8296,Director
7033,18378,Director
144478,144195,Director
917,80570,Director
4294,46307,Director
87430,10702,Director
2967,9054,Director
144522,45996,Director
87444,19656,Director
7034,11037,Director
45106,3289,Director
4291,4967,Director
2968,280,Director
4296,133259,Director
45175,29226,Director
7036,64877,Director
87483,54050,Director
144606,1461,Director
2969,16862,Director
4297,19684,Director
7037,309,Director
144262,90583,Director
144262,90585,Director
45183,57214,Director
87485,51851,Director
919,9049,Director
918,13980,Director
920,9049,Director
2970,6818,Director
4298,14227,Director
7038,77162,Director
87520,865,Director
2971,66777,Director
921,24318,Director
45186,15344,Director
4299,4723,Director
144714,104025,Director
7040,15175,Director
87522,31,Director
45208,5174,Director
922,3146,Director
144716,8246,Director
4300,15488,Director
2972,607,Director
144620,65630,Director
4292,18854,Director
7041,21792,Director
144734,229378,Director
45210,25598,Director
87529,64141,Director
923,40,Director
45221,53014,Director
7044,5602,Director
2973,1243,Director
87660,323,Director
4304,115891,Director
4304,115892,Director
7032,893,Director
144976,1018106,Director
2974,65420,Director
924,240,Director
4305,46085,Director
7045,14132,Director
45361,61921,Director
926,10601,Director
144352,142670,Director
2975,72024,Director
145080,228709,Director
87785,97026,Director
7046,20629,Director
4306,5524,Director
4306,12058,Director
87834,932291,Director
45382,53212,Director
145150,3047,Director
4307,230071,Director
2966,5602,Director
927,14674,Director
7047,12114,Director
2976,1032,Director
145283,67642,Director
87867,57370,Director
45431,52845,Director
45431,52870,Director
87869,71600,Director
145418,6737,Director
45440,17447,Director
929,2636,Director
7049,129552,Director
2978,66039,Director
4310,865,Director
87876,7879,Director
45442,5231,Director
145491,99362,Director
4312,147024,Director
930,2636,Director
7050,30165,Director
2979,21136,Director
928,2636,Director
2977,3131,Director
145724,8949,Director
87960,93814,Director
2982,15175,Director
4313,57206,Director
931,2636,Director
88069,231568,Director
45447,6159,Director
145745,1532987,Director
7051,33513,Director
2983,64508,Director
45499,11091,Director
932,30008,Director
7052,8500,Director
4316,110922,Director
45501,59026,Director
933,2636,Director
145839,1192754,Director
2984,86,Director
88094,1735895,Director
7053,108987,Director
45503,56349,Director
4317,14089,Director
4308,6201,Director
88108,56789,Director
2985,10491,Director
145935,71729,Director
7054,9054,Director
45517,7879,Director
145951,115987,Director
935,13980,Director
4322,102445,Director
2986,10930,Director
7055,18738,Director
7048,4489,Director
145994,99280,Director
936,2428,Director
45635,16378,Director
934,13980,Director
88129,21183,Director
2987,24,Director
4323,8500,Director
45648,52405,Director
7056,14643,Director
146024,143628,Director
88140,4945,Director
2988,16294,Director
937,3146,Director
4321,33485,Director
45658,285385,Director
4325,15189,Director
7057,49214,Director
7057,232629,Director
88163,56411,Director
88163,56412,Director
146028,240351,Director
88125,11343,Director
938,13980,Director
2989,10179,Director
4326,9168,Director
45662,12028,Director
88179,1176,Director
7058,4109,Director
2990,10179,Director
45666,53925,Director
88235,65594,Director
941,29595,Director
2991,9915,Director
4329,11435,Director
146210,107658,Director
942,834,Director
45668,21031,Director
88267,227439,Director
88267,16842,Director
146309,81718,Director
2992,74590,Director
4333,518,Director
45672,57370,Director
88272,51534,Director
146656,1056121,Director
7061,34740,Director
940,4109,Director
940,67426,Director
7062,13776,Director
2993,9855,Director
4334,143035,Director
943,10601,Director
45720,5065,Director
146662,587411,Director
88327,99436,Director
944,2662,Director
4337,1744,Director
2995,57898,Director
7063,6818,Director
45722,1704,Director
146682,19859,Director
146682,1424434,Director
4327,14520,Director
88345,12890,Director
88345,74142,Director
945,30165,Director
4338,37362,Director
7064,9730,Director
2996,5140,Director
45726,19271,Director
45726,19272,Director
146684,229962,Director
88356,1215,Director
946,2428,Director
2997,5953,Director
7059,84034,Director
4339,19457,Director
7065,100036,Director
45728,19303,Director
88405,82511,Director
3000,608,Director
45730,11614,Director
88448,587928,Director
146730,1352267,Director
7067,4415,Director
4340,65734,Director
3002,6818,Director
948,18738,Director
4342,56789,Director
7069,3556,Director
45732,8858,Director
146688,1032011,Director
146244,35770,Director
88515,119406,Director
3003,20430,Director
949,2746,Director
146986,20718,Director
88593,75915,Director
4343,8858,Director
147002,15189,Director
147002,1884,Director
147002,12453,Director
45880,1769,Director
4344,58498,Director
7070,11435,Director
950,32427,Director
7071,11147,Director
45928,74589,Director
947,74659,Director
147142,84426,Director
147142,84425,Director
88672,130816,Director
45950,19012,Director
951,11435,Director
7072,8500,Director
3005,13015,Director
7060,13563,Director
88697,12438,Director
88697,1166376,Director
88697,142603,Director
88697,16294,Director
88697,34849,Director
88697,39104,Director
88697,157879,Director
88697,4869,Director
88697,1382436,Director
88697,1032175,Director
3004,20779,Director
4347,135678,Director
7073,1927,Director
3006,638,Director
952,20412,Director
3007,31654,Director
46062,65310,Director
4349,5342,Director
953,2662,Director
7074,8841,Director
7074,8635,Director
3008,20173,Director
954,2662,Director
4350,109253,Director
4350,108,Director
147282,115122,Director
88744,77357,Director
46105,71660,Director
147286,240351,Director
88746,145130,Director
3010,56209,Director
3010,45138,Director
7075,50577,Director
7075,50567,Director
955,11435,Director
4345,10431,Director
4345,10697,Director
7076,12804,Director
4351,14392,Director
46231,9021,Director
147300,240351,Director
88785,42994,Director
3011,2226,Director
4353,16544,Director
7078,10001,Director
959,31497,Director
147326,240351,Director
88810,55789,Director
3013,27992,Director
46322,17268,Director
7079,49214,Director
147196,236819,Director
88812,91268,Director
956,18738,Director
961,31497,Director
4355,67632,Director
45969,122583,Director
46337,49903,Director
4354,42171,Director
963,33064,Director
3015,4782,Director
88911,37633,Director
4356,11435,Director
46335,58189,Director
147372,236376,Director
88932,93214,Director
965,2636,Director
7082,67451,Director
3016,14999,Director
4357,19606,Director
88954,222470,Director
7083,72709,Director
3017,15056,Director
4359,3146,Director
147374,1174090,Director
968,14999,Director
7084,18378,Director
147376,1230430,Director
969,6593,Director
3018,27991,Director
7080,21305,Director
4361,2226,Director
7085,13563,Director
89028,135601,Director
89030,50767,Director
3014,109095,Director
147378,95893,Director
88699,97555,Director
89039,45459,Director
147380,1216399,Director
3020,5572,Director
7087,12238,Director
4367,12786,Director
147382,95893,Director
973,2662,Director
3019,5216,Director
7088,232669,Director
89072,87082,Director
976,14855,Director
4368,52112,Director
147384,1216417,Director
4369,18878,Director
89085,18844,Director
3022,10517,Director
3022,8635,Director
7089,4415,Director
147410,15602,Director
4370,488,Director
7090,607,Director
3024,4600,Director
89047,131521,Director
4371,6482,Director
3028,24657,Director
970,6593,Director
7091,82389,Director
147662,99436,Director
981,16730,Director
89090,213611,Director
89087,75035,Director
147657,99436,Director
4366,62047,Director
4366,62048,Director
979,72467,Director
4372,57082,Director
147936,137349,Director
7092,84034,Director
3021,10051,Director
4373,52849,Director
3030,5026,Director
89118,309,Director
7093,3146,Director
148166,1041420,Director
89190,29922,Director
7086,11493,Director
7086,32919,Director
3031,69667,Director
982,86051,Director
986,68212,Director
4374,64743,Director
984,76462,Director
3029,58040,Director
987,549024,Director
3032,68682,Director
4378,66728,Director
7099,608,Director
89281,123695,Director
4380,1071,Director
7101,30365,Director
148238,1769,Director
3033,14639,Director
988,3110,Director
971,3632,Director
7096,105764,Director
89305,1218992,Director
3034,57314,Director
990,26767,Director
4381,38507,Director
7102,7190,Director
89343,19303,Director
3035,8500,Director
3035,9054,Director
148482,20204,Director
991,17016,Director
4383,2406,Director
7103,19305,Director
148424,5281,Director
89386,11649,Director
993,4756,Director
148592,104561,Director
7104,488,Director
3036,2352,Director
148172,111588,Director
148626,55710,Director
89208,144519,Director
89388,32983,Director
4386,64191,Director
7107,4967,Director
148632,1001384,Director
7108,58036,Director
4387,21931,Director
3038,2746,Director
3039,4610,Director
89470,1884,Director
148652,57370,Director
4388,35689,Director
998,37932,Director
3037,6448,Director
7114,10001,Director
148667,1475576,Director
89427,4755,Director
999,27846,Director
994,2283,Director
994,55152,Director
7109,15189,Director
3040,8858,Director
148671,2127,Director
89580,3064,Director
1003,10781,Director
4384,40312,Director
7115,4955,Director
4389,135534,Director
89492,5345,Director
7116,2559,Director
4390,30716,Director
4390,1137890,Director
3041,92851,Director
89582,67075,Director
4392,1243,Director
3042,105294,Director
1004,35155,Director
89586,1447210,Director
89586,104644,Director
3043,69667,Director
4393,1243,Director
1005,27146,Director
148709,34510,Director
1006,15890,Director
7117,70558,Director
148775,107658,Director
3044,11181,Director
996,1723,Director
1007,83413,Director
89745,12891,Director
1008,87459,Director
4395,32375,Director
3045,11181,Director
148888,7399,Director
89753,74396,Director
4396,67767,Director
89759,229931,Director
3046,86035,Director
7122,34613,Director
89678,120930,Director
148956,63820,Director
148881,109314,Director
7118,931555,Director
1009,19032,Director
3048,54590,Director
4397,67767,Director
7123,224,Director
148978,233653,Director
89761,224,Director
3051,39819,Director
4399,793,Director
148982,44725,Director
7121,14674,Director
7124,88149,Director
4394,95526,Director
4402,82800,Director
1010,5834,Director
3052,19303,Director
1012,5834,Director
89774,77003,Director
7125,88750,Director
149011,1336328,Director
4403,102429,Director
3053,59,Director
89804,1461,Director
1011,5834,Director
149144,43652,Director
4404,9076,Director
3054,65429,Director
149146,43652,Director
1014,29715,Director
3055,56205,Director
89862,228274,Director
7132,10790,Director
7127,76193,Director
4406,8500,Director
3056,44740,Director
149330,68738,Director
7134,42,Director
1015,6592,Director
4407,1152,Director
1016,30099,Director
3057,29378,Director
149334,120615,Director
7137,19000,Director
89898,666884,Director
149350,1522124,Director
7139,53334,Director
89840,141688,Director
4408,1243,Director
1017,35318,Director
4409,1243,Director
89864,56661,Director
3060,9168,Director
7131,76981,Director
89904,67717,Director
149352,74619,Director
1018,5834,Director
89837,137467,Director
7141,550044,Director
4410,16294,Director
149354,168667,Director
1019,2087,Director
3061,30165,Director
3062,35318,Director
3062,9894,Director
3062,57142,Director
1013,29715,Director
3063,102634,Director
149380,110468,Director
4419,46712,Director
89939,239378,Director
90057,71872,Director
149406,142312,Director
149406,1262481,Director
3064,21404,Director
1021,56506,Director
4420,10601,Director
4412,101424,Director
149508,548068,Director
90243,125085,Director
7147,510,Director
1022,64864,Director
1022,11434,Director
1022,11429,Director
3066,2087,Director
3066,31074,Director
3066,68412,Director
149566,1029825,Director
90245,96801,Director
4422,6648,Director
3067,309,Director
1023,57314,Director
7150,7395,Director
7150,7396,Director
149590,966400,Director
90249,17825,Director
4424,12329,Director
1024,226599,Director
1024,11427,Director
1024,64864,Director
1024,74565,Director
1024,103344,Director
7149,17698,Director
7142,62116,Director
4426,18392,Director
7143,9181,Director
7151,16785,Director
4427,12009,Director
149612,228311,Director
1025,57314,Director
3070,18179,Director
7153,108,Director
90345,1692687,Director
1027,8300,Director
4428,6593,Director
90353,54614,Director
89945,90508,Director
3068,39996,Director
3071,4111876,Director
7155,24248,Director
90357,14887,Director
4429,6593,Director
150254,136345,Director
1029,11426,Director
1029,11427,Director
1029,5691,Director
1029,11434,Director
1029,74565,Director
1029,226599,Director
1020,12962,Director
3073,13980,Director
7156,18533,Director
90374,527607,Director
150401,78108,Director
4432,14566,Director
149902,12180,Director
90343,53267,Director
3074,2226,Director
7158,78118,Director
4433,46712,Director
1030,25558,Director
4434,95456,Director
7154,10723,Director
90376,83287,Director
3075,3556,Director
1031,5834,Director
7160,6884,Director
90384,61848,Director
150554,59026,Director
149830,58552,Director
3076,3146,Director
4436,1150,Director
7161,17825,Director
4437,4955,Director
7162,2239,Director
3077,10781,Director
1033,67604,Director
1033,67607,Director
1033,107274,Director
1032,64864,Director
1032,11434,Director
1032,11429,Director
7163,11401,Director
3078,8246,Director
1034,55117,Director
90428,30711,Director
150696,19119,Director
150696,1548355,Director
150596,152111,Director
46347,84110,Director
46347,84111,Director
46347,1172541,Director
90430,3556,Director
1035,1744,Director
7164,3045,Director
4439,15868,Director
3072,13563,Director
7165,9789,Director
4440,70334,Director
46367,2357,Director
1036,1090,Director
90439,556172,Director
90403,4014,Director
7167,552208,Director
4441,57727,Director
46530,9032,Director
1037,57090,Director
90469,142276,Director
90469,142272,Director
1040,12952,Director
90471,177306,Director
90471,176557,Director
7169,80307,Director
46559,182,Director
46559,172,Director
1028,5834,Director
1041,65452,Director
4442,77300,Director
4443,37710,Director
150604,1325366,Director
7171,92561,Director
7171,116791,Director
46572,27991,Director
90522,56710,Director
1042,31,Director
7173,17871,Director
4445,57090,Director
46578,16960,Director
46578,16959,Director
1046,67570,Director
4446,21692,Director
90405,8685,Director
90531,72757,Director
7175,66823,Director
46723,223,Director
4447,36797,Director
1047,16938,Director
7177,77273,Director
7178,25630,Director
1049,2042,Director
46772,40250,Director
90600,77965,Director
4444,19429,Director
4448,7908,Director
46574,87191,Director
90576,57199,Director
4449,1046585,Director
1050,1158,Director
46850,116330,Director
7179,67781,Director
90603,90367,Director
90603,74863,Director
4450,51917,Director
7181,4081,Director
90630,101045,Director
4438,70334,Director
46855,3831,Director
1043,59649,Director
1053,9200,Director
4451,81256,Director
7184,2226,Director
46862,4415,Director
90524,6482,Director
1051,884,Director
7190,67451,Director
90717,11091,Director
1054,5281,Director
4452,15277,Director
1055,16566,Director
46865,35689,Director
7191,55299,Director
46948,57193,Director
1056,172,Director
7192,16590,Director
4454,57741,Director
46965,4755,Director
7176,120229,Director
4458,75589,Director
46967,1243,Director
90746,488,Director
4453,92935,Director
4453,52159,Director
1057,1243,Director
7193,16938,Director
7202,27992,Director
4459,75589,Director
1059,6201,Director
90769,1122434,Director
46970,55710,Director
90528,56194,Director
1060,11694,Director
7205,8328,Director
4462,28169,Director
90809,68813,Director
1061,8246,Director
46972,17825,Director
7206,5763,Director
1064,56852,Director
4463,70570,Director
90719,190,Director
46974,1152,Director
4464,8844,Director
7208,9049,Director
46976,12995,Director
46664,15378,Director
90888,56512,Director
4465,42171,Director
7209,5763,Director
7211,10601,Director
90866,1032,Director
4466,12989,Director
47044,638,Director
47099,20646,Director
1073,3451,Director
7212,11435,Director
4467,280,Director
47122,31024,Director
90738,7865,Director
90943,6818,Director
1076,25630,Director
7215,11435,Director
4470,16767,Director
47124,60237,Director
4471,69946,Director
7216,8823,Director
91077,13235,Director
1077,1243,Director
47200,20192,Director
47200,20193,Director
1066,30165,Director
7217,76981,Director
47202,90,Director
1078,1243,Director
4473,67632,Director
90890,17494,Director
1079,8929,Director
4474,1201,Director
7218,14643,Director
1068,64114,Director
47254,42712,Director
91079,132964,Director
1080,10707,Director
91094,26205,Director
7219,8823,Director
91104,15557,Director
7222,121402,Director
4475,8300,Director
4476,12936,Director
91126,488,Director
4477,8876,Director
1082,12964,Director
47382,29214,Director
7223,11593,Director
47261,59210,Director
91128,8966,Director
4478,5342,Director
91233,2216,Director
4480,26713,Director
1084,6448,Director
7228,16384,Director
91261,30397,Director
4482,14838,Director
1085,14520,Director
47446,81118,Director
91266,66039,Director
7234,4415,Director
47423,53068,Director
1083,1927,Director
1086,2636,Director
4483,83198,Director
7235,17282,Director
47465,280,Director
91273,145612,Director
4484,95901,Director
47491,1012,Director
7236,8262,Director
91323,64141,Director
1081,1927,Director
1089,138,Director
4487,21370,Director
47516,63713,Director
7238,2801,Director
91325,468,Director
1088,716,Director
47384,18357,Director
1090,1152,Director
4488,2778,Director
7243,100036,Director
91337,1173588,Director
47518,3227,Director
47538,56033,Director
7245,101225,Director
4490,12964,Director
7247,70308,Director
91353,22164,Director
7225,42081,Director
7225,42082,Director
4492,18356,Director
1091,16544,Director
47610,17329,Director
91386,20629,Director
1093,1152,Director
7248,565524,Director
7251,54971,Director
1094,17016,Director
4495,97646,Director
91414,208113,Director
47629,3224,Director
4489,4610,Director
1092,10491,Director
1095,15890,Director
47640,52049,Director
4496,58164,Director
4496,58165,Director
7254,20218,Director
7254,20219,Director
1096,6349,Director
47566,1744,Director
47404,93107,Director
4497,898,Director
91470,1059118,Director
47644,21673,Director
7255,36797,Director
91483,1723,Director
1097,488,Director
4498,66226,Director
7256,17350,Director
91485,12786,Director
7257,58294,Director
4499,7908,Director
1099,78053,Director
91488,122965,Director
1100,893,Director
4500,30309,Director
47725,59,Director
7258,53177,Director
47646,75646,Director
1101,893,Director
7259,127936,Director
91355,58268,Director
91355,58269,Director
47774,225140,Director
7260,69737,Director
4505,16513,Director
1103,2765,Director
91535,19242,Director
4504,57132,Director
1104,2746,Director
47721,78185,Director
7261,70777,Director
47793,45405,Director
91542,956,Director
91500,23964,Director
1105,56746,Director
47810,58689,Director
4506,3556,Director
7262,86203,Director
91571,5469,Director
7263,77003,Director
4508,10781,Director
91622,52443,Director
1111,57226,Director
1111,57227,Director
47894,15488,Director
47736,141065,Director
7264,25854,Director
4502,83961,Director
1112,47005,Director
91529,525,Director
47937,41041,Director
91628,1201,Director
4509,26502,Director
1114,39104,Director
4511,17016,Director
47950,16834,Director
1116,229263,Director
4516,23914,Director
91630,7087,Director
150993,114464,Director
47952,16938,Director
4517,583023,Director
151311,66605,Director
1117,107490,Director
4518,32327,Director
47978,96222,Director
151317,41670,Director
1119,1086972,Director
91660,10855,Director
1120,3974,Director
91666,117147,Director
47997,17403,Director
4519,40345,Director
151455,974,Director
91653,11649,Director
91658,7467,Director
47999,19006,Director
47999,19003,Director
4520,17309,Director
91671,64151,Director
1121,53345,Director
48001,1188,Director
4521,24318,Director
1123,621628,Director
1123,89814,Director
91688,46802,Director
151501,1443611,Director
4522,129692,Director
48032,4818,Director
91690,119368,Director
151557,6046,Director
151479,44789,Director
47970,3417,Director
1125,1927,Director
91784,19656,Director
4523,4135,Director
4524,47773,Director
1126,16672,Director
48045,44554,Director
151315,20400,Director
91842,67813,Director
48082,201,Director
1124,21958,Director
151687,8300,Director
91860,1087383,Director
1128,11770,Director
91869,254741,Director
48142,1150,Director
4527,6385,Director
151695,1291971,Director
48150,51534,Director
1129,11770,Director
4529,32632,Director
151739,6733,Director
91873,18342,Director
48043,6431,Director
1130,4600,Director
91890,71068,Director
4531,1723,Director
48161,18500,Director
151745,30821,Director
1131,20718,Director
4533,5045,Director
48214,2303,Director
91935,225893,Director
151759,953684,Director
151759,1459009,Director
151759,1310644,Director
151559,57851,Director
1132,20718,Director
4534,76193,Director
48262,18524,Director
91947,588219,Director
1135,34611,Director
48304,2461,Director
1136,10707,Director
1136,280,Director
151769,288215,Director
4537,39996,Director
91976,40223,Director
151777,50767,Director
91974,80924,Director
91974,80923,Director
1137,1115333,Director
1137,1388631,Director
91978,72344,Director
4535,1174031,Director
4544,19142,Director
48326,2260,Director
91981,20640,Director
152037,1485823,Director
152037,1384516,Director
151653,1400889,Director
48342,78481,Director
92008,1884,Director
4545,12840,Director
1144,1080611,Director
1140,109635,Director
48385,6767,Director
92046,801,Director
4546,18335,Director
152065,122785,Director
4526,24318,Director
48319,57138,Director
1147,65608,Director
48394,10828,Director
4552,58608,Director
92048,562918,Director
1148,7314,Director
152071,2042,Director
4541,5140,Director
1150,38494,Director
1127,2710,Director
152063,21085,Director
152077,568322,Director
4553,11770,Director
48414,15812,Director
48414,7881,Director
1151,83784,Director
4557,1776,Director
1156,12329,Director
152079,132239,Director
92192,77123,Director
4558,8858,Director
48322,56578,Director
92094,80660,Director
48412,12989,Director
1161,10249,Director
48516,1032,Director
152083,56411,Director
152083,56412,Director
4563,61797,Director
152081,76595,Director
152081,165787,Director
1162,21377,Director
48518,66739,Director
152085,1003190,Director
92234,1216147,Director
92243,607,Director
1163,933201,Director
4564,488,Director
48520,47364,Director
92259,84425,Director
92259,84426,Director
151781,16137,Director
4565,72543,Director
92264,114597,Director
48560,52779,Director
1167,1201,Director
152091,18865,Director
92198,21370,Director
152105,84036,Director
48593,8246,Director
1170,82442,Director
152173,4610,Director
92309,101542,Director
1171,504,Director
4571,18356,Director
92348,228279,Director
152270,1438838,Director
48596,56453,Director
48416,57130,Director
4572,578,Director
48598,32983,Director
1173,30309,Director
1172,65314,Director
4573,4037,Director
92391,1375066,Director
92391,1310518,Director
48649,1346674,Director
48649,1186990,Director
4574,13015,Director
92422,63306,Director
92427,5844,Director
48678,62797,Director
152658,40243,Director
4577,1150,Director
1176,1126,Director
1177,10723,Director
152711,970793,Director
48696,5010,Director
92439,119417,Director
4578,716,Director
4562,68381,Director
48638,4415,Director
48698,74060,Director
1178,240,Director
4580,63937,Director
152970,55934,Director
48738,17350,Director
92420,934803,Director
153070,5602,Director
4581,70738,Director
92494,91295,Director
1179,3224,Director
1180,36804,Director
152372,66681,Director
152372,141962,Director
152372,1039527,Director
152372,142398,Director
152372,1061517,Director
152372,1039528,Director
152372,1039529,Director
48741,116804,Director
48741,116803,Director
153236,1153588,Director
153236,70127,Director
153236,107855,Director
153236,56342,Director
153236,93107,Director
153236,76408,Director
153236,110676,Director
92507,125738,Director
48744,17114,Director
92509,566328,Director
1183,2239,Director
4584,54971,Director
1175,2419,Director
1175,13680,Director
1184,55916,Director
92535,52849,Director
48774,11218,Director
48780,525,Director
153408,80508,Director
4587,22669,Director
154065,56710,Director
152591,63571,Director
4583,21155,Director
1186,1884,Director
154358,1540872,Director
154358,1540871,Director
48783,190,Director
48872,47786,Director
92643,81437,Director
4589,89373,Director
4591,10707,Director
1187,102445,Director
92665,930629,Director
154975,1295604,Director
1185,53334,Director
92637,96801,Director
92674,104025,Director
1188,6201,Director
48877,2675,Director
48879,13015,Director
155064,21183,Director
4593,39996,Director
4594,8328,Director
1189,18533,Director
92681,132876,Director
4585,34611,Director
155168,57763,Director
155168,54536,Director
155168,52392,Director
155168,1167389,Director
155168,28596,Director
1190,309,Director
4595,8965,Director
92694,3055,Director
48883,87216,Director
155288,13079,Director
1191,50949,Director
4597,13488,Director
92730,141978,Director
4599,15206,Director
48982,33183,Director
48982,58897,Director
48997,1071,Director
92760,117702,Director
153386,137015,Director
1193,3974,Director
155509,79279,Director
155358,216366,Director
4602,776,Director
1194,69500,Director
92954,52968,Director
49110,17309,Director
155659,3224,Director
4603,5696,Director
49130,578,Director
155743,64045,Director
1196,10930,Director
4600,68381,Director
1192,107831,Director
7265,4956,Director
4605,8966,Director
49132,22020,Director
49132,7046,Director
155774,1135710,Director
1197,3026,Director
1198,488,Director
7266,88837,Director
4608,12804,Director
49220,13524,Director
155812,239075,Director
1199,280,Director
4610,19969,Director
155820,136153,Director
7282,117350,Director
1200,2710,Director
155892,203285,Director
4612,38516,Director
49265,30365,Director
1201,4385,Director
155589,150940,Director
7292,686,Director
92938,20192,Director
92938,20193,Director
49272,10702,Director
49013,15045,Director
156025,8027,Director
7293,13426,Director
156371,564,Director
1203,39996,Director
4614,22012,Director
4614,64681,Director
156387,45117,Director
49276,59410,Director
7294,18281,Director
7285,19850,Director
1204,12238,Director
4615,15868,Director
7297,56377,Director
156553,1265055,Director
49278,893,Director
4616,16513,Director
7299,5005,Director
1206,240,Director
4611,1723,Director
49280,2880,Director
4617,23677,Director
7301,10346,Director
156605,4429,Director
49284,11887,Director
1207,8482,Director
156607,1454884,Director
1208,1776,Director
4619,1680227,Director
49286,17698,Director
156609,52934,Director
4621,57434,Director
1209,4385,Director
49314,19769,Director
7303,18738,Director
156675,12011,Director
4613,64877,Director
4622,97646,Director
49347,564,Director
4623,12920,Director
7305,19450,Director
156706,1456241,Director
156706,3879718,Director
1211,2303,Director
49389,44866,Director
1202,8966,Director
156726,551463,Director
1212,15378,Director
4624,108,Director
49396,22301,Director
7306,76864,Director
156781,1220517,Director
4625,20412,Director
7307,10491,Director
49524,19850,Director
1213,1032,Director
1210,19800,Director
156783,66124,Director
7302,8823,Director
7308,18669,Director
49274,20629,Director
1214,578,Director
49530,9181,Director
4626,84906,Director
1215,7623,Director
157108,35408,Director
157108,18400,Director
4628,1032,Director
4628,1776,Director
4628,1243,Director
7310,17784,Director
49647,17046,Director
157110,18415,Director
157110,18400,Director
7304,94037,Director
1216,59,Director
49263,77523,Director
4629,17784,Director
7311,10790,Director
7312,83413,Director
1217,5026,Director
1218,11401,Director
4632,12989,Director
7315,17764,Director
49666,67795,Director
157122,1496011,Director
1219,2636,Director
49688,20412,Director
49649,25453,Director
4635,66226,Director
49735,40440,Director
1220,4610,Director
7317,57405,Director
7317,57407,Director
7317,57406,Director
157270,72024,Director
1221,1776,Director
4636,898,Director
7318,2461,Director
49772,96166,Director
157296,7,Director
7319,52049,Director
49793,36425,Director
4630,8573,Director
4638,4945,Director
1223,7314,Director
7320,43468,Director
1222,240,Director
157312,170820,Director
157340,1281387,Director
157340,52701,Director
49822,380,Director
4639,18311,Director
157200,1038,Director
157172,52140,Director
49651,16483,Director
49824,15557,Director
157369,1039349,Director
1224,11181,Director
1225,3974,Director
1226,8500,Director
4641,17447,Director
7323,4780,Director
4642,17114,Director
49910,2163,Director
7324,4945,Director
157407,26713,Director
157130,107753,Director
7321,648,Director
1227,4385,Director
157432,1436974,Director
7325,57130,Director
4643,510,Director
157699,1152,Director
7326,2291,Director
49957,55476,Director
157775,148098,Director
4640,3317,Director
4644,7554,Director
1228,1032,Director
7327,6648,Director
1230,1243,Director
4645,26882,Director
49961,36693,Director
7328,6648,Director
50003,35452,Director
4634,6448,Director
4646,1121281,Director
158022,1612310,Director
7333,2559,Director
4649,22214,Director
1232,8452,Director
157865,19499,Director
50005,607,Director
49932,5602,Director
158027,3192063,Director
7316,58628,Director
7335,26959,Director
1233,5231,Director
1231,648,Director
50064,1884,Director
4653,10586,Director
158035,1281397,Director
4654,63943,Director
7340,91727,Director
50068,190,Director
158238,1108,Director
7336,15127,Director
1235,4964,Director
1234,9577,Director
7344,201393,Director
1236,91343,Director
158254,27005,Director
158388,28236,Director
4658,55119,Director
50160,58137,Director
158398,45791,Director
1237,6648,Director
1238,68687,Director
4661,23213,Director
158402,93550,Director
7345,36083,Director
7346,65734,Director
50189,54597,Director
4662,133259,Director
4663,67411,Director
7347,508,Director
50274,7017,Director
1240,2710,Director
1241,108,Director
7348,1255,Director
158528,59521,Director
7349,563341,Director
50147,58403,Director
4666,1927,Director
50158,31119,Director
50354,39058,Director
158721,70109,Director
50356,39058,Director
4670,52629,Director
1242,9181,Director
158783,10099,Director
1243,372,Director
7352,1176,Director
50440,35971,Director
4671,10757,Director
4672,141450,Director
7354,9200,Director
158813,26205,Director
4660,101377,Director
1245,1223,Director
158830,488,Director
4673,58728,Director
1246,2690,Director
4675,38507,Director
4676,67897,Director
158874,138416,Director
50601,36697,Director
158842,150347,Director
1244,1243,Director
50445,54827,Director
50514,1011,Director
50442,11151,Director
7360,15217,Director
158872,142587,Director
158872,12080,Director
7361,201,Director
1247,5342,Director
1248,40,Director
7362,40256,Director
4677,1724,Director
50610,111745,Director
158956,1583529,Director
4678,71042,Director
50613,78545,Director
1250,12238,Director
7364,77269,Director
7367,1223,Director
7367,1224,Director
7366,19303,Director
158882,1224778,Director
158966,11154,Director
50658,10781,Director
1249,59,Director
4681,518,Director
4679,11505,Director
50685,66496,Director
158972,40476,Director
7368,15521,Director
7357,19457,Director
4683,1213162,Director
50740,144778,Director
159061,75915,Director
159069,1830995,Director
159069,2311693,Director
50792,6340,Director
1251,4415,Director
7369,1215,Director
7372,57030,Director
93022,126501,Director
93114,3776,Director
93114,5970,Director
93114,129620,Director
93114,4410,Director
50796,62872,Director
159077,71551,Director
7371,42,Director
7373,10828,Director
50798,35694,Director
50798,35734,Director
50794,40223,Director
159093,54507,Director
159161,84074,Director
1252,3556,Director
50800,31033,Director
50800,21905,Director
7375,63713,Director
93134,74118,Director
50802,7145,Director
159193,1243,Director
7377,74683,Director
7376,34453,Director
93139,97901,Director
159403,58159,Director
159403,56339,Director
159403,185,Director
159415,1383612,Director
159415,1317730,Director
7379,54040,Director
50806,53177,Director
7380,62514,Director
93208,71792,Director
159441,32593,Director
93242,111094,Director
159510,31775,Director
7381,26502,Director
50851,141475,Director
50842,42,Director
93270,1299380,Director
159717,1215621,Director
159690,1101410,Director
7386,8636,Director
50804,16785,Director
50912,21768,Director
50912,1071,Director
50912,6220,Director
50912,2163,Director
50912,90,Director
50912,21681,Director
50912,21126,Director
50912,11218,Director
50912,16927,Director
50912,8574,Director
50912,1357,Director
50912,5140,Director
50912,21771,Director
50912,5877,Director
50912,21683,Director
50912,5216,Director
50912,21678,Director
50912,13235,Director
50912,1223,Director
50912,1224,Director
50912,21769,Director
50872,7087,Director
93287,5065,Director
159755,62863,Director
159755,62854,Director
7387,14999,Director
50923,41887,Director
159779,1220300,Director
7390,17862,Director
93320,60962,Director
93297,90429,Director
93297,293911,Director
159811,110115,Director
93193,143059,Director
50954,42274,Director
50942,55710,Director
7394,35318,Director
93326,36425,Director
7395,80570,Director
50999,73094,Director
50999,73098,Director
93363,7,Director
159849,115128,Director
159849,1057655,Director
7396,6648,Director
7411,16157,Director
7414,769,Director
159976,550045,Director
159976,550046,Director
159858,2127,Director
93443,71280,Director
93502,21808,Director
51037,59651,Director
51077,16837,Director
7382,55916,Director
7419,1032,Director
93510,107446,Director
93510,155267,Director
160080,116805,Director
51080,21807,Director
51082,80602,Director
7438,138,Director
93563,936154,Director
93563,1311595,Director
160289,140617,Director
51084,18323,Director
160341,1065706,Director
7439,876,Director
93598,549310,Director
7440,2241725,Director
7440,2241724,Director
51086,5572,Director
7443,54469,Director
93610,43652,Director
93721,928915,Director
51088,59413,Director
160400,1187130,Director
93272,124748,Director
160271,57633,Director
51091,53267,Director
160422,245248,Director
7444,17046,Director
93512,45407,Director
93512,45405,Director
51167,142857,Director
93723,78188,Director
93740,5306,Director
160440,185995,Director
7448,8246,Director
7445,893,Director
160438,25598,Director
51174,37852,Director
160527,31074,Director
7449,6361,Director
93790,814,Director
51255,11090,Director
93766,66739,Director
7450,1230252,Director
160563,11343,Director
93805,66212,Director
51357,18246,Director
93819,551463,Director
93831,68843,Director
93831,68844,Director
160567,1061773,Director
51412,7256,Director
7455,42952,Director
7457,74063,Director
51498,1075852,Director
93838,142013,Director
51314,20587,Director
51471,10781,Director
93855,95024,Director
166534,11614,Director
166528,129894,Director
166492,60922,Director
166492,60923,Director
51540,7467,Director
7458,5231,Director
160565,53120,Director
7459,40542,Director
166558,402272,Director
93840,47506,Director
51562,15959,Director
7460,4429,Director
166568,18844,Director
7451,54050,Director
93980,7395,Director
93980,7396,Director
7477,33254,Director
166635,77965,Director
93982,11266,Director
51573,96813,Director
51573,96814,Director
51545,21183,Director
166643,1141683,Director
7479,552028,Director
51575,68573,Director
7482,57727,Director
7481,5231,Director
166946,54040,Director
166705,5292,Director
94011,41621,Director
51662,15217,Director
94015,56512,Director
7454,7775,Director
167018,17871,Director
51694,56717,Director
94070,18844,Director
167036,52842,Director
94018,36602,Director
7487,648,Director
7492,14999,Director
51698,13663,Director
167296,1496,Director
51709,21684,Director
94130,89411,Director
7493,8501,Director
167064,40312,Director
94122,57492,Director
94150,264113,Director
51834,29226,Director
7541,24949,Director
51666,66795,Director
167370,549310,Director
94160,108952,Director
94160,930222,Director
94160,930221,Director
94160,56851,Director
94160,83762,Director
94160,1222157,Director
94160,2534353,Director
7560,39996,Director
167538,103067,Director
7561,57851,Director
51884,6495,Director
94262,33954,Director
7486,12453,Director
94266,52934,Director
51705,51116,Director
51903,2632,Director
7562,56401,Director
7564,76978,Director
94325,33433,Director
94323,20400,Director
51927,2127,Director
51925,61087,Director
167706,167145,Director
51931,24173,Director
167380,5306,Director
167732,1724,Director
94405,52358,Director
7569,10076,Director
7570,10179,Director
51933,1037963,Director
167746,144816,Director
167772,34518,Director
167772,34517,Director
94478,510,Director
94494,937024,Director
7572,5342,Director
51935,20907,Director
51937,58260,Director
7573,10930,Director
1253,1744,Director
167790,1683527,Director
4686,55273,Director
94503,123798,Director
167634,169448,Director
51939,19499,Director
1254,6593,Director
94661,76447,Director
167854,65133,Director
168026,57027,Director
52042,10491,Director
4687,19304,Director
94677,6767,Director
1255,108,Director
7579,93906,Director
7566,10781,Director
94735,1180218,Director
94735,1179792,Director
1256,30008,Director
168090,1518676,Director
168090,555094,Director
52241,2199,Director
4689,4955,Director
7584,18738,Director
4690,1776,Director
52279,52112,Director
7587,3831,Director
168174,1129598,Director
7614,4065,Director
4695,72709,Director
1258,240,Director
94799,933739,Director
168218,1518676,Director
168218,555094,Director
1259,3026,Director
7615,4163,Director
4688,5696,Director
4697,86250,Director
52283,2042,Director
7581,29962,Director
7616,1150,Director
168248,40644,Director
52245,60923,Director
52245,60922,Director
1260,68,Director
4699,21136,Director
52287,16842,Director
94810,582255,Director
94833,53304,Director
168250,291263,Director
1261,7623,Director
1257,87565,Director
7618,4786,Director
52299,109822,Director
4700,1201,Director
94864,578,Director
168144,91610,Director
168252,366,Director
7619,6448,Director
94867,150630,Director
1262,14520,Director
7620,92561,Director
1263,12114,Director
52319,50739,Director
168254,236539,Director
4701,11091,Director
4703,9888,Director
52328,2034,Director
94777,5174,Director
94896,564,Director
168266,2034,Director
7624,43786,Director
1264,37451,Director
4704,11435,Director
94919,67813,Director
7636,1150,Director
1265,1524,Director
4705,24380,Director
52435,100888,Director
94931,98,Director
52375,5306,Director
4708,60981,Director
52458,40256,Director
168326,22215,Director
168350,152249,Director
1267,13776,Director
7649,31900,Director
94953,22214,Director
168358,13284,Director
4710,14773,Director
94985,589402,Director
4709,86051,Director
7650,101238,Director
1269,2662,Director
94959,5655,Director
52462,74341,Director
52462,74339,Director
7647,39012,Director
94780,228134,Director
52579,16919,Director
1268,55790,Director
1266,190,Director
168366,15557,Director
4711,67569,Director
95004,74863,Director
95004,34934,Director
95004,124279,Director
168456,111414,Director
4713,32327,Director
52668,30368,Director
1271,18250,Director
7657,45996,Director
1270,24,Director
52644,41671,Director
95067,53177,Director
52604,17812,Director
95088,930707,Director
4714,66226,Director
168608,472630,Director
4717,57727,Director
52694,16356,Director
7700,2559,Director
95135,90492,Director
168632,84074,Director
168612,228134,Director
7698,14838,Director
52712,3893,Director
168418,18864,Director
1272,13265,Director
95105,18863,Director
95105,18864,Director
95105,12080,Director
7701,57434,Director
52715,62658,Director
1274,185,Director
4718,7409,Director
1275,52968,Director
52722,7623,Director
4719,7396,Director
4719,7395,Director
168846,57692,Director
168492,78160,Director
4720,19840,Director
95149,90367,Director
7704,33008,Director
1277,25950,Director
95145,122186,Director
7705,14674,Director
52730,145446,Director
95163,67925,Director
7706,144063,Director
169180,1577288,Director
1278,14639,Director
1273,4429,Director
168712,15890,Director
4721,56911,Director
4715,10723,Director
1279,4429,Director
169670,1038001,Director
169670,1037999,Director
4723,101446,Director
4723,101444,Director
95165,122186,Director
4722,87033,Director
95147,122186,Director
52767,10781,Director
7707,29009,Director
7707,143888,Director
52784,87203,Director
95167,59803,Director
95167,126638,Director
169904,71300,Director
7702,30008,Director
4725,37948,Director
7708,13284,Director
1280,607,Director
169912,34849,Director
95170,206719,Director
1281,13848,Director
1276,13859,Director
52831,44765,Director
7713,10146,Director
4727,18844,Director
52724,323,Director
1282,11434,Director
1282,11427,Director
1282,11428,Director
1282,5691,Director
1282,11430,Director
1282,11432,Director
1282,11429,Director
1282,11426,Director
1282,5690,Director
1282,226599,Director
1282,5446,Director
1282,1094239,Director
169958,1182669,Director
95175,30477,Director
4728,3415,Director
52885,40333,Director
4732,58518,Director
169982,1099862,Director
1283,4065,Director
52950,23430,Director
169984,578,Director
7720,10586,Director
169034,206623,Director
169034,14386,Director
169034,71329,Director
169034,57446,Director
169034,1609935,Director
169034,1609958,Director
169034,1609941,Director
1284,11435,Director
4733,1243,Director
52867,130816,Director
95199,64045,Director
169992,137467,Director
52952,70520,Director
52967,98,Director
7727,18378,Director
1285,7145,Director
4734,19303,Director
7714,86051,Director
95201,1243,Director
95182,122186,Director
170289,25882,Director
7728,74878,Director
1286,16187,Director
4735,11770,Director
52973,41039,Director
170297,87177,Director
170297,35269,Director
170297,87170,Director
1287,10001,Director
4736,53178,Director
95218,937925,Director
95207,23430,Director
7730,4600,Director
7742,554314,Director
52975,20739,Director
1288,3026,Director
7716,133259,Director
170357,60473,Director
53000,17597,Director
7743,4600,Director
4738,37948,Director
53022,62410,Director
95307,20739,Director
7745,107730,Director
53024,115893,Director
1290,26502,Director
4741,11037,Director
95311,8010,Director
95309,71551,Director
170401,89576,Director
95193,1033844,Director
95193,69416,Director
7748,3776,Director
4743,102329,Director
1291,488,Director
53121,12098,Director
95313,7087,Director
170411,60473,Director
1292,4964,Director
7749,3776,Director
4744,56349,Director
53123,45117,Director
4740,76221,Director
95377,126638,Director
95377,59362,Director
170551,69081,Director
7753,8843,Director
1293,4786,Director
7756,9603,Director
7756,1187223,Director
95441,52139,Director
4745,1462,Director
170597,1088719,Director
53125,1704,Director
53127,15175,Director
1295,648,Director
4748,12962,Director
95449,1884,Director
170399,51298,Director
1296,54441,Director
4749,36147,Director
95473,122186,Director
7757,25558,Director
53138,2388,Director
95475,1060540,Director
1289,68993,Director
4750,148103,Director
4754,80261,Director
53140,56151,Director
95497,122186,Director
7767,70235,Director
170813,71600,Director
1299,8965,Director
170697,87742,Director
95499,81853,Director
170817,56661,Director
53143,91343,Director
4756,37710,Director
1297,63713,Director
7772,13980,Director
1300,5306,Director
170777,565332,Director
4757,18356,Director
53280,35582,Director
4759,66116,Director
170837,68770,Director
95508,1066409,Director
4765,84931,Director
1302,23968,Director
7773,43468,Director
53129,3028,Director
7781,54469,Director
1301,12300,Director
53161,10099,Director
170827,15345,Director
1298,9168,Director
95519,1284691,Director
4766,23393,Director
7766,5026,Director
95510,87742,Director
7782,26648,Director
53322,1884,Director
4769,1036428,Director
170875,37932,Director
7786,110879,Director
53326,56736,Director
53326,56735,Director
1304,9577,Director
95543,71729,Director
95543,229962,Director
170897,32593,Director
170907,1586276,Director
1305,2303,Director
53355,23116,Director
7792,6349,Director
53435,16847,Director
4771,53177,Director
95624,41530,Director
170945,1423660,Director
7789,15488,Director
7789,20027,Director
7789,20026,Director
7789,223,Director
7789,20024,Director
7789,20025,Director
7789,2228,Director
7789,6495,Director
7789,20028,Director
7789,20023,Director
7789,16862,Director
95583,1152,Director
95633,124577,Director
170937,40863,Director
95558,223516,Director
1307,3026,Director
4770,12632,Director
170939,94075,Director
53318,32250,Director
1310,105802,Director
1440,68928,Director
7812,67576,Director
170957,1443386,Director
170993,413951,Director
95690,65242,Director
7811,67478,Director
4774,5174,Director
1441,34682,Director
1306,2303,Director
4775,6198,Director
1303,6593,Director
7802,1723,Director
7815,3078,Director
4776,20907,Director
171023,932759,Director
95720,62854,Director
4777,87630,Director
1445,42111,Director
7820,6648,Director
1442,122449,Director
4772,89467,Director
1446,11688,Director
4780,3224,Director
171251,1102384,Director
7822,8500,Director
1447,6198,Director
95744,1146,Director
4782,12833,Director
95771,81853,Director
171695,80172,Director
171631,19509,Director
1449,13524,Director
4783,42081,Director
7831,32427,Director
1453,29009,Director
4784,72709,Director
95761,15175,Director
95780,1284691,Director
171701,932161,Director
7832,70862,Director
7833,32427,Director
4773,1052930,Director
4773,1052923,Director
1454,564,Director
4785,49450,Director
4786,19032,Director
95796,56353,Director
7826,82389,Director
1456,120870,Director
95839,78514,Director
171751,85675,Director
7834,32427,Director
7835,77101,Director
171759,1769,Director
1457,17167,Director
95843,13980,Director
7810,31900,Director
1458,1035,Director
4787,1038,Director
7839,82413,Director
95858,7883,Director
4788,23442,Director
95654,7930,Director
4789,1150,Director
171763,11090,Director
1459,190,Director
7840,18738,Director
95873,16959,Director
95873,16960,Director
4792,12011,Director
95875,3950,Director
1460,47974,Director
171867,1480620,Director
171811,107639,Director
4794,4955,Director
95939,15488,Director
171765,21684,Director
1464,5602,Director
171891,131791,Director
95949,225160,Director
4795,16888,Director
171917,138370,Director
4798,13284,Director
1466,10723,Director
96004,1284691,Director
95965,1060540,Director
1465,6482,Director
7845,26479,Director
1461,69353,Director
172013,22686,Director
4796,13284,Director
1468,88060,Director
7846,26475,Director
96007,1032506,Director
7843,17700,Director
4800,5834,Director
1473,57691,Director
7882,101520,Director
96020,562365,Director
1474,58072,Director
172229,63713,Director
4801,10001,Director
172215,1214951,Director
7844,35452,Director
7879,99242,Director
1475,6495,Director
4802,1927,Director
172233,233453,Director
96079,39,Director
4799,4081,Director
1477,120515,Director
98961,14392,Director
7884,55189,Director
7888,29715,Director
172461,1782147,Director
172461,479587,Director
172461,479588,Director
172253,68381,Director
1476,31024,Director
4804,2662,Director
1479,13015,Director
4803,190,Director
7889,7767,Director
1480,19684,Director
4808,18335,Director
98809,108,Director
4809,5342,Director
7891,91788,Director
7891,91789,Director
99030,133398,Director
172547,124747,Director
172547,8023,Director
99005,9556,Director
4810,39022,Director
172577,1088719,Director
4811,65304,Director
7895,7767,Director
1483,224,Director
99106,29214,Director
7894,4385,Director
1484,54733,Director
99087,20646,Director
7896,7767,Director
172583,110873,Director
172583,1088719,Director
4812,92554,Director
1485,4499,Director
172585,565310,Director
99112,9033,Director
7899,584527,Director
1487,16395,Director
99007,56661,Director
7883,10146,Director
4813,11593,Director
172587,288215,Director
172589,288215,Director
1490,68750,Director
1488,6349,Director
7900,29662,Director
99117,41039,Director
7916,73150,Director
7920,10367,Director
172591,1776,Director
4815,33433,Director
4818,1573677,Director
172637,142228,Director
1489,61411,Director
99130,3535169,Director
1493,142513,Director
4814,5501,Director
99122,1119358,Director
4816,7399,Director
99114,138,Director
99145,51894,Director
172705,1598047,Director
7924,5026,Director
1495,50099,Director
1495,52044,Director
7925,5026,Director
4821,21053,Director
1496,57851,Director
4822,49903,Director
7926,5026,Director
172793,565310,Director
99191,72622,Director
99191,80286,Director
99191,17272,Director
99149,70500,Director
172825,229735,Director
4823,36804,Director
7930,5140,Director
1497,26760,Director
7932,1081559,Director
1498,19969,Director
4825,56208,Director
172875,56342,Director
172881,56338,Director
99437,58245,Director
1499,26648,Director
7934,1243,Director
99415,58375,Director
7936,6648,Director
4827,10620,Director
1500,58294,Director
99574,5216,Director
172887,56342,Director
4828,1961,Director
173145,32278,Director
7937,6648,Director
4830,13859,Director
7938,6648,Director
99638,71640,Director
99636,1068112,Director
4826,26959,Director
173197,56370,Director
7939,6648,Director
4831,47503,Director
1507,5696,Director
173205,5656,Director
4833,21377,Director
99728,91268,Director
99721,97026,Director
1513,58178,Director
7940,6648,Director
173209,114334,Director
1502,1215282,Director
4835,10781,Director
1514,20640,Director
7943,5029,Director
173235,1447753,Director
99750,81476,Director
7944,6593,Director
4836,1229721,Director
1515,8843,Director
1503,2691,Director
4840,1650,Director
99846,589610,Director
7951,31211,Director
173255,376187,Director
1516,61335,Director
99813,105643,Director
7976,51917,Director
7976,6345,Director
1517,6737,Director
7979,21113,Director
173253,65133,Director
173307,1208643,Director
99853,1037989,Director
1518,7213,Director
1519,938945,Director
4846,18899,Director
99910,69081,Director
173317,223876,Director
173291,59,Director
4847,6295,Director
99917,76624,Director
7981,66718,Director
7981,65994,Director
173351,1146748,Director
1526,8858,Director
53447,5216,Director
99992,76998,Director
4848,5602,Director
4849,77133,Director
53450,97714,Director
1529,19224,Director
4844,8246,Director
1527,59,Director
1533,39298,Director
53453,88164,Director
4850,80751,Director
1,7879,Director
100068,77309,Director
4845,123694,Director
1537,68707,Director
4852,15521,Director
53460,15774,Director
53460,12905,Director
100083,32593,Director
100083,9281,Director
100083,52112,Director
100083,938681,Director
100083,2171,Director
100083,7396,Director
100083,938682,Director
100083,15218,Director
100083,11091,Director
100083,1579630,Director
100083,1272994,Director
100083,141825,Director
1541,2171,Director
100106,112201,Director
4860,145053,Director
3,26502,Director
4857,13563,Director
100159,137467,Director
1542,55299,Director
4855,14773,Director
1544,488,Director
53466,41549,Director
2,4945,Director
53464,20400,Director
4,2178,Director
1545,118020,Director
7980,4786,Director
4862,58080,Director
53468,64754,Director
53519,138,Director
100226,59330,Director
100226,1031692,Director
100194,84074,Director
1546,1884,Director
1547,79983,Director
5,56106,Director
53550,6818,Director
4864,77867,Director
4863,10367,Director
53574,51851,Director
100277,150512,Director
8,18357,Director
53578,38507,Director
6,638,Director
1550,21217,Director
53808,54590,Director
4865,11447,Director
4865,11448,Director
4866,21526,Director
100306,83863,Director
53894,17087,Director
1551,1901,Director
4871,1308279,Director
1549,133420,Director
7,2226,Director
100326,26473,Director
10,10702,Director
1552,12786,Director
1554,30309,Director
100304,556141,Director
12,14639,Director
53921,172,Director
53953,29605,Director
100302,52244,Director
4873,564,Director
9,37710,Director
4874,1978,Director
13,21879,Director
4867,14911,Director
100390,71600,Director
100383,1884,Director
11,3026,Director
1556,2209,Director
4876,57521,Director
53956,7908,Director
4877,97942,Director
1564,66548,Director
1562,5572,Director
100487,2163,Director
100397,18184,Director
100397,81328,Director
100397,118303,Director
100397,118369,Director
100397,129938,Director
100397,141673,Director
100397,105574,Director
100397,96323,Director
100397,935179,Director
100397,112280,Director
100397,137467,Director
100397,206169,Director
100397,557880,Director
100397,235430,Director
100397,76171,Director
100397,574660,Director
100397,98631,Director
100397,32799,Director
100397,81251,Director
100397,133403,Director
100397,64108,Director
100397,147695,Director
100397,107941,Director
100397,129937,Director
100397,101542,Director
100397,82566,Director
100397,138557,Director
1565,7847,Director
14,1152,Director
53972,3950,Director
15,16938,Director
53993,4499,Director
53974,29009,Director
4878,1577,Director
4879,141450,Director
100507,52114,Director
100507,52115,Director
1566,15810,Director
1566,15811,Director
100498,12028,Director
16,1032,Director
17,1614,Director
53996,865,Director
4880,11472,Director
1569,3045,Director
18,2294,Director
18,3111,Director
18,3110,Director
18,138,Director
1571,17520,Director
100527,5306,Director
4881,1223,Director
4881,1224,Director
54001,11343,Director
100556,53296,Director
4883,5069,Director
20,52629,Director
54004,17494,Director
19,4489,Director
1574,68185,Director
54116,79207,Director
21,5174,Director
100579,62941,Director
4886,12890,Director
4887,57134,Director
1580,5174,Director
1572,3776,Director
1581,63713,Director
23,7187,Director
22,15148,Director
54121,76981,Director
4888,564,Director
24,56349,Director
1582,56506,Director
4889,1255,Director
54190,16391,Director
54256,62854,Director
100810,116357,Director
1583,12964,Director
25,6111,Director
100163,76927,Director
100714,564,Director
54259,957,Director
4890,7396,Director
4890,7395,Director
4885,23213,Director
4893,62556,Director
1584,24,Director
100843,20267,Director
54272,197,Director
1585,181826,Director
100882,57607,Director
100737,76422,Director
27,15798,Director
100906,44765,Director
26,56710,Director
4896,10965,Director
54274,49281,Director
1586,578,Director
28,7017,Director
4898,67910,Director
30,607,Director
54281,10395,Director
4900,82221,Director
4900,82222,Director
101072,16794,Director
101025,9032,Director
1587,8328,Director
101070,1088579,Director
1588,54967,Director
100611,1098477,Director
29,13680,Director
29,2419,Director
4899,40243,Director
31,60295,Director
1589,366,Director
54276,33433,Director
54185,92012,Director
54354,1043373,Director
54286,25598,Director
4901,893,Director
101074,64864,Director
101074,74565,Director
1573,11401,Director
4902,10828,Director
101076,54507,Director
1591,87130,Director
54372,19866,Director
34,58137,Director
54503,54733,Director
4903,5010,Director
101088,10099,Director
54617,35959,Director
54648,11091,Director
36,504,Director
1593,58463,Director
38,17167,Director
1592,1270,Director
1590,4014,Director
101112,7623,Director
1594,58689,Director
32,280,Director
4912,10001,Director
4909,5572,Director
54686,58656,Director
101142,66193,Director
101142,71267,Director
39,57434,Director
4911,280,Director
101283,93419,Director
1596,65452,Director
4914,3776,Director
40,16730,Director
54732,59413,Director
54734,54597,Director
42,11447,Director
42,11448,Director
41,33315,Director
101362,20907,Director
1598,23393,Director
4916,30422,Director
54736,36602,Director
43,52405,Director
4917,15663,Director
101360,37948,Director
1600,11151,Director
54745,89576,Director
101415,30368,Director
1599,19142,Director
101423,83762,Director
44,4014,Director
1601,1103,Director
45,5216,Director
101525,139098,Director
54768,2223,Director
4919,59,Director
1597,7187,Director
1602,80307,Director
101529,1085904,Director
4921,14674,Director
46,3047,Director
101531,1255,Director
4920,93904,Director
54780,72205,Director
54780,72206,Director
54771,7832,Director
47,7467,Director
1603,10828,Director
4925,47498,Director
101577,8685,Director
54785,16848,Director
4915,58245,Director
48,65530,Director
48,65531,Director
4926,69912,Director
1604,11091,Director
54796,1146,Director
4927,2690,Director
49,55439,Director
1605,58838,Director
1606,70765,Director
101612,3289,Director
50,9032,Director
54787,2127,Director
101739,932248,Director
4928,793,Director
54881,71600,Director
101741,2034,Director
52,1243,Director
1608,5231,Director
101765,8392,Director
53,128107,Director
54908,21647,Director
1609,8300,Director
4929,7187,Director
4932,1150,Director
54910,67657,Director
4936,9168,Director
54934,59410,Director
7982,69081,Director
101884,57082,Director
4939,9108,Director
1611,5216,Director
1610,1090,Director
173355,565332,Director
54962,1300,Director
7983,1243,Director
101864,86270,Director
1612,18139,Director
101895,4723,Director
4941,17281,Director
7984,27991,Director
7986,27991,Director
173751,1598732,Director
7987,27991,Director
54995,2294,Director
4945,66222,Director
1614,7908,Director
101973,82839,Director
1613,61069,Director
54997,366,Director
173619,38507,Director
102007,35268,Director
102007,105643,Director
102007,1242435,Director
54999,24949,Director
4946,102627,Director
7988,27991,Director
1615,7256,Director
102025,1286104,Director
101962,81718,Director
173925,76927,Director
55020,22214,Director
55036,57895,Director
1616,51984,Director
4947,190,Director
173941,40684,Director
7991,101377,Director
102033,865,Director
4951,61019,Director
55061,14598,Director
55061,67926,Director
1619,2352,Director
7993,102429,Director
173963,11688,Director
8008,13980,Director
4952,17281,Director
4942,51715,Director
102066,583479,Director
102066,1074560,Director
102058,35268,Director
55052,36588,Director
1617,323,Director
174045,449,Director
8010,16513,Director
1620,5501,Director
55067,6094,Director
1621,66121,Director
4954,2000,Director
8011,130140,Director
8011,130141,Director
55069,20657,Director
1623,11419,Director
102070,89824,Director
174055,525,Director
102084,74863,Director
4953,95329,Director
4956,21806,Director
55071,74058,Director
8012,3317,Director
1624,3047,Director
102088,12453,Director
4957,190,Director
174141,239934,Director
8015,980524,Director
8015,100890,Director
8015,100888,Director
8016,7767,Director
1627,1152,Director
8014,1188,Director
55110,29078,Director
102165,154521,Director
174551,1190421,Director
8019,26875,Director
55112,141513,Director
55112,50100,Director
4959,56106,Director
55094,455,Director
102123,19274,Director
102123,54734,Director
55080,17016,Director
174479,1383169,Director
174479,1383170,Director
1625,7467,Director
4958,12028,Director
1626,77211,Director
102125,1108,Director
8024,39012,Director
1629,59438,Director
8025,1096377,Director
102217,108258,Director
55118,224,Director
4961,58687,Director
55116,44740,Director
174681,87926,Director
174737,119430,Director
1631,25735,Director
102278,2149,Director
4964,110695,Director
4963,1884,Director
1633,138322,Director
174727,227564,Director
174727,129561,Director
102338,99436,Director
55156,1187397,Director
55156,1224522,Director
102194,71872,Director
4962,58712,Director
8033,10001,Director
8035,4955,Director
4965,59210,Director
174815,1085179,Director
1635,1614,Director
55167,56343,Director
4966,33883,Director
1641,57630,Director
1639,19303,Director
174909,1884,Director
55190,50949,Director
4967,20028,Director
8044,9054,Director
175199,1302082,Director
8042,1032,Director
8043,9182,Director
55205,884,Director
102407,6201,Director
175197,74752,Director
102445,15344,Director
1642,1112916,Director
4969,33166,Director
8057,3632,Director
4971,47773,Director
175293,1084249,Director
8045,17784,Director
102378,566275,Director
4970,2891,Director
1643,18844,Director
1644,33254,Director
175387,1082610,Director
8092,102429,Director
102481,17825,Director
102602,98835,Director
175303,1113116,Director
56174,10943,Director
102590,79680,Director
102590,79683,Director
1645,18596,Director
56176,49903,Director
56251,53216,Director
4973,2419,Director
8093,64883,Director
102666,1190421,Director
175397,1146748,Director
8094,14520,Director
1647,28487,Director
175401,985009,Director
1646,76418,Director
4976,36693,Director
1648,54050,Director
102684,21183,Director
56274,5656,Director
56286,16863,Director
175431,288215,Director
4975,11649,Director
8117,3395,Director
4974,57604,Director
102686,57130,Director
56333,54240,Director
175435,1204580,Director
1649,18533,Director
8118,51572,Director
56336,84335,Director
1650,1128,Director
4977,120226,Director
175475,89112,Director
56339,51894,Director
175485,98631,Director
102735,39460,Director
1652,4429,Director
102742,933088,Director
4978,38774,Director
102716,58189,Director
8119,1723,Director
102720,5713,Director
175569,1215399,Director
8121,123558,Director
56367,52443,Director
4979,5655,Director
8125,9076,Director
102747,13848,Director
175577,1569816,Director
4980,18357,Director
56379,109910,Director
1653,8685,Director
4981,70974,Director
8126,26959,Director
56389,12453,Director
1654,77104,Director
102760,137467,Director
56563,77656,Director
1656,20237,Director
1655,55116,Director
4985,6778,Director
102749,95625,Director
8128,15389,Director
175661,143059,Director
175585,76422,Director
8131,21475,Director
102800,5656,Director
56607,12995,Director
1658,2034,Director
4988,69982,Director
8136,41704,Director
1659,66800,Director
175705,51833,Director
102802,16848,Director
8132,63943,Director
102819,1884,Director
56620,73399,Director
4989,54584,Director
4987,1214133,Director
175707,1738307,Director
175707,1738308,Director
175707,240457,Director
175707,1986435,Director
1660,51864,Director
56715,74272,Director
8137,102429,Director
4990,60237,Director
102823,1092208,Director
175743,1422221,Director
8138,89157,Director
4991,58072,Director
56757,510,Director
102852,933853,Director
102852,933852,Director
102852,94457,Director
1661,7671,Director
175781,1365052,Director
1662,21155,Director
4992,366,Director
56775,12962,Director
8142,17282,Director
4993,108,Director
56782,4762,Director
56587,3026,Director
1663,8858,Director
8143,14353,Director
102880,11614,Director
176051,1827281,Director
176101,957,Director
102903,18865,Director
8147,16888,Director
56788,5342,Director
4998,4081,Director
8153,13980,Director
4995,6159,Director
1670,172,Director
56801,6037,Director
56801,6038,Director
102984,84555,Director
176371,137427,Director
1667,27436,Director
8154,4415,Director
102993,161932,Director
102993,105648,Director
4994,4027,Director
176389,1098477,Director
5004,1927,Director
1671,77086,Director
1671,74429,Director
103027,12891,Director
1665,141450,Director
56805,51851,Director
8157,12178,Director
103042,15217,Director
176413,18969,Director
1672,1776,Director
5007,14227,Director
8158,5707,Director
56837,11181,Director
56869,111094,Director
103048,236539,Director
176415,18969,Director
8167,4109,Director
5008,3146,Director
1673,4762,Director
176419,6431,Director
5009,638,Director
103075,53120,Director
1674,2690,Director
56908,15009,Director
56915,46297,Director
176423,1208891,Director
8169,12677,Director
103085,130311,Director
1675,12840,Director
5010,578,Director
103107,228643,Director
8183,10076,Director
5011,58094,Director
176579,1692995,Director
8188,97202,Director
176601,1415184,Director
56921,77211,Director
1677,39996,Director
1676,10491,Director
56941,2163,Director
103137,1769,Director
5012,10400,Director
8189,15389,Director
176621,550475,Director
103141,225976,Director
56949,29214,Director
1678,39819,Director
103171,16808,Director
103171,57758,Director
57147,1243,Director
8190,133259,Director
1679,88077,Director
5013,9789,Director
176751,11694,Director
5014,16853,Director
1680,1230252,Director
8191,29646,Director
57183,52763,Director
176805,1157086,Director
5015,12995,Director
8195,15189,Director
57243,42412,Director
1681,26714,Director
176935,8676,Director
177185,2252,Director
1682,2690,Director
57274,54525,Director
57274,54526,Director
8196,4590,Director
5021,47498,Director
8197,11983,Director
57326,23799,Director
8199,97202,Director
1683,1978,Director
5023,87386,Director
5023,7406,Director
8207,4065,Director
177285,1362698,Director
57421,70890,Director
1684,13496,Director
5025,51851,Director
177593,54472,Director
1685,3192,Director
5016,5306,Director
57368,32278,Director
5026,8296,Director
177615,45400,Director
57499,112251,Director
8225,11161,Director
1686,18250,Director
57502,104688,Director
8228,94218,Director
5027,1723,Director
5028,71174,Director
8232,32427,Director
1687,30365,Director
177939,93107,Director
1688,40345,Director
1688,12881,Director
8236,68,Director
57522,109692,Director
5033,64061,Director
1689,15148,Director
177763,11181,Director
178061,50767,Director
57504,81718,Director
177765,8,Director
5034,2239,Director
57526,17812,Director
8238,1903,Director
5039,12677,Director
8235,143385,Director
8235,143561,Director
1690,2419,Director
178111,1728057,Director
178111,555094,Director
5040,2087,Director
178323,930695,Director
178129,1501413,Director
8239,793,Director
8241,5058,Director
57532,35694,Director
57532,35734,Director
57536,66563,Director
1693,488,Director
1694,3087,Director
57528,16483,Director
5041,16384,Director
1695,78725,Director
8253,608,Director
178613,60473,Director
57637,141964,Director
57637,141962,Director
57637,141963,Director
5046,5501,Director
5047,4489,Director
1696,84896,Director
1699,17016,Director
179053,190090,Director
8261,9789,Director
8254,15254,Director
5048,13581,Director
57640,10828,Director
1701,1243,Director
178615,109606,Director
8264,1426,Director
8264,209970,Director
8264,139002,Director
8264,1418,Director
1702,56911,Director
5051,1176,Director
8266,58729,Director
5049,1723,Director
178827,101666,Director
57843,63052,Director
179119,88926,Director
1703,42111,Director
57910,57055,Director
5053,24173,Director
8268,12840,Director
5054,12112,Director
57669,54472,Director
8275,131405,Director
8275,8635,Director
179211,84074,Director
5055,18878,Director
8270,37626,Director
1707,1215,Director
179073,24380,Director
57951,17167,Director
58025,11694,Director
1704,5216,Director
179133,1003237,Director
179133,1466181,Director
5059,6818,Director
1711,190,Director
8290,51875,Director
58047,16328,Director
8293,20237,Director
1713,1704,Director
58078,74872,Director
179401,51851,Director
1717,5140,Director
179427,31837,Director
5062,13776,Director
5060,9789,Director
179491,84335,Director
58103,43141,Director
5063,3084,Director
8302,2000,Director
1718,56983,Director
1719,56205,Director
8327,3317,Director
179511,239235,Director
179511,1459484,Director
58105,54050,Director
58107,54507,Director
179709,1243,Director
5064,8300,Director
1721,2710,Director
8331,67426,Director
1722,1724,Director
8335,30008,Director
5066,20739,Director
8337,64114,Director
5068,1016305,Director
58154,71570,Director
58162,14409,Director
179749,1155547,Director
8336,3146,Director
58156,65702,Director
179813,3026,Director
1726,1269,Director
179815,57113,Director
5065,11676,Director
1727,4135,Director
8338,37846,Director
8338,68424,Director
58191,71797,Director
179817,36588,Director
5071,137427,Director
58287,87467,Director
179819,67367,Director
1729,138,Director
8340,14773,Director
1730,1032,Director
5072,58159,Director
179953,52115,Director
179953,52114,Director
1731,44916,Director
58291,11873,Director
8341,12238,Director
58293,6046,Director
5074,66605,Director
5073,69488,Director
1732,1223,Director
1732,1224,Director
8361,6046,Director
58295,21370,Director
180045,13520,Director
1733,72427,Director
5075,91987,Director
8362,1201,Director
5076,7775,Director
180095,19311,Director
5077,5572,Director
8364,16214,Director
8363,73832,Director
180231,74619,Director
1735,11218,Director
1734,96972,Director
58301,6011,Director
58297,57581,Director
58299,8029,Director
58299,71729,Director
180031,10828,Director
1739,129952,Director
8360,12080,Director
8360,12079,Director
8360,5524,Director
5080,113641,Director
8366,74259,Director
58303,15115,Director
180265,31654,Director
58306,130938,Director
1746,58448,Director
8368,11218,Director
5081,21339,Director
180297,17051,Director
5083,43526,Director
58309,220518,Director
58309,436081,Director
8369,16938,Director
1747,8246,Director
180497,488,Director
1748,21085,Director
1752,30149,Director
5092,17825,Director
58315,71527,Director
8370,3317,Director
8371,28239,Director
5088,34262,Director
58332,14999,Director
1753,57691,Director
180777,1521385,Director
8372,18357,Director
1755,94155,Director
58347,53525,Director
8375,137392,Director
8375,183760,Director
58376,74257,Director
1754,17812,Director
5095,111883,Director
180987,5714,Director
58351,52528,Director
181065,84633,Director
8373,7908,Director
5094,1090,Director
181139,65133,Director
5093,12989,Director
1757,12453,Director
5096,56059,Director
8376,53925,Director
180985,1276373,Director
58404,76243,Director
181315,4762,Director
1759,69719,Director
1760,47974,Director
5099,93905,Director
181413,1152054,Director
5102,11511,Director
58425,69797,Director
8378,19798,Director
181659,139280,Director
8379,12804,Director
58492,64141,Director
1762,7775,Director
5105,14132,Director
1767,65401,Director
181719,69982,Director
8380,16730,Director
5103,69741,Director
8382,113799,Director
1769,20907,Director
182293,226492,Director
182293,573539,Director
58559,525,Director
8383,55299,Director
5106,57691,Director
58627,55075,Director
1770,28898,Director
5107,17812,Director
58554,137787,Director
182639,56341,Director
182297,121037,Director
8387,69801,Director
58783,1776,Director
103210,1252638,Director
58655,32593,Director
182299,226492,Director
8391,8328,Director
8385,67451,Director
103219,64211,Director
58803,36797,Director
182715,2036,Director
8402,13663,Director
58806,78914,Director
182727,169288,Director
182727,1384516,Director
58826,78108,Director
103221,208119,Director
8405,6648,Director
8410,93975,Director
103233,1159663,Director
182731,87130,Director
58839,1461,Director
182749,65133,Director
103235,65314,Director
8424,93906,Director
103245,67897,Director
182793,73279,Director
58870,17282,Director
182823,19769,Director
58842,1287732,Director
103228,10828,Director
58876,2836,Director
8425,7145,Director
8427,57359,Director
183197,60473,Director
58964,81044,Director
58964,81045,Director
8446,93905,Director
103253,82194,Director
8447,12327,Director
8447,33883,Director
183227,60473,Director
103335,124747,Director
103335,124748,Director
183199,1731996,Director
183011,59521,Director
58972,66218,Director
58972,66219,Director
8426,110676,Director
8426,16136,Director
8426,110679,Director
8426,183,Director
8426,110684,Director
8426,83762,Director
8426,110687,Director
8426,1382280,Director
8426,185,Director
8450,9054,Director
103339,6046,Director
103341,11090,Director
183295,1306608,Director
103249,12995,Director
58879,1032,Director
8451,3632,Director
58998,52934,Director
8454,1131742,Director
183317,150971,Director
59014,35796,Director
103366,23227,Director
103372,116805,Director
183301,55983,Director
183301,1256012,Director
8458,108914,Director
8456,95456,Director
183611,52935,Director
183611,1236679,Director
59016,19769,Director
103449,1150,Director
58975,68352,Director
103384,1704,Director
59018,17867,Director
183635,1179066,Director
59022,68844,Director
59022,68843,Director
8773,25165,Director
59026,56401,Director
103502,1105693,Director
183897,5655,Director
8772,18854,Director
8774,25165,Director
184015,991868,Director
183959,84074,Director
59103,18898,Director
184053,85137,Director
103543,288710,Director
183911,53935,Director
103539,930710,Director
8778,25165,Director
59037,9340,Director
59037,9339,Director
59118,65452,Director
103596,85822,Director
8782,2388,Director
103602,139280,Director
59126,6767,Director
8781,16294,Director
184245,1087383,Director
103483,26850,Director
103483,235430,Director
103483,142013,Director
103483,27757,Director
103483,83858,Director
103483,141673,Director
103483,98631,Director
8783,11614,Director
59129,56635,Director
184253,1301933,Director
103609,77121,Director
103606,1053420,Director
59131,42640,Director
8795,55251,Director
8784,5367,Director
184349,89575,Director
8796,10586,Director
103624,1056121,Director
59143,91610,Director
184471,87877,Director
8798,638,Director
59258,14172,Director
8799,42274,Director
103655,57270,Director
103755,94075,Director
8800,172,Director
59295,131668,Director
8804,19069,Director
184791,61440,Director
8807,56591,Director
59315,15277,Director
184721,1035,Director
103772,366,Director
59306,45627,Director
184931,16847,Director
103801,40863,Director
184987,929825,Director
59141,52842,Director
59333,66548,Director
184997,88967,Director
8808,1201,Director
103810,15002,Director
8809,143284,Director
103685,137467,Director
103819,68574,Director
185029,17697,Director
59336,1255,Director
8810,4014,Director
103865,1172509,Director
103688,2127,Director
8813,96166,Director
185033,1284964,Director
103883,67813,Director
103980,1243,Director
8814,32593,Director
59421,56717,Director
59369,35453,Director
59387,56512,Director
185031,11447,Director
59429,26971,Director
185435,1254001,Director
103984,56194,Director
59440,72960,Director
8827,51962,Director
8815,16938,Director
59220,53102,Director
184641,70103,Director
104017,1320896,Director
185473,208664,Director
8830,56998,Director
59501,5524,Director
104069,52849,Director
59549,81963,Director
8832,77305,Director
8831,17279,Director
59604,78135,Director
104076,1215,Director
186587,132876,Director
185585,1213074,Director
104074,109857,Director
187031,51894,Director
8833,6495,Director
59615,488,Director
104078,81809,Director
187541,7087,Director
8835,1216735,Director
59667,73712,Director
59725,38023,Director
104141,34920,Director
104141,34927,Director
104141,1451637,Director
8836,2291,Director
59727,66074,Director
104129,6384,Director
8840,1032,Director
187717,228643,Director
8838,1032,Director
187595,6159,Director
104211,57633,Director
59731,78720,Director
104218,17494,Director
188189,930526,Director
187593,40684,Director
59738,56661,Director
104241,55075,Director
188301,59026,Director
59784,57741,Director
59784,57742,Director
104243,28239,Director
104272,1045176,Director
8860,4755,Director
8844,1126,Director
188675,63973,Director
59814,76249,Director
188751,17510,Director
59810,6737,Director
8864,80215,Director
104245,111736,Director
8861,17649,Director
188833,280,Director
104283,608,Director
188797,1341472,Director
59900,17494,Director
8848,4415,Director
8865,41378,Director
104303,64139,Director
8866,33315,Director
189043,129718,Director
59915,27991,Director
59947,99032,Director
189111,1198054,Director
1771,72182,Director
1777,57370,Director
189381,1527715,Director
5109,2596066,Director
59985,74062,Director
59995,77269,Director
1772,4610,Director
189333,9033,Director
104337,20019,Director
189547,104367,Director
5110,52049,Director
5108,11151,Director
60037,11614,Director
189713,5281,Director
1783,10249,Director
5112,64061,Director
60040,18865,Director
60030,70890,Director
60030,59231,Director
60046,1724,Director
190209,1230219,Director
190209,87281,Director
5113,12329,Director
1791,6729,Director
190207,586064,Director
5116,13980,Director
5114,13980,Director
190213,1106524,Director
1785,39104,Director
60069,7,Director
1779,8246,Director
190183,142312,Director
1784,3388,Director
60072,23430,Director
190215,221940,Director
5121,6818,Director
5120,10601,Director
1793,27889,Director
190219,5713,Director
1794,228797,Director
5127,4499,Director
1797,90223,Director
1797,86557,Director
1797,90225,Director
190221,6817,Director
60128,72101,Director
1798,974699,Director
60141,21677,Director
60141,56710,Director
191005,133704,Director
60074,36602,Director
1792,2523,Director
60126,13426,Director
5111,52629,Director
5128,28741,Director
5131,58097,Director
193565,552632,Director
60161,74052,Director
1799,41472,Director
60291,71797,Director
60289,55439,Director
1801,2460,Director
5135,6495,Director
193567,1243962,Director
5134,61571,Director
193571,148806,Director
1804,564,Director
193573,1458050,Director
60303,67075,Director
1805,9200,Director
5137,105802,Director
1806,120218,Director
5139,12964,Director
5136,31268,Director
60293,56661,Director
60333,6818,Director
193581,90048,Director
5146,56339,Director
193583,1324582,Director
60363,87160,Director
1809,3317,Director
1807,60295,Director
5147,6648,Director
60365,16410,Director
60365,16411,Director
193587,1221889,Director
1812,11614,Director
193585,5696,Director
1810,5342,Director
1816,56381,Director
5152,2460,Director
60397,71068,Director
5151,7145,Director
5155,31310,Director
60408,37627,Director
1825,9778,Director
5156,31310,Director
1829,39819,Director
60522,76171,Director
1827,17087,Director
1826,104507,Director
60471,59998,Director
60487,94011,Director
60514,9622,Director
1821,55476,Director
5165,29433,Director
60389,92561,Director
5159,74300,Director
1824,15912,Director
5168,13284,Director
60516,53177,Director
5170,34453,Director
5171,21879,Director
60538,73282,Director
1831,2042,Director
60647,37948,Director
5177,40,Director
1833,23213,Director
5178,130424,Director
1834,1255,Director
60674,1214381,Director
60684,15217,Director
60735,71872,Director
5187,7501,Director
1835,11887,Director
1836,78188,Director
5189,194568,Director
5197,66088,Director
1837,26502,Director
5198,40007,Director
1839,7145,Director
60753,76422,Director
60737,56253,Director
193609,559430,Director
5181,177876,Director
60756,55710,Director
1840,5281,Director
5202,11983,Director
5205,95329,Director
60803,16410,Director
60803,16411,Director
60803,1395415,Director
1845,51851,Director
1841,9789,Director
60760,12524,Director
1844,309,Director
5212,57665,Director
1848,18357,Director
60832,73588,Director
60818,70905,Director
60766,76998,Director
1855,1213162,Director
5213,119784,Director
5214,1895,Director
60857,55189,Director
5218,5713,Director
60885,78880,Director
60894,40307,Director
5220,46076,Director
5219,4014,Director
1857,6400,Director
60904,82516,Director
1858,62410,Director
1856,92561,Director
1859,119294,Director
5222,76247,Director
1860,123150,Director
5221,81782,Director
60941,45996,Director
60937,18878,Director
5224,234749,Director
5224,550064,Director
5224,220775,Director
1862,21377,Director
60950,1243,Director
60943,64131,Director
5225,11218,Director
1866,58036,Director
60979,1207951,Director
60979,113911,Director
60979,930221,Director
60979,221764,Director
60979,1207953,Director
60979,1056311,Director
60979,56339,Director
1873,19684,Director
5226,1044,Director
1867,47924,Director
61024,64141,Director
1870,77919,Director
5237,23213,Director
61011,1035,Director
5231,76381,Director
61026,11401,Director
104339,25703,Director
5238,102445,Director
8869,2178,Director
3079,55439,Director
5239,99273,Director
5239,99274,Director
1875,145134,Director
1876,51984,Director
3081,510,Director
1863,8108,Director
5240,938741,Director
3082,10781,Director
8870,52629,Director
5241,51760,Director
104419,90367,Director
104419,74863,Director
8873,8574,Director
104374,7018,Director
1881,50582,Director
104457,98631,Director
8874,11090,Director
1883,6449,Director
3086,131406,Director
3086,131443,Director
5244,43980,Director
5244,80702,Director
8875,90522,Director
5246,67767,Director
5247,67767,Director
1884,280,Director
104644,87106,Director
1882,6046,Director
3083,309,Director
3087,7187,Director
8879,39996,Director
104760,61921,Director
1885,57579,Director
3088,33064,Director
3089,12329,Director
8880,39012,Director
1887,13524,Director
104780,1084249,Director
5248,33880,Director
5250,16897,Director
104837,82505,Director
8894,20412,Director
1888,2178,Director
8905,578,Director
5254,10828,Director
3090,102445,Director
104841,11218,Director
3091,5026,Director
1889,95760,Director
104863,71280,Director
1891,206549,Director
5434,37361,Director
8906,45572,Director
8907,12058,Director
8907,65629,Director
8907,65630,Director
3093,9789,Director
5428,63208,Director
1892,12989,Director
5437,10439,Director
5435,18854,Director
1893,4522,Director
3094,54441,Director
8908,46297,Director
3095,8500,Director
1894,8858,Director
3096,33064,Director
104879,137427,Director
104875,53079,Director
104875,1060626,Director
1895,13615,Director
1895,13614,Director
3098,8246,Director
1897,75699,Director
104908,2127,Director
3097,2428,Director
8914,76624,Director
5440,8500,Director
8911,129952,Director
104925,59,Director
1900,110695,Director
5442,67897,Director
104913,6159,Director
8912,20400,Director
3099,4964,Director
104944,1144604,Director
8915,36693,Director
8910,17883,Director
5443,114646,Director
3100,4135,Director
1902,1031288,Director
105020,21819,Director
5444,66193,Director
5444,69797,Director
105037,465763,Director
1904,91343,Director
8917,34517,Director
1906,5656,Director
3101,7270,Director
8916,36804,Director
5445,488,Director
3102,19800,Director
105121,108072,Director
1907,66190,Director
1907,66191,Director
104906,57408,Director
5446,13015,Director
3103,18854,Director
5438,2880,Director
8918,4910,Director
1909,12523,Director
5448,1409418,Director
3104,769,Director
8919,239075,Director
1910,73282,Director
105211,56539,Director
8920,24939,Director
1911,31024,Director
8921,90522,Director
3106,9168,Director
105246,201,Director
8928,3556,Director
105213,24045,Director
5449,32593,Director
3105,14911,Director
3107,6159,Director
5450,56539,Director
8933,38516,Director
1912,1884,Director
5451,58745,Director
5451,58746,Director
1913,2690,Director
105254,98251,Director
5452,19305,Director
1914,212165,Director
8934,23684,Director
1916,22461,Director
105325,1155518,Director
5454,16589,Director
3109,21958,Director
3108,280,Director
8937,36602,Director
5447,102445,Director
5456,67632,Director
105197,13235,Director
8938,17108,Director
1917,865,Director
3111,6729,Director
5455,125543,Director
105355,17458,Director
3112,113102,Director
8939,68020,Director
1918,7187,Director
5458,79656,Director
3113,37710,Director
8943,225898,Director
1919,56714,Director
105468,12095,Director
105468,1046494,Director
8947,20310,Director
8948,56106,Director
105540,71852,Director
1920,4600,Director
8946,64151,Director
5460,122967,Director
5461,226493,Director
105585,2294,Director
3117,1614,Director
3115,5572,Director
1921,6431,Director
1922,1030415,Director
105504,25598,Director
105351,144221,Director
3114,7879,Director
3120,21217,Director
5459,5174,Director
5462,944713,Director
105593,76965,Director
8950,37948,Director
3125,17016,Director
8949,13235,Director
1924,44763,Director
8951,65452,Director
5464,39,Director
1926,145605,Director
5465,55785,Director
8952,1219158,Director
3127,10757,Director
1923,7396,Director
1923,7395,Director
5463,12523,Director
105731,2836,Director
105720,15389,Director
1927,2000,Director
3130,1150,Director
105653,29605,Director
3129,1243,Director
105746,1156224,Director
8954,20907,Director
8955,64141,Director
1928,21311,Director
1929,34740,Director
3132,559559,Director
105801,1140160,Director
105755,578,Director
3135,84657,Director
5470,32919,Director
5468,44878,Director
105835,98103,Director
8957,2127,Director
3134,11528,Director
1931,72061,Director
8958,18596,Director
5471,14838,Director
5466,2245,Director
5472,129514,Director
1932,93906,Director
1933,49214,Director
3138,95653,Director
3138,1120414,Director
8959,66728,Director
105954,556172,Director
3141,514,Director
5475,27436,Director
1934,2662,Director
8961,7087,Director
8964,24657,Director
106002,13079,Director
3143,19665,Director
5477,16435,Director
1936,10001,Director
8965,24,Director
105844,72757,Director
5478,56150,Director
8966,15557,Director
1938,3146,Director
106072,47005,Director
106100,69371,Director
5479,14392,Director
8967,65677,Director
3146,64151,Director
1939,10001,Director
106144,229604,Director
8968,11091,Director
3147,4027,Director
5480,18898,Director
3148,5306,Director
1940,2746,Director
3142,18500,Director
5481,6737,Director
3145,504,Director
8969,20237,Director
106330,12962,Director
3150,3129,Director
1941,3359,Director
8970,12995,Director
106438,3224,Director
5483,102109,Director
5483,96439,Director
1942,14875,Director
5476,33341,Director
1944,4065,Director
8972,12962,Director
5485,17046,Director
3152,39012,Director
106441,126945,Director
3153,44878,Director
8973,309,Director
5489,6818,Director
5486,110174,Director
106487,10943,Director
8974,70651,Director
3155,17167,Director
106062,56578,Director
5490,68457,Director
8977,1152,Director
1945,2746,Director
106491,239571,Director
1947,1744,Director
1947,18868,Director
61071,64140,Director
1937,30008,Director
5493,51677,Director
8978,18311,Director
61073,34721,Director
5497,90522,Director
1948,32765,Director
106542,1140271,Director
61123,65310,Director
106540,1375201,Director
8979,209972,Director
1949,4065,Director
5498,5026,Director
106489,108,Director
8981,5342,Director
61132,7399,Director
1946,67451,Director
106594,123515,Director
5499,10586,Director
1950,13563,Director
61160,71538,Director
8982,116805,Director
1951,15378,Director
1953,15175,Director
8983,607,Director
1954,16513,Director
61236,56198,Director
106648,67075,Director
61167,11676,Director
61210,77658,Director
106766,1223,Director
106766,1224,Director
1952,19304,Director
5502,11614,Director
106696,1120694,Director
106696,15774,Director
5500,12936,Director
5500,3415,Director
5500,12987,Director
8984,1884,Director
8985,3893,Director
5504,2294,Director
8989,2004,Director
8989,13284,Director
61246,41549,Director
1955,6729,Director
61240,74396,Director
106785,5501,Director
5503,20646,Director
106839,71570,Director
1956,4135,Director
5505,61069,Director
106782,1032,Director
8998,145797,Director
1957,58220,Director
61248,4014,Director
5506,190,Director
9004,18254,Director
5501,20824,Director
61250,66563,Director
1958,3388,Director
5507,18878,Director
9005,27146,Director
61255,57630,Director
106883,17246,Director
1959,2226,Director
5508,172,Director
5512,225551,Director
61257,116330,Director
9008,100593,Director
106889,74296,Director
106873,77921,Director
106873,77923,Director
106873,77926,Director
106873,56341,Director
1960,4956,Director
8987,110575,Director
8987,110576,Director
61262,59291,Director
9010,55379,Director
5513,78029,Director
5513,161858,Director
1961,8246,Director
1962,5696,Director
25746,98019,Director
106916,17883,Director
61289,17282,Director
61319,70520,Director
1963,1243,Director
106920,5953,Director
5521,56828,Director
25750,8635,Director
9018,115892,Director
61323,1224,Director
61323,1223,Director
106927,76171,Director
5522,13563,Director
1964,6349,Director
25752,143385,Director
25752,143561,Director
61348,35694,Director
61348,35734,Director
107013,1220035,Director
5523,33485,Director
1965,31493,Director
25753,8630,Director
61350,2406,Director
107069,36602,Director
5524,57082,Director
1966,78188,Director
106918,7399,Director
25757,14281,Director
107141,54040,Director
1967,55983,Director
61352,6047,Director
5515,45791,Director
107159,124996,Director
61394,1172930,Director
61394,579303,Director
1968,11505,Director
5527,58689,Director
25773,9054,Director
5528,57446,Director
25771,793,Director
107338,219492,Director
1970,26713,Director
1969,62020,Director
107314,5281,Director
5529,68215,Director
25782,11528,Director
25769,94180,Director
25769,8635,Director
5525,18903,Director
61465,31033,Director
61465,21905,Director
107348,55710,Director
1971,16938,Director
61692,26850,Director
5531,1723,Director
107410,239729,Director
25788,11435,Director
25797,9054,Director
61697,18250,Director
1972,2042,Director
107408,1190179,Director
5532,87033,Director
61628,15156,Director
1973,56891,Director
25795,14674,Director
5530,8685,Director
107406,21684,Director
107412,1190421,Director
61705,58689,Director
5537,139385,Director
61401,2293,Director
25805,142865,Director
107436,5877,Director
1975,58712,Director
5538,68732,Director
25825,68,Director
61729,508,Director
1976,58712,Director
5539,85365,Director
107449,145446,Director
1978,58822,Director
107447,133398,Director
1974,35475,Director
61818,116653,Director
1977,64195,Director
25827,2662,Director
5541,12936,Director
25826,82413,Director
25833,14674,Director
1979,63550,Director
62008,61459,Director
107462,78108,Director
5543,7506,Director
5540,64823,Director
5544,1788,Director
107630,98537,Director
1980,64722,Director
25841,74659,Director
25834,9049,Director
25850,14674,Director
1981,64735,Director
5548,47773,Director
107565,1238965,Director
62155,71548,Director
62113,74159,Director
62081,40256,Director
107702,13426,Director
61986,228,Director
62208,125690,Director
1982,11770,Director
107723,56339,Director
5550,89216,Director
25856,10001,Director
5553,12840,Director
62250,63973,Director
107771,4429,Director
1984,11777,Director
1983,33341,Director
5556,57898,Director
5560,33166,Director
25865,10001,Director
62293,73460,Director
62299,40610,Director
62299,40607,Director
25870,99667,Director
1986,32813,Director
1985,56998,Director
25855,8823,Director
107846,1822,Director
25886,9054,Director
107945,158634,Director
1987,44130,Director
5563,30365,Director
25887,39058,Director
62344,16294,Director
1990,180868,Director
107951,79046,Director
107953,1083453,Director
25898,11572,Director
62374,578,Director
1991,64796,Director
5568,57434,Director
25905,30249,Director
5564,15337,Director
5562,94643,Director
62376,57193,Director
107962,30149,Director
1992,65678,Director
5569,5140,Director
62383,119672,Director
25906,19528,Director
107997,87082,Director
5570,19840,Director
1993,28976,Director
62394,12028,Director
5572,20400,Director
1994,10051,Director
107999,1060540,Director
25923,12238,Director
62434,19303,Director
25927,40,Director
1995,18069,Director
5573,73499,Director
25937,69392,Director
62437,1152,Director
108078,17520,Director
25940,40,Director
108090,81853,Director
62439,26502,Director
108156,20400,Director
5577,58552,Director
5575,18209,Director
1998,19665,Director
62553,71947,Director
1997,15175,Director
25947,30249,Director
62511,202,Director
25946,21506,Director
1999,57922,Director
108190,17329,Director
5580,1222805,Director
25952,10601,Director
108188,11181,Director
62586,12987,Director
108192,5655,Director
2000,7187,Director
5581,21278,Director
1996,33094,Director
25959,21506,Director
108540,126597,Director
108540,126599,Director
108540,1092607,Director
2001,7187,Director
62662,2303,Director
5582,68381,Director
5584,83961,Director
5585,83961,Director
108689,1707,Director
3158,20640,Director
62718,6220,Director
2003,4600,Director
2004,4600,Director
62644,52961,Director
3159,5690,Director
3159,56146,Director
3159,74299,Director
3159,65531,Director
3159,74297,Director
3159,12824,Director
3159,56147,Director
3159,74298,Director
5574,35452,Director
5574,18865,Director
2002,7187,Director
5588,5140,Director
3156,10965,Director
62799,5501,Director
108601,75753,Director
108601,1107980,Director
2005,7187,Director
5589,24173,Director
3160,4762,Director
2006,10702,Director
62834,31900,Director
108795,74863,Director
108729,137427,Director
3161,96854,Director
2007,1035941,Director
62792,77003,Director
62836,78106,Director
62836,33045,Director
5590,104051,Director
5591,73690,Director
108715,1288624,Director
108715,1288625,Director
3162,111807,Director
62849,956,Director
108928,1461,Director
2008,82829,Director
62956,53216,Director
108932,107446,Director
108932,155267,Director
5596,56059,Director
3163,65452,Director
5597,18579,Director
2010,68,Director
3165,3349,Director
3167,5342,Director
3157,18898,Director
108945,52576,Director
5601,84034,Director
62999,18863,Director
62999,18864,Director
108949,1041418,Director
63033,8557,Director
3168,2778,Director
5602,14566,Director
108981,42,Director
2012,24,Director
2009,2087,Director
109042,84335,Director
2011,24,Director
3171,25630,Director
5604,14566,Director
109161,3556,Director
2013,7501,Director
63082,2034,Director
63062,190,Director
2014,47893,Director
5607,84714,Director
2015,5834,Director
109183,154547,Director
63072,53333,Director
5608,7832,Director
3174,3974,Director
3173,1152,Director
3169,19304,Director
5603,8929,Director
63113,12995,Director
2016,15657,Director
109187,280,Director
5609,65615,Director
109191,5575,Director
63131,22214,Director
3175,15002,Director
2017,109452,Director
2017,109455,Director
109241,78226,Director
5610,12648,Director
2018,5446,Director
63179,27977,Director
63179,21684,Director
63179,201,Director
3177,52112,Director
3176,2239,Director
5611,37630,Director
63222,74924,Director
2020,3224,Director
109295,209879,Director
2019,5026,Director
63239,64815,Director
3179,9168,Director
5613,4387,Director
63276,17282,Director
109313,82307,Director
63312,5192,Director
3181,16391,Director
109317,1285197,Director
2021,5602,Director
5614,72197,Director
63393,116370,Director
3182,18533,Director
2023,1776,Director
5615,6818,Director
2022,1032,Director
5617,67795,Director
109372,3227,Director
3183,1128,Director
109282,108446,Director
109374,5655,Director
5612,46085,Director
2024,16939,Director
63436,2679,Director
109383,835926,Director
3185,33433,Director
5618,608,Director
109416,62116,Director
2025,7270,Director
3186,366,Director
5619,84369,Director
3189,46297,Director
63479,74619,Director
2026,33316,Director
5620,17167,Director
3178,13563,Director
109483,1211000,Director
3192,37236,Director
3190,1723,Director
2027,12936,Director
63515,126855,Director
5621,66654,Director
5625,11887,Director
2028,488,Director
63768,82461,Director
109569,36425,Director
2032,101767,Director
5628,21647,Director
3194,2226,Director
63808,17386,Director
109576,1204338,Director
3196,3146,Director
109578,59521,Director
2033,107274,Director
2033,67604,Director
63826,82939,Director
5629,78298,Director
5629,78297,Director
2034,47893,Director
3197,37710,Director
5630,11091,Director
109487,525,Director
63853,6201,Director
109596,932086,Director
63540,1215,Director
2035,5834,Director
3198,13265,Director
109633,74091,Director
5632,25598,Director
2036,11809,Director
3200,4964,Director
63876,5216,Director
2037,83413,Director
5633,1071,Director
3201,19450,Director
109673,78914,Director
109687,1184250,Director
63992,19850,Director
3203,13015,Director
64010,47724,Director
109723,1277050,Director
2038,83413,Director
63859,70238,Director
63859,76595,Director
5635,37852,Director
5636,19271,Director
5636,19272,Director
2040,101767,Director
3204,13265,Director
64030,75035,Director
2041,29646,Director
109846,18898,Director
3206,18596,Director
64032,71600,Director
109848,66728,Director
5638,18598,Director
2042,54967,Director
5640,29321,Director
5640,18598,Director
109850,293911,Director
64034,55299,Director
2043,5834,Director
3210,57434,Director
5643,68993,Director
64114,78040,Director
3208,56953,Director
5637,72624,Director
2044,51516,Director
64116,89112,Director
3211,64061,Director
2046,8876,Director
5646,3974,Director
109895,23532,Director
3213,34934,Director
3213,35270,Director
2048,61677,Director
2048,15811,Director
2048,61678,Director
2048,15810,Director
109853,41549,Director
2051,15657,Director
5650,61961,Director
5650,8872,Director
5649,29662,Director
64197,72757,Director
109897,235820,Director
109941,12099,Director
5644,10790,Director
2050,15657,Director
64231,56359,Director
3219,19304,Director
3214,12840,Director
5651,78845,Director
64249,62047,Director
109968,67075,Director
2052,65310,Director
3221,30309,Director
5657,73690,Director
2053,8876,Director
3223,30309,Director
64278,112201,Director
109971,27449,Director
64285,7314,Director
109864,1224425,Director
5663,28239,Director
3224,96801,Director
5664,51866,Director
2054,4945,Director
64497,55499,Director
2055,101767,Director
110102,19272,Director
110102,19271,Director
3225,65627,Director
110127,6431,Director
110130,1262197,Director
2056,5834,Director
5665,16304,Director
5665,16305,Director
3235,1254,Director
110281,57607,Director
110281,118355,Director
5666,8297,Director
3230,7501,Director
2057,89685,Director
64499,1884,Director
64501,1884,Director
5667,46297,Director
64614,190,Director
2059,17698,Director
64575,26095,Director
110297,26205,Director
2058,37932,Director
3217,14643,Director
3240,36083,Director
5669,17087,Director
5668,67781,Director
110330,4956,Director
64620,6159,Director
2060,12987,Director
3238,27889,Director
5670,85357,Director
3241,115309,Director
64622,468,Director
25962,142297,Director
25962,57142,Director
5672,65429,Director
2064,17087,Director
3243,56911,Director
64695,107045,Director
3244,18378,Director
2065,1243,Director
25963,793,Director
5673,4762,Director
64716,20646,Director
2066,10146,Director
110286,120245,Director
25996,14674,Director
64839,6431,Director
2067,12238,Director
3247,716,Director
2068,6648,Director
25999,89981,Director
5678,17268,Director
3246,5281,Director
64957,7467,Director
3248,1103,Director
5679,1704,Director
64969,59026,Director
26002,40,Director
3249,323,Director
2069,71732,Director
5680,1035,Director
64983,9032,Director
5675,956,Director
2070,5696,Director
3250,664,Director
5682,1462,Director
26038,24939,Director
64993,74091,Director
26003,11983,Director
2071,1724,Director
26048,76978,Director
64997,30053,Director
5684,68993,Director
3283,11147,Director
26052,10346,Director
65037,51470,Director
5685,116832,Director
2073,8300,Director
3326,5342,Director
5688,237414,Director
2072,4600,Director
26059,125690,Director
3251,13563,Director
2074,67750,Director
65126,9048,Director
26073,76978,Director
3327,57328,Director
5689,6729,Director
65088,20739,Director
2075,225898,Director
5690,628,Director
65130,39,Director
2076,5602,Director
3328,4429,Director
26078,834,Director
3329,72624,Director
5693,12840,Director
26084,87521,Director
2077,128947,Director
65133,66548,Director
3330,2746,Director
3331,11454,Director
5696,14838,Director
5694,16483,Director
26082,76978,Director
26085,2000,Director
65188,80207,Director
2080,64864,Director
2080,11434,Director
2080,11429,Director
3334,6593,Director
5699,46603,Director
26095,3776,Director
3338,7854,Director
65193,3310,Director
5700,101108,Director
26116,18392,Director
65216,9181,Director
2081,15810,Director
2081,15811,Director
2082,18356,Director
5704,30689,Director
3341,14674,Director
26122,33727,Director
65225,74257,Director
2083,65298,Director
3342,9168,Director
65230,5065,Director
5706,18392,Director
65261,608,Director
3344,99916,Director
2078,57314,Director
2084,65310,Director
2085,64864,Director
2085,11429,Director
2085,57314,Director
5707,2226,Director
26131,90694,Director
3345,63670,Director
26124,51000,Director
65350,2000,Director
3347,68212,Director
5712,1150,Director
5710,67924,Director
26133,94011,Director
2087,64864,Director
2087,11434,Director
2087,11429,Director
26142,7767,Director
2088,9789,Director
3350,40549,Director
5720,49450,Director
26147,15671,Director
65514,63571,Director
2089,74297,Director
2089,65530,Director
3353,585004,Director
5721,128947,Director
26150,8452,Director
2090,57314,Director
2090,69003,Director
2090,67607,Director
5723,10781,Director
65577,64152,Director
65577,58897,Director
26151,10346,Director
65585,17046,Director
3354,1150,Director
2091,19032,Director
3355,3556,Director
5733,12804,Director
26152,27728,Director
65588,114109,Director
2092,56852,Director
2092,139851,Director
2092,34480,Director
5735,167407,Director
65596,58324,Director
3357,27614,Director
26158,11720,Director
2093,154,Director
65601,27226,Director
2094,4945,Director
26159,82461,Director
5736,167407,Director
3358,13,Director
5741,1650,Director
26169,82461,Director
26171,5763,Director
65642,118303,Director
5742,7501,Director
2095,5834,Director
3360,44847,Director
65631,56778,Director
2096,64864,Director
3361,4037,Director
3359,12804,Director
26172,19665,Director
2097,25630,Director
65651,4586,Director
3362,39996,Director
5746,102334,Director
26176,138006,Director
65682,3964,Director
2098,5834,Director
26183,24530,Director
26183,24531,Director
65685,1978,Director
3363,1,Director
5747,2690,Director
2099,275022,Director
2099,11434,Director
3364,6593,Director
5749,17784,Director
65738,117662,Director
26184,1190421,Director
5745,21278,Director
2100,6159,Director
5752,68687,Director
3365,8500,Director
65740,68032,Director
26195,3776,Director
2102,2106,Director
2102,123192,Director
2103,34682,Director
26198,16745,Director
5755,18669,Director
3370,27436,Director
5764,4782,Director
26225,28615,Director
5767,146873,Director
26231,14132,Director
26231,95462,Director
2104,15858,Director
65810,66121,Director
3372,6778,Director
2105,12859,Director
5768,99339,Director
65802,52112,Director
26236,98838,Director
65982,65525,Director
3378,10249,Director
5771,133793,Director
5772,15389,Director
26237,15189,Director
2106,52038,Director
66090,63306,Director
2107,58712,Director
26242,488,Director
66097,57646,Director
2108,8843,Director
5773,16513,Director
3384,15663,Director
26249,56033,Director
3379,4081,Director
3368,10001,Director
66171,2291,Director
5779,2710,Director
26258,55119,Director
66198,1071,Director
3385,1788,Director
2109,1895,Director
65882,223886,Director
65882,81201,Director
3389,13859,Director
3389,55948,Director
66297,74052,Director
2110,1895,Director
66240,18356,Director
26285,11770,Director
3388,56506,Director
2111,1895,Director
26283,14773,Director
5782,18563,Director
26265,20937,Director
66203,29009,Director
5780,10367,Director
5784,57521,Director
3387,28169,Director
5785,56578,Director
3374,142603,Director
26303,1150,Director
66310,18184,Director
5786,80215,Director
66320,39647,Director
66320,39648,Director
3390,134639,Director
26308,10491,Director
2116,16384,Director
2115,488,Director
3386,1152,Director
3391,15890,Director
2117,28898,Director
66335,77177,Director
5787,16294,Director
3392,53861,Director
2112,8844,Director
2114,1776,Director
26313,9789,Director
3393,63550,Director
66371,76936,Director
26326,55119,Director
26317,38007,Director
66427,11357,Director
26322,58499,Director
5791,16391,Director
5792,239075,Director
2119,3027,Director
2118,224,Director
2120,66076,Director
3394,1927,Director
54,71338,Director
66511,10230,Director
26340,24530,Director
26340,24531,Director
110387,18533,Director
55,140354,Director
3396,68457,Director
66509,41039,Director
5796,47792,Director
5796,8514,Director
5796,70308,Director
5796,6593,Director
5796,39853,Director
3397,55983,Director
3395,6729,Director
66665,39,Director
26350,15189,Director
110541,63937,Director
57,1038,Director
66744,56194,Director
3398,7908,Director
26347,107669,Director
110501,142013,Director
5788,65452,Director
3400,1109913,Director
3400,21879,Director
3400,64949,Director
3400,65855,Director
58,28898,Director
61,19304,Director
3401,58075,Director
110591,551463,Director
26357,29648,Director
66785,69081,Director
26365,35525,Director
66798,21981,Director
3402,17784,Director
110586,65594,Director
26359,4956,Director
62,18356,Director
3403,52094,Director
26366,22020,Director
3404,19606,Director
66915,40345,Director
26375,133259,Director
110553,87742,Director
26344,13776,Director
66783,29922,Director
64,49361,Director
3405,26134,Director
110603,937340,Director
110611,87082,Director
63,45649,Director
26386,14639,Director
60,7908,Director
26391,1032,Director
65,57870,Director
110655,5714,Director
67087,17871,Director
67168,144232,Director
68,35137,Director
66,69721,Director
26394,18378,Director
110669,1103683,Director
110669,76045,Director
26399,99436,Director
3410,1027277,Director
26401,11401,Director
66943,80384,Director
69,37932,Director
67193,19242,Director
3409,57134,Director
3408,1884,Director
110746,1149583,Director
110730,559,Director
67186,63303,Director
3406,8823,Director
70,2294,Director
26409,1018959,Director
26413,18899,Director
67255,19346,Director
71,70850,Director
3412,2352,Director
67197,21085,Director
110771,11151,Director
3414,37362,Director
110773,1110102,Director
72,5656,Director
67267,74152,Director
110781,58829,Director
110781,71849,Director
26422,3974,Director
73,16862,Director
3415,8452,Director
3417,5029,Director
26429,67411,Director
110718,1241,Director
3418,578,Director
74,10296,Director
110826,928490,Director
67295,12099,Director
67361,57125,Director
110882,23227,Director
76,25735,Director
3420,13563,Director
3421,4610,Director
75,58712,Director
111113,52934,Director
67408,65630,Director
67408,12080,Director
26464,12840,Director
26467,1788,Director
67508,15868,Director
111146,107274,Director
67534,60949,Director
77,1080309,Director
111320,909318,Director
111320,844266,Director
78,2228,Director
26444,212239,Director
26471,82234,Director
3423,5281,Director
67618,1004171,Director
3422,5281,Director
111360,59,Director
79,18069,Director
67665,8686,Director
26472,16395,Director
3424,5281,Director
80,120229,Director
111362,9032,Director
3426,5281,Director
26492,4610,Director
26492,4600,Director
26492,488,Director
26492,20629,Director
3425,5281,Director
111364,129894,Director
81,5501,Director
67695,54710,Director
67734,54733,Director
3428,24657,Director
111375,32593,Director
26504,29471,Director
111384,74655,Director
3429,7314,Director
83,27771,Director
85,55038,Director
67788,3045,Director
67799,87438,Director
3430,19244,Director
26498,27977,Director
67888,13954,Director
67888,10517,Director
111443,15277,Director
3431,19244,Director
26523,97710,Director
26510,19744,Director
111551,1194749,Director
111551,1194748,Director
86,578,Director
87,29009,Director
111617,57370,Director
67923,58189,Director
3432,19244,Director
26527,309,Director
67997,88926,Director
111622,45117,Director
88,58448,Director
3433,18669,Director
68073,7018,Director
111659,1032536,Director
26528,134306,Director
82,13496,Director
89,12840,Director
3434,52325,Director
26539,10249,Director
68135,58552,Director
111663,216146,Director
3435,3146,Director
92,3224,Director
26524,109402,Director
26542,63921,Director
26542,63920,Director
93,5140,Director
68157,138,Director
68159,17350,Director
3438,18308,Director
95,11401,Director
111732,55119,Director
68194,70500,Director
26554,32277,Director
111743,52139,Director
94,34849,Director
3436,5572,Director
26555,4610,Director
3439,59649,Director
3440,76418,Director
26562,18596,Director
96,11181,Director
68205,20193,Director
68205,20192,Director
111759,11694,Director
97,2406,Director
111680,1029961,Director
68237,81850,Director
111781,9033,Director
3441,8328,Director
111785,86715,Director
26564,20556,Director
68269,69371,Director
99,92561,Director
26567,1524,Director
68319,13079,Director
3442,12988,Director
26547,18897,Director
111795,50767,Director
100,23213,Director
26578,8452,Director
3444,70250,Director
3445,10930,Director
68347,87257,Director
111800,239418,Director
101,5655,Director
26585,11401,Director
102,14692,Director
3446,36804,Director
111817,51679,Director
68358,15344,Director
68444,81199,Director
111913,1073157,Director
103,21053,Director
3447,42060,Director
111844,130051,Director
68480,67924,Director
26593,88939,Director
26593,52193,Director
104,17494,Director
3448,8246,Director
68486,11401,Director
26599,309,Director
26603,11770,Director
111921,1053420,Director
3449,1749,Director
105,190,Director
26590,1540466,Director
112006,121830,Director
112006,76595,Director
106,18969,Director
68522,67589,Director
68522,67592,Director
3450,18281,Director
26606,67259,Director
68536,5016,Director
112070,224,Director
26612,11401,Director
3451,4081,Director
107,65298,Director
68552,19000,Director
108,64077,Director
3453,1219210,Director
26622,86293,Director
110,2461,Director
111,1032,Director
112171,20907,Director
68597,19244,Director
68554,6159,Director
112175,69797,Director
3452,10765,Director
68600,56591,Director
112138,107446,Director
112138,155267,Director
3455,58278,Director
112,44916,Director
26630,13493,Director
26630,60220,Director
26630,238647,Director
26630,1170399,Director
112183,223,Director
3456,110695,Director
68650,145627,Director
113,23393,Director
112290,564,Director
26631,83784,Director
116,82293,Director
26645,20849,Director
68659,74623,Director
3459,32327,Director
112303,20400,Director
3454,161858,Director
112316,190,Director
68791,36425,Director
2121,21819,Director
112326,29078,Director
3461,60981,Director
5797,17016,Director
2122,66987,Director
26662,608,Director
5799,834,Director
112334,1102384,Director
3462,13848,Director
2123,40345,Director
26676,57594,Director
26629,80247,Director
3466,33485,Director
3467,18854,Director
5802,9577,Director
5801,13563,Director
2124,5174,Director
112370,865,Director
112421,83281,Director
26680,10367,Director
3468,14875,Director
2125,17167,Director
26681,11401,Director
26686,16897,Director
112454,3124,Director
2126,1150,Director
2130,15389,Director
3470,5026,Director
112450,22214,Director
5804,15045,Director
3469,4081,Director
5809,1150,Director
112460,210053,Director
5810,323,Director
5803,31024,Director
2131,6648,Director
2132,5342,Director
112497,170820,Director
26694,607,Director
3473,236362,Director
5812,16863,Director
3471,488,Director
26695,21377,Director
112512,81495,Director
2133,10965,Director
5816,10965,Director
3474,65420,Director
26696,16590,Director
112515,164554,Director
2134,11505,Director
3475,18738,Director
5817,56205,Director
3476,7270,Director
112552,136495,Director
5818,7348,Director
2136,3663,Director
3477,55790,Director
5820,110464,Director
26700,21217,Director
26704,18500,Director
112580,23968,Director
26712,10781,Director
5826,8500,Director
2137,106835,Director
2137,106834,Director
112623,32278,Director
3478,82219,Director
3479,7187,Director
2138,70663,Director
5828,61905,Director
26713,12453,Director
2139,40345,Director
112727,55499,Director
26701,12180,Director
26717,17279,Director
5833,57581,Director
26726,58453,Director
112749,3026,Director
3480,11834,Director
3481,3224,Director
112788,51851,Director
5829,84021,Director
2135,2087,Director
2141,40345,Director
26729,37850,Director
26729,37852,Director
26729,37872,Director
5836,16745,Director
3483,65629,Director
3483,2036264,Director
112804,45459,Director
2142,21879,Director
2142,64949,Director
112556,7467,Director
2140,7908,Director
2140,55983,Director
3484,18878,Director
2143,578,Director
5838,19069,Director
3489,488,Director
112818,53120,Director
5839,25182,Director
3492,114337,Director
26736,81913,Director
2144,11505,Director
5840,25182,Director
26741,59023,Director
26732,4818,Director
26743,628,Director
112868,125324,Director
112897,143059,Director
5841,83467,Director
3494,37360,Director
5843,774,Director
3496,19304,Director
2145,26502,Director
2146,5572,Director
112911,11091,Director
5847,3974,Director
26745,13563,Director
3497,18378,Director
2147,1044,Director
26750,18254,Director
2148,58712,Director
112940,45052,Director
3498,9168,Director
5849,67792,Director
113159,17884,Director
5853,224,Director
26764,63937,Director
3499,3026,Director
113186,75960,Director
2149,69331,Director
2150,55668,Director
112852,15218,Director
5856,15254,Director
26765,548474,Director
113207,55789,Director
2151,55668,Director
3500,7904,Director
3501,18854,Director
5863,101891,Director
2152,87767,Director
113225,1243,Director
3502,3431,Director
26776,608,Director
5867,638,Director
26777,128107,Director
113252,1288796,Director
3503,8452,Director
113275,5306,Director
2154,70777,Director
5874,65133,Director
5872,7256,Director
2153,34682,Director
26782,56872,Director
3505,21370,Director
26778,64508,Director
3504,39996,Director
5873,52405,Director
113278,204553,Director
113278,105643,Director
113280,231550,Director
2155,54240,Director
26792,51572,Director
2156,72191,Director
113313,1284498,Director
3506,16544,Director
26791,11834,Director
5875,41670,Director
26796,20789,Director
3507,69300,Director
5876,13015,Director
2160,3556,Director
2159,9200,Director
113345,9340,Director
113345,9339,Director
5878,309,Director
3508,190,Director
26797,71466,Director
26797,1057662,Director
26797,1057663,Director
113348,66739,Director
2161,5231,Director
5879,84975,Director
2162,1174031,Director
3511,53177,Director
113350,562206,Director
5880,25735,Director
26812,30038,Director
2164,1195866,Director
3512,5149,Director
26819,27991,Director
3513,15175,Director
5881,1884,Director
113374,21768,Director
2163,22353,Director
113378,13015,Director
5882,15811,Director
5882,15810,Director
26828,62043,Director
2165,58689,Director
3514,2283,Director
5883,57895,Director
113394,1167487,Director
3510,17812,Director
26810,112674,Director
26838,3224,Director
2166,52629,Director
113416,65994,Director
113416,1352991,Director
3515,33438,Director
26840,3317,Director
5884,96878,Director
113453,65734,Director
5888,113337,Director
3516,18907,Director
113532,84739,Director
113532,84740,Director
2167,10808,Director
2169,111247,Director
5889,107669,Director
26854,83996,Director
113565,101542,Director
3519,9915,Director
3521,4429,Director
2170,12991,Director
5890,49555,Director
26861,18355,Director
26861,568711,Director
3524,122944,Director
5891,93410,Director
26865,64901,Director
113604,89814,Director
3525,57359,Director
2172,15149,Director
5893,21053,Director
2174,510,Director
26870,12920,Director
5896,55790,Director
3526,6159,Director
113705,56209,Director
113705,45138,Director
113741,146439,Director
2175,117075,Director
5899,76882,Director
113573,2293,Director
113573,2294,Director
26871,58712,Director
3527,1090,Director
26875,65314,Director
113780,77147,Director
2171,37948,Director
3528,10400,Director
5900,1524,Director
113829,82226,Director
2177,2636,Director
5901,96318,Director
3529,19450,Director
113849,69991,Director
26900,114678,Director
2178,2636,Director
113862,98631,Director
3531,1012097,Director
3534,31024,Director
2176,2636,Director
5903,13927,Director
3535,16378,Director
2179,2636,Director
2180,2636,Director
26903,555254,Director
114028,111807,Director
5902,5953,Director
5909,17282,Director
26901,61950,Director
26913,73121,Director
26928,28615,Director
5912,107639,Director
117,81020,Director
114044,1290265,Director
114060,236859,Director
2181,2636,Director
3536,819,Director
68793,17825,Director
118,68185,Director
26940,31024,Director
68835,84618,Director
2182,2636,Director
3537,78523,Director
5915,6593,Director
119,12989,Director
114066,1282311,Director
114066,1282310,Director
2183,2636,Director
5919,97847,Director
3538,65865,Director
68848,67367,Director
26947,21183,Director
114074,303056,Director
2184,2636,Director
121,60295,Director
3539,22669,Director
5922,67972,Director
5922,67971,Director
26958,71950,Director
114126,97524,Director
114126,26852,Director
68872,4410,Director
122,68215,Director
2185,2636,Director
3543,8246,Director
26965,53334,Director
5925,114629,Director
3544,95024,Director
123,12453,Director
114180,1179066,Director
5927,4967,Director
68932,36588,Director
114184,1279781,Director
3545,66777,Director
26974,51918,Director
68886,85340,Director
5929,1961,Director
2187,2636,Director
125,17883,Director
68945,77921,Director
68945,77926,Director
68945,77923,Director
68945,934636,Director
68945,1822263,Director
68945,1253110,Director
68945,1261620,Director
68945,77937,Director
68945,83923,Director
68945,187,Director
68945,2881082,Director
68945,1063221,Director
68945,1046842,Director
68945,1164927,Director
68945,227555,Director
26985,55916,Director
5932,142594,Director
2188,33541,Director
114246,2199,Director
3546,18392,Director
114265,90492,Director
26999,58829,Director
68952,7623,Director
2186,2636,Director
128,93632,Director
126,16589,Director
5938,39996,Director
2190,16395,Director
3548,87521,Director
2193,6159,Director
114335,55119,Director
114335,1187307,Director
114335,1187306,Director
68954,12890,Director
27003,43513,Director
5941,80215,Director
114396,8688,Director
2194,1150,Director
132,15175,Director
3550,893,Director
27006,81020,Director
114494,232959,Director
69069,82511,Director
5942,66512,Director
2195,72450,Director
129,122583,Director
137,45382,Director
114554,628,Director
69118,20556,Director
5943,39819,Director
3551,19304,Director
27008,11641,Director
2196,26760,Director
3552,1524,Director
5944,2523,Director
27020,21136,Director
140,18250,Director
2201,2636,Director
69122,57130,Director
114601,17825,Director
5945,13235,Director
3553,19012,Director
3549,10601,Director
69131,18844,Director
2202,2636,Director
114627,12180,Director
68959,83923,Director
141,5342,Director
69134,42,Director
3554,71947,Director
5947,5696,Director
114662,190,Director
27032,18897,Director
27032,70109,Director
27022,18185,Director
144,12833,Director
5949,17597,Director
2203,2636,Director
114670,19303,Director
69140,119114,Director
145,865,Director
5951,83287,Director
27074,155598,Director
27074,108344,Director
135,12920,Director
2204,2636,Director
114678,36804,Director
3555,7213,Director
27075,30870,Director
3557,8966,Director
146,56828,Director
114707,59291,Director
2205,2636,Director
5952,108,Director
147,65390,Director
69224,5069,Director
27105,15868,Director
5953,77301,Director
69227,83961,Director
2206,2636,Director
114713,26714,Director
3559,13848,Director
3563,58005,Director
148,10723,Director
2207,2636,Director
27124,21183,Director
69251,75919,Director
69251,75920,Director
5954,5281,Director
114762,1368144,Director
149,91343,Director
3556,1769,Director
3564,13581,Director
2208,2636,Director
5955,5292,Director
27134,4586,Director
69275,76927,Director
2210,2636,Director
3565,34481,Director
27140,72445,Director
114795,1167470,Director
151,30365,Director
3566,998589,Director
69211,1373168,Director
150,6159,Director
69278,11887,Director
5956,1032,Director
114818,40223,Director
2211,2636,Director
5957,18323,Director
27155,34928,Director
69304,52845,Director
5959,40223,Director
27156,77923,Director
27156,77921,Director
3567,69719,Director
2212,2636,Director
114847,119953,Director
114925,56205,Director
152,39104,Director
69306,893,Director
27176,1048448,Director
5961,14392,Director
3568,85242,Director
2226,2636,Director
153,5572,Director
154,793,Director
69394,110618,Director
27178,5125,Director
5962,15868,Director
2227,2636,Director
3569,42,Director
69406,29214,Director
114935,56502,Director
114935,56501,Director
115065,228708,Director
155,19665,Director
2231,21053,Director
3571,6111,Director
5963,10001,Director
156,39819,Director
156,46391,Director
115111,63303,Director
69436,1524,Director
27186,87429,Director
2232,5877,Director
3572,46442,Director
5965,578,Director
157,17087,Director
69453,95329,Director
3573,65420,Director
69469,87130,Director
5969,34611,Director
27246,59670,Director
27246,63713,Director
27246,8256,Director
3574,102688,Director
5968,58294,Director
115149,40644,Director
158,11887,Director
2239,26265,Director
2240,57138,Director
3576,62020,Director
69481,14392,Director
115151,63052,Director
159,5281,Director
2236,16837,Director
27255,119294,Director
69495,1230368,Director
5970,34611,Director
27193,21647,Director
115170,42994,Director
2241,84657,Director
3577,42113,Director
160,664,Director
5971,608,Director
69516,4429,Director
115122,55936,Director
115122,55934,Director
161,893,Director
2243,3388,Director
5974,71787,Director
5974,68424,Director
5974,71788,Director
3578,578,Director
162,17447,Director
27306,132812,Director
115210,19769,Director
27311,34920,Director
3580,55038,Director
5975,29962,Director
2244,253869,Director
115203,550043,Director
163,2294,Director
5979,102429,Director
27266,12453,Director
2245,5342,Director
115231,1141683,Director
69529,66150,Director
164,21712,Director
2247,16294,Director
27317,17282,Director
3581,68281,Director
115502,18323,Director
3584,15206,Director
69604,1243,Director
27320,72156,Director
5980,12698,Director
115216,65879,Director
165,1090,Director
69526,865,Director
3586,18596,Director
2248,11649,Director
69606,54050,Director
115569,57113,Director
27328,58614,Director
166,19224,Director
2249,18378,Director
3587,4955,Director
5986,6593,Director
27329,69238,Director
27329,69237,Director
69640,638,Director
115617,70238,Director
115617,227439,Director
5984,38007,Director
3590,89373,Director
3590,121643,Director
2252,3224,Director
5988,232235,Director
27368,4275,Director
168,3415,Director
27369,87055,Director
27369,2790377,Director
169,56998,Director
2253,8246,Director
5989,488,Director
69654,25882,Director
69654,40230,Director
69644,5714,Director
170,1978,Director
69685,87055,Director
171,252806,Director
2255,1201,Director
2256,19707,Director
27373,7904,Director
3592,80260,Director
5990,4818,Director
3593,5058,Director
115680,1326297,Director
69712,11151,Director
115667,63820,Director
5991,17633,Director
3594,55476,Director
27370,1048458,Director
69720,72619,Director
27397,10099,Director
2257,98199,Director
5992,468,Director
3591,67411,Director
115713,2036,Director
172,59997,Director
115664,1265056,Director
2259,13284,Director
115727,99436,Director
173,33279,Director
3596,7131,Director
3596,7130,Director
69746,1201684,Director
69746,2538868,Director
3597,1058138,Director
174,58316,Director
115819,1270224,Director
115819,1270225,Director
2260,2880,Director
27408,67750,Director
5993,736,Director
27416,57022,Director
115828,1286519,Director
175,51917,Director
2261,87565,Director
69757,87742,Director
5994,32983,Director
5995,3556,Director
5999,80118,Director
5999,552106,Director
177,31211,Director
69784,6767,Director
3604,9054,Director
27426,70703,Director
2263,68085,Director
6001,1032,Director
69805,2388,Director
3598,54469,Director
3599,21506,Director
115877,197,Director
176,6400,Director
27420,213613,Director
2262,9181,Director
27434,54525,Director
116044,1100,Director
69844,11343,Director
2264,17016,Director
178,38516,Director
6002,3230,Director
3606,13294,Director
3606,13284,Director
27441,16136,Director
179,42617,Director
116138,68519,Director
2265,707,Director
3608,510,Director
6003,1461,Director
69860,127716,Director
27450,56401,Director
2266,15239,Director
180,19303,Director
116169,554948,Director
116169,11401,Director
27473,66800,Director
116207,69987,Director
2267,72427,Director
27478,57199,Director
3614,41550,Director
3609,1081129,Director
183,58384,Director
116411,1273262,Director
3615,65856,Director
3615,65855,Director
6006,17825,Director
2268,3026,Director
6009,17282,Director
69951,280,Director
116413,1302549,Director
2269,7270,Director
69953,85333,Director
27480,17282,Director
184,54469,Director
69904,58116,Director
6005,108214,Director
69988,90492,Director
27482,3115,Director
116419,84981,Director
6012,58059,Director
185,11472,Director
6013,48980,Director
181,42111,Director
2271,3180,Director
27491,26882,Director
70015,137427,Director
116505,147532,Director
116505,147531,Director
186,10965,Director
2272,21712,Director
6014,17494,Director
27513,40506,Director
70159,59521,Director
116529,80999,Director
6016,8557,Director
2273,11091,Director
187,56714,Director
27523,63429,Director
70183,36797,Director
2275,116653,Director
116668,76927,Director
6020,18738,Director
27537,5877,Director
189,26487,Director
6021,2303,Director
27539,42274,Director
70206,51023,Director
116724,1012319,Director
70208,28239,Director
116718,9607,Director
2278,13776,Director
190,16863,Director
27549,17282,Director
116738,585785,Director
116738,2325400,Director
6022,587,Director
2279,59958,Director
70286,82194,Director
191,8965,Director
6023,3776,Director
2280,42994,Director
188,28902,Director
27555,71280,Director
70293,9248,Director
116797,77965,Director
193,10491,Director
2281,34849,Director
27563,17282,Director
6025,57691,Director
70301,80747,Director
116799,4762,Director
194,39819,Director
2282,10367,Director
116817,3905,Director
27584,59848,Director
27584,69401,Director
70305,58375,Director
195,5306,Director
2283,4956,Director
6030,82800,Director
116823,10943,Director
70334,36804,Director
27592,10099,Director
196,21370,Director
6027,93025,Director
6031,46712,Director
116849,1374315,Director
27595,80047,Director
2287,51677,Director
198,14392,Director
6033,196769,Director
70336,7775,Director
27604,67075,Director
199,24882,Director
6035,39058,Director
2286,32154,Director
116887,578,Director
2288,11770,Director
70361,16938,Director
70451,20308,Director
70451,20307,Director
116897,591600,Director
201,63713,Director
27618,37710,Director
70492,88718,Director
6036,87590,Director
2289,9789,Director
116941,13620,Director
116941,13594,Director
202,1128,Director
2290,1243,Director
27619,69416,Director
116963,85203,Director
2291,510,Director
27627,96657,Director
6040,66739,Director
203,20237,Director
6039,3460,Director
70533,77923,Director
70533,77926,Director
70533,77921,Director
204,32277,Director
27644,20646,Director
116985,1189506,Director
6041,27436,Director
117107,16852,Director
206,588623,Director
205,3092,Director
27660,183,Director
27660,28249,Director
27660,56342,Director
27660,56341,Director
27660,56339,Director
27660,56340,Director
27660,56338,Director
2294,18863,Director
2294,52870,Director
6042,56937,Director
6042,56938,Director
2295,2283,Director
70565,57692,Director
6044,107301,Director
27664,22461,Director
207,22767,Director
2296,58316,Director
70599,57270,Director
117109,1232064,Director
6049,18844,Director
70637,107753,Director
27667,20310,Director
117133,64901,Director
208,8300,Director
6051,52837,Director
2297,9198,Director
116977,7395,Director
116977,7396,Director
27674,57125,Director
70641,84833,Director
70641,84834,Director
117176,76998,Director
209,73494,Director
2298,554474,Director
6055,78997,Director
27683,26479,Director
2292,57870,Director
210,1723,Director
70663,10965,Director
117192,1222374,Director
2300,14639,Director
27685,66039,Director
6057,71943,Director
211,6111,Director
117364,1308004,Director
70687,54713,Director
2301,14639,Director
27689,16919,Director
70545,68167,Director
117368,62047,Director
212,17309,Director
117444,96676,Director
27692,5696,Director
70703,10179,Director
6059,21370,Director
2302,21217,Director
70697,84851,Director
213,82796,Director
6060,56714,Director
2303,9789,Director
27695,69867,Director
70708,1776,Director
117466,6159,Director
2304,40307,Director
6062,106537,Director
6062,74647,Director
27704,31073,Director
27704,31074,Director
70728,21183,Director
214,1364800,Director
70862,19012,Director
117511,39189,Director
27705,26767,Director
215,564,Director
2306,18356,Director
6063,51534,Director
6058,4755,Director
216,57691,Director
2307,69719,Director
6064,19457,Director
117529,930707,Director
2310,36804,Director
117531,92013,Director
117531,92012,Director
70932,18281,Director
217,43468,Director
27706,11887,Director
117533,220691,Director
70946,45577,Director
218,18378,Director
6067,72467,Director
2311,37710,Director
6070,68113,Director
27716,1012,Director
6078,190,Director
70984,1614,Director
219,44990,Director
70990,38225,Director
70990,93025,Director
117572,60663,Director
2313,5602,Director
27722,69991,Director
220,27991,Director
6086,35525,Director
117545,1397397,Director
2312,19798,Director
222,19969,Director
27721,2419,Director
117590,74619,Director
2314,16294,Director
70994,16848,Director
27731,78173,Director
223,19303,Director
71057,71923,Director
2315,17268,Director
6093,16410,Director
6093,16411,Director
71106,93468,Director
27741,72496,Director
2316,2171,Director
117849,35208,Director
6090,8482,Director
117630,44809,Director
224,25210,Director
2318,66605,Director
6095,18897,Director
6100,1243,Director
27744,72197,Director
117646,58656,Director
71108,6011,Director
27746,51034,Director
71129,74863,Director
27728,12180,Director
117867,208527,Director
2321,23964,Director
6104,57073,Director
6104,15239,Director
71131,237517,Director
71033,84714,Director
229,3556,Director
2320,9032,Director
227,12840,Director
6101,27436,Director
228,58154,Director
117877,1142992,Director
117877,119498,Director
225,8246,Director
230,18596,Director
27762,2,Director
117881,82337,Director
117881,82335,Director
2323,5345,Director
6111,76418,Director
6107,24279,Director
6107,24281,Director
2322,4014,Director
27768,37626,Director
117851,44114,Director
117851,18863,Director
71147,71522,Director
71135,54559,Director
6116,35318,Director
231,7396,Director
117887,101666,Director
2324,4818,Director
2325,34517,Director
6119,64909,Director
232,1614,Director
71156,31511,Director
117895,1179066,Director
27772,20310,Director
233,56205,Director
117922,87055,Director
2327,13367,Director
27773,10099,Director
6122,79464,Director
118082,20659,Director
27776,93903,Director
234,1201,Director
71205,54025,Director
118166,235417,Director
6123,9956,Director
2328,11770,Director
27769,121873,Director
235,510,Director
6124,101750,Director
27778,72952,Director
71211,1884,Director
71248,17403,Director
2329,814,Director
118198,1144118,Director
6125,22669,Director
236,8844,Director
71252,4755,Director
118248,1035,Director
237,7904,Director
6140,4955,Director
238,148119,Director
2331,2163,Director
118270,78806,Director
2330,75882,Director
27788,40307,Director
27784,17282,Director
71254,20192,Director
71254,20193,Director
27790,2034,Director
71264,155267,Director
71264,107446,Director
239,15775,Director
118290,63937,Director
2333,15557,Director
27793,7727,Director
6143,1927,Director
118326,105313,Director
240,57090,Director
2334,9181,Director
71282,95687,Director
241,87695,Director
2335,57370,Director
6145,32154,Director
27801,57214,Director
71302,44878,Director
242,67794,Director
6153,90661,Director
71268,80602,Director
118512,54590,Director
2332,139874,Director
2336,37630,Director
27802,66718,Director
27802,65994,Director
118354,84931,Director
6148,26959,Director
3616,57434,Director
6141,92690,Director
118530,106345,Director
2337,16863,Director
246,122449,Director
243,548480,Director
2338,33279,Director
118572,1288729,Director
71327,10757,Director
6155,18281,Director
6156,42994,Director
3618,1243,Director
3619,67834,Director
71304,10099,Director
71379,90591,Director
6157,16837,Director
71341,5572,Director
248,77121,Director
3622,14639,Director
118700,929825,Director
6158,142007,Director
2340,769,Director
3617,57130,Director
71429,95024,Director
118696,108,Director
2342,55189,Director
71438,25645,Director
118706,17350,Director
3623,11401,Director
249,57851,Director
6162,5216,Director
71453,37302,Director
250,32593,Director
118784,88564,Director
118784,88566,Director
118784,88567,Director
251,1203,Director
247,108,Director
3624,46076,Director
2346,31439,Director
118702,11701,Director
6163,71307,Director
3625,78391,Director
71462,94815,Director
2344,58728,Director
118814,1331991,Director
2339,15042,Director
3626,30309,Director
2347,13859,Director
71464,1224,Director
71464,1223,Director
6166,14692,Director
6159,64141,Director
2348,31493,Director
6169,4951,Director
118862,55520,Director
71466,99496,Director
254,54441,Director
252,64061,Director
71468,92743,Director
118880,1289604,Director
255,73668,Director
2350,1214034,Director
3629,13848,Director
6178,67619,Director
71484,119293,Director
2351,4415,Director
118888,60473,Director
3632,13848,Director
256,8858,Director
118894,92317,Director
118894,23683,Director
6181,6593,Director
118834,57962,Director
257,56872,Director
71494,16848,Director
2352,8844,Director
3633,9868,Director
6182,13563,Director
71500,11012,Director
118896,143593,Director
258,62043,Director
2353,893,Director
3634,13776,Director
71518,69597,Director
6183,123401,Director
2354,86439,Director
2354,110873,Director
3635,10076,Director
259,23393,Director
253,17016,Director
6184,14132,Director
118924,2632,Director
118900,69371,Director
118930,84074,Director
261,58094,Director
3627,79294,Director
71530,7213,Director
2356,1243,Director
3638,10076,Director
6186,66088,Director
71535,91268,Director
71520,17835,Director
71520,1551346,Director
2357,8574,Director
262,11218,Director
263,15488,Director
71550,110343,Director
3628,73256,Director
2358,21013,Director
6187,9168,Director
3639,9915,Director
118997,17633,Director
260,1,Director
118985,510,Director
3640,13848,Director
6188,57130,Director
71579,1176,Director
119068,52443,Director
265,22767,Director
2359,64045,Director
2349,17016,Director
3641,13848,Director
6192,1011,Director
266,9181,Director
3643,101709,Director
2360,4453,Director
71619,48583,Director
6193,91389,Director
71640,89930,Director
3646,1215,Director
6195,1081892,Director
2361,10367,Director
3637,6817,Director
267,14692,Director
119145,957,Director
119141,54734,Director
119141,19274,Director
71668,12708,Director
6170,68212,Director
269,3110,Director
3648,39853,Director
119153,84074,Director
6196,10765,Director
2355,7879,Director
2362,44763,Director
270,58463,Director
3649,1035,Director
2363,18598,Director
6197,224,Director
6185,4037,Director
119167,108888,Director
71745,5953,Director
119155,17825,Director
3652,29433,Director
71732,88556,Director
271,15912,Director
2364,52193,Director
2364,1178751,Director
71810,16589,Director
6201,98750,Director
272,55476,Director
2365,18598,Director
3653,86,Director
6202,131925,Director
119655,130938,Director
71823,77301,Director
71823,6495,Director
71823,55785,Director
71823,2245,Director
71823,11091,Director
71823,11448,Director
71823,37630,Director
71823,524,Director
71823,5125,Director
71823,5872,Director
71823,15435,Director
273,11181,Director
6203,14639,Director
3654,18669,Director
71838,37932,Director
274,27444,Director
2366,3238,Director
2366,3239,Director
119714,1216438,Director
3655,34264,Director
71867,239672,Director
6204,68750,Director
275,9248,Director
119828,21227,Director
2368,6778,Director
3658,26134,Director
2367,6778,Director
119964,1220517,Director
276,24318,Director
3660,52268,Director
6210,116181,Director
71899,92733,Director
2369,53861,Director
6212,20739,Director
120130,992866,Director
277,56911,Director
71902,3055,Director
2370,19665,Director
6213,20907,Director
3661,187067,Director
2371,12964,Director
278,5065,Director
71910,90812,Director
120138,85675,Director
3662,97618,Director
71970,76381,Director
120466,82194,Director
6214,14597,Director
2372,12964,Director
279,16395,Director
6215,75699,Director
71999,1085341,Director
3663,31621,Director
120478,1310844,Director
120478,2303,Director
280,54971,Director
2373,2087,Director
3664,31621,Director
72011,52443,Director
6216,4522,Director
281,6729,Director
120625,229351,Director
3667,80609,Director
2374,6159,Director
6217,172993,Director
72104,550477,Director
72104,550478,Director
282,10781,Director
6218,6220,Director
3668,24657,Director
2375,24318,Director
72129,2150,Director
283,17278,Director
120635,75035,Director
3669,37710,Director
6219,15175,Director
72142,67075,Director
120761,228729,Director
2377,10051,Director
284,129957,Director
6220,58403,Director
72165,3289,Director
120783,1299642,Director
285,70905,Director
3671,14639,Director
3672,94787,Director
2376,10179,Director
72167,54795,Director
120799,47005,Director
2379,41720,Director
287,131792,Director
120637,638,Director
3673,94787,Director
2378,28904,Director
120807,109744,Director
120807,1061773,Director
72171,92657,Director
6222,95760,Director
288,1152,Director
6223,71329,Director
3674,94787,Director
2380,41720,Director
2381,65688,Director
3675,4109,Director
72178,117370,Director
6228,18738,Director
120813,147113,Director
289,13563,Director
6225,2765,Director
72224,53925,Director
3676,5602,Director
290,7256,Director
6232,126462,Director
72226,5655,Director
120919,90350,Director
291,2873,Director
2383,14987,Director
3677,68994,Director
6234,39996,Director
121007,61244,Director
72294,24,Director
292,5231,Director
6235,1128,Director
72308,587,Director
3678,834,Director
2385,15002,Director
120827,1083454,Director
3679,58448,Director
293,59,Director
2384,20629,Director
6237,40199,Director
294,6495,Director
121097,60621,Director
2387,36602,Director
6238,2690,Director
3680,58448,Director
72356,21198,Director
295,23757,Director
121099,137903,Director
121099,60725,Director
72330,41670,Director
2382,14995,Director
6239,39743,Director
2388,72197,Director
72378,6046,Director
121129,62157,Director
3681,4385,Director
296,138,Director
2389,5216,Director
298,1614,Director
6241,28615,Director
121169,583857,Director
2390,55299,Director
3683,1223,Director
3682,18635,Director
6242,26875,Director
299,42617,Director
121171,589230,Director
72405,6818,Director
2391,7623,Director
3684,10967,Director
6244,6495,Director
121231,558929,Director
3685,6593,Director
2392,58868,Director
6245,66777,Director
72407,3288,Director
72395,20019,Director
300,4135,Director
121253,1224031,Director
72424,127542,Director
301,994323,Director
6246,86293,Director
2393,2388,Director
27803,19840,Director
302,23724,Director
72479,34110,Director
2394,44113,Director
2394,59803,Director
2394,21879,Director
3687,80260,Director
27808,3388,Director
6249,57962,Director
3686,5572,Director
3688,12698,Director
2395,5655,Director
303,7623,Director
6250,8844,Director
72554,74943,Director
304,12804,Director
3689,12698,Director
72489,11266,Director
27816,63477,Director
72591,4501,Director
3690,16008,Director
27820,15459,Director
27820,15460,Director
6252,69719,Director
72601,96112,Director
72601,96114,Director
306,1126,Director
2399,16187,Director
307,1126,Director
6254,30008,Director
27815,43993,Director
72603,94075,Director
3691,109876,Director
2400,79726,Director
27821,2226,Director
6251,74298,Director
3692,107482,Director
3692,78021,Director
6263,1090,Director
27822,640,Director
72605,53334,Director
3693,78021,Director
3693,78023,Director
27826,190339,Director
72624,83281,Director
6264,15148,Director
2402,16566,Director
310,45642,Director
3694,78021,Director
3694,78023,Director
2396,18844,Director
2401,190,Director
308,1126,Director
6265,2632,Director
311,133793,Director
27829,4610,Director
2403,16544,Director
72641,54040,Director
3695,78023,Director
3695,78021,Director
6266,66960,Director
27830,63943,Director
305,9789,Director
2404,16589,Director
3696,44056,Director
312,1524,Director
27831,957,Director
72694,77086,Director
2398,24939,Director
2405,21819,Director
3697,2042,Director
6268,71548,Director
313,107274,Director
72696,68573,Director
27834,68519,Director
6267,3087,Director
314,102445,Director
3698,12988,Director
6269,122449,Director
27837,12028,Director
2406,24,Director
72701,117052,Director
315,26648,Director
72692,387816,Director
72692,139851,Director
72692,69416,Director
72692,93301,Director
72692,2070891,Director
6270,5026,Director
2407,6159,Director
3699,11770,Director
72714,550041,Director
27838,72034,Director
6271,1650,Director
3700,102445,Director
2408,40549,Director
27839,26875,Director
6273,2765,Director
72720,120615,Director
317,58072,Director
2409,16483,Director
3701,43513,Director
72731,108,Director
27846,69359,Director
27846,69360,Director
316,6046,Director
318,4027,Director
2410,16483,Director
319,2034,Director
6280,37932,Director
2411,16483,Director
3702,20629,Director
27850,31652,Director
27850,31653,Director
27850,31654,Director
6279,17016,Director
3703,20629,Director
72733,190,Director
72737,15810,Director
72737,15811,Director
27865,45996,Director
6281,5572,Director
320,101444,Director
320,101446,Director
3704,20629,Director
3704,57433,Director
2412,16513,Director
27866,15574,Director
321,72646,Director
321,72647,Director
2413,21217,Director
6283,56342,Director
3705,12840,Director
72874,24886,Director
72919,18323,Director
27869,64883,Director
6285,9612,Director
322,57028,Director
2414,8246,Director
27873,69237,Director
27873,69238,Director
72921,28968,Director
324,72629,Director
324,91499,Director
6286,16767,Director
2415,5632,Director
3706,9168,Director
3707,7270,Director
6287,13426,Director
27878,53384,Director
27878,53385,Director
3708,67753,Director
2416,69801,Director
325,64030,Director
27882,4319,Director
6288,58189,Director
326,607,Director
3709,61824,Director
73015,17698,Director
27879,19416,Director
6289,2710,Director
2417,5342,Director
27899,55420,Director
27899,55421,Director
27899,55429,Director
328,15521,Director
6290,16848,Director
27904,564,Director
2419,86293,Director
3711,16730,Director
2418,1201,Director
3712,52405,Director
327,56891,Director
73017,956,Director
2420,16513,Director
6291,11037,Director
27905,70212,Director
6294,70573,Director
27912,51521,Director
3713,73496,Director
329,2380,Director
73042,31024,Director
330,141825,Director
6295,1214860,Director
331,58080,Director
73106,21475,Director
3714,8482,Director
2421,16513,Director
3710,63709,Director
72998,2710,Director
2422,16513,Director
73160,97618,Director
30707,190,Director
2423,34682,Director
30745,17282,Director
73211,55189,Director
3715,28904,Director
332,11770,Director
73266,61069,Director
3716,64796,Director
334,15389,Director
333,13426,Director
6296,13524,Director
2424,9248,Director
2425,19665,Director
73268,56501,Director
73268,56502,Director
6298,61175,Director
30793,510,Director
6297,12989,Director
3717,58498,Director
6299,20030,Director
73023,65167,Director
30749,2589,Director
335,1884,Director
3719,11181,Director
30803,1188,Director
2427,30715,Director
73290,5306,Director
336,76705,Director
337,5306,Director
73319,26481,Director
6301,7767,Director
3723,24657,Director
6300,1012,Director
6302,101225,Director
338,57090,Director
3720,225898,Director
2428,2294,Director
2429,33485,Director
3724,4964,Director
2430,3239,Director
30810,5655,Director
73321,11448,Director
73321,11447,Director
30812,1032,Director
6303,1744,Director
73323,76325,Director
73344,17496,Director
340,18250,Director
339,12962,Director
6305,1650,Director
2432,10965,Director
3726,11770,Director
30820,58573,Director
2433,2260,Director
6306,76559,Director
341,1230367,Director
73386,53120,Director
3727,14392,Director
30822,3289,Director
6308,8858,Director
73431,18357,Director
2435,173686,Director
3728,21712,Director
342,3045,Director
30816,5572,Director
73488,21931,Director
6310,31903,Director
3729,6558,Director
73499,31900,Director
2436,24657,Director
343,83313,Director
30846,12624,Director
2431,4499,Director
2439,1035,Director
6313,1895,Director
344,4499,Director
30818,1979,Director
3730,1776,Director
73501,232313,Director
30848,60860,Director
30825,6737,Director
3731,84736,Director
2442,26481,Director
30850,28898,Director
6315,12964,Director
346,1978,Director
3725,16384,Director
3732,1150,Director
6314,18378,Director
30883,54644,Director
73569,18897,Director
73515,85818,Director
347,3556,Director
2445,11472,Director
6316,39996,Director
3733,14838,Director
30890,128107,Director
348,1243,Director
73676,70109,Director
345,27889,Director
3735,39996,Director
73681,20430,Director
6319,143491,Director
30892,19509,Director
6320,47773,Director
349,13015,Director
2447,53177,Director
30894,61357,Director
73741,78108,Director
3737,73256,Director
350,5572,Director
3736,3146,Director
30898,24173,Director
6323,366,Director
73804,24886,Director
73804,20674,Director
2448,58338,Director
6322,15890,Director
30994,6835,Director
3738,488,Director
2450,686,Director
352,5281,Director
2443,12227,Director
2446,17016,Director
2451,42309,Director
31000,21278,Director
73822,65452,Director
351,16853,Director
73808,75915,Director
2453,14692,Director
353,21085,Director
31030,18738,Director
3740,11770,Director
73854,144977,Director
6329,77883,Director
31038,146150,Director
3741,30715,Director
2454,70565,Director
73858,80523,Director
6330,69696,Director
355,13581,Director
2455,224,Director
3742,9603,Director
73876,78108,Director
31049,22151,Director
6324,64061,Director
31083,19450,Director
3743,64815,Director
356,24,Director
354,4037,Director
3744,6482,Director
73929,116357,Director
31086,31074,Director
357,10723,Director
73881,85675,Director
121338,40940,Director
3745,40345,Director
3745,12881,Director
358,6482,Director
31101,18320,Director
3739,2428,Director
121372,1827779,Director
3746,19842,Director
31114,11013,Director
74089,217729,Director
6327,34849,Director
6327,2163,Director
121374,1827779,Director
360,56106,Director
121342,40940,Director
121342,21598,Director
3747,157879,Director
74095,56339,Director
121469,1320176,Director
361,41550,Director
31123,38507,Director
74154,16837,Director
31116,11435,Director
3751,53304,Director
3751,7314,Director
74075,73833,Director
362,7775,Director
121715,140244,Director
74226,37833,Director
31150,16384,Director
121781,105799,Director
363,226963,Director
3753,6046,Director
122092,1048458,Director
74228,41041,Director
364,15812,Director
364,18898,Director
31162,2042,Director
74275,56412,Director
74275,56411,Director
74282,134306,Director
3754,588701,Director
122246,88077,Director
365,4956,Director
31184,70100,Director
3756,54441,Director
366,5140,Director
3755,5231,Director
31221,12523,Director
74324,8843,Director
122433,5629,Director
3752,7396,Director
3752,7395,Director
31223,50582,Director
3758,114629,Director
359,81727,Director
74342,73256,Director
122490,87183,Director
367,26713,Director
368,7187,Director
3760,4610,Director
369,72427,Director
122627,45037,Director
74370,101542,Director
3761,18596,Director
31260,82800,Director
74450,1201,Director
122882,20629,Director
370,13426,Director
31297,95293,Director
3763,43786,Director
122884,2128,Director
74452,4945,Director
31225,52038,Director
31309,15127,Director
3764,29471,Director
74508,84737,Director
3765,2778,Director
31364,21684,Director
74510,76325,Director
372,7399,Director
3766,64195,Director
374,18281,Director
74458,1032,Director
3767,57154,Director
31410,7832,Director
31367,50583,Director
3769,12114,Director
371,6159,Director
122890,81850,Director
74532,19303,Director
74530,10965,Director
377,2209,Director
3768,51572,Director
31420,58324,Director
378,33485,Director
74553,96676,Director
122888,23430,Director
122886,15344,Director
122896,20307,Director
122896,20308,Director
376,323,Director
3770,52629,Director
3771,82505,Director
74624,19840,Director
31427,15337,Director
74580,13581,Director
379,37710,Director
31422,13581,Director
31424,23799,Director
122900,59026,Director
380,2710,Director
122902,934803,Director
122898,15217,Director
122898,12891,Director
122892,12891,Director
122904,55252,Director
74647,89395,Director
382,5342,Director
3783,17281,Director
31435,65865,Director
74677,31656,Director
74677,31655,Director
74677,567559,Director
74668,78146,Director
381,46085,Director
31433,51600,Director
74545,3556,Director
3773,68215,Director
122906,1056121,Director
3774,67896,Director
3774,141824,Director
122916,55934,Director
31522,2725,Director
384,42301,Director
383,8844,Director
3787,15156,Director
74685,52609,Director
386,72125,Director
373,21053,Director
74683,18308,Director
385,158634,Director
31437,25645,Director
3784,12962,Director
31431,56435,Director
74688,5306,Director
31553,22636,Director
74696,423584,Director
388,1087439,Director
388,1066114,Director
388,133183,Director
3788,15189,Director
122912,19272,Director
122912,19271,Director
3789,39996,Director
31590,103393,Director
31545,103393,Director
389,234793,Director
3790,17042,Director
387,35689,Director
3785,35689,Director
31610,71056,Director
3786,59466,Director
74727,2322719,Director
74698,15045,Director
122924,9032,Director
122922,55499,Director
74750,54526,Director
74750,54525,Director
391,67896,Director
123200,87671,Director
3792,29962,Director
122918,15218,Director
31617,40199,Director
390,4590,Director
3791,18378,Director
122932,28898,Director
123310,154631,Director
393,1726,Director
74754,81916,Director
123545,14293,Director
3794,61069,Director
31658,608,Director
74791,126597,Director
74791,126599,Director
31660,185,Director
405,53599,Director
123553,23799,Director
74789,510,Director
31685,17167,Director
3795,88391,Director
406,77076,Director
74795,25598,Director
31664,65934,Director
31692,112078,Director
124273,140908,Director
124273,140909,Director
407,11770,Director
3793,9032,Director
3797,56263,Director
408,16513,Director
74851,35453,Director
124404,932071,Director
31694,6220,Director
3799,65429,Director
123947,84061,Director
74868,56710,Director
124484,58245,Director
3801,834,Director
3798,24,Director
412,1032,Director
124851,77162,Director
3802,32277,Director
31700,39819,Director
413,7145,Director
74948,94918,Director
31696,10943,Director
3806,18669,Director
124853,19460,Director
31702,54607,Director
75341,16834,Director
74916,5656,Director
31698,64191,Director
410,5174,Director
122920,19272,Director
122920,19271,Director
74946,111686,Director
124859,77357,Director
414,12988,Director
409,88060,Director
75416,62020,Director
415,12840,Director
125221,1054730,Director
125221,97967,Director
3807,21520,Director
31737,834,Director
3808,12329,Director
3809,7908,Director
125916,1137903,Director
75395,70890,Director
125914,508,Director
75389,78806,Director
31851,108987,Director
416,42171,Director
3810,21370,Director
75446,93560,Director
125970,6592,Director
3811,5696,Director
418,68687,Director
31878,57607,Director
75803,51866,Director
31903,213337,Director
3812,1243,Director
419,58448,Director
417,78188,Director
125974,87130,Director
3813,1243,Director
31909,41795,Director
421,1901,Director
31921,18378,Director
3814,1243,Director
126142,44955,Director
31804,23430,Director
422,10781,Director
126088,145255,Director
75813,1462,Director
31867,18356,Director
3816,69315,Director
75947,100336,Director
75947,109555,Director
75947,2403345,Director
31923,10586,Director
126090,550476,Director
126420,232858,Director
75816,19656,Director
420,4610,Director
31445,66571,Director
75805,17167,Director
