alpha_max,cast_cap,k_shrink,precision,recall
0.9,0.25,3,0.007401315789473684,0.07401315789473684
0.89,0.25,3,0.007401315789473684,0.07401315789473684
0.89,0.3,3,0.007401315789473684,0.07401315789473684
0.89,0.29,3,0.007401315789473684,0.07401315789473684
0.89,0.28,3,0.007401315789473684,0.07401315789473684
0.89,0.27,3,0.007401315789473684,0.07401315789473684
0.89,0.26,3,0.007401315789473684,0.07401315789473684
0.88,0.26,3,0.007401315789473684,0.07401315789473684
0.85,0.28,3,0.007401315789473684,0.07401315789473684
0.88,0.29,3,0.007401315789473684,0.07401315789473684
0.84,0.3,3,0.007401315789473684,0.07401315789473684
0.88,0.3,3,0.007401315789473684,0.07401315789473684
0.83,0.3,3,0.007401315789473684,0.07401315789473684
0.86,0.28,3,0.007401315789473684,0.07401315789473684
0.86,0.29,3,0.007401315789473684,0.07401315789473684
0.86,0.27,3,0.007401315789473684,0.07401315789473684
0.86,0.3,3,0.007401315789473684,0.07401315789473684
0.87,0.27,3,0.007401315789473684,0.07401315789473684
0.87,0.3,3,0.007401315789473684,0.07401315789473684
0.85,0.29,3,0.007401315789473684,0.07401315789473684
0.85,0.3,3,0.007401315789473684,0.07401315789473684
0.88,0.27,3,0.007401315789473684,0.07401315789473684
0.9,0.28,3,0.007401315789473684,0.07401315789473684
0.9,0.3,3,0.007401315789473684,0.07401315789473684
0.9,0.27,3,0.007401315789473684,0.07401315789473684
0.9,0.26,3,0.007401315789473684,0.07401315789473684
0.9,0.29,3,0.007401315789473684,0.07401315789473684
0.87,0.29,3,0.007401315789473684,0.07401315789473684
0.87,0.28,3,0.007401315789473684,0.07401315789473684
0.88,0.28,3,0.007401315789473684,0.07401315789473684
0.81,0.3,3,0.007236842105263158,0.07236842105263158
0.81,0.29,3,0.007236842105263158,0.07236842105263158
0.82,0.28,3,0.007236842105263158,0.07236842105263158
0.83,0.27,3,0.007236842105263158,0.07236842105263158
0.84,0.29,3,0.007236842105263158,0.07236842105263158
0.88,0.24,3,0.007236842105263158,0.07236842105263158
0.85,0.25,3,0.007236842105263158,0.07236842105263158
0.85,0.26,3,0.007236842105263158,0.07236842105263158
0.89,0.24,3,0.007236842105263158,0.07236842105263158
0.89,0.29,5,0.007236842105263158,0.07236842105263158
0.89,0.3,5,0.007236842105263158,0.07236842105263158
0.82,0.29,3,0.007236842105263158,0.07236842105263158
0.82,0.3,3,0.007236842105263158,0.07236842105263158
0.83,0.29,3,0.007236842105263158,0.07236842105263158
0.83,0.28,3,0.007236842105263158,0.07236842105263158
0.88,0.3,5,0.007236842105263158,0.07236842105263158
0.84,0.26,3,0.007236842105263158,0.07236842105263158
0.84,0.27,3,0.007236842105263158,0.07236842105263158
0.84,0.28,3,0.007236842105263158,0.07236842105263158
0.88,0.25,3,0.007236842105263158,0.07236842105263158
0.87,0.24,3,0.007236842105263158,0.07236842105263158
0.86,0.26,3,0.007236842105263158,0.07236842105263158
0.9,0.29,5,0.007236842105263158,0.07236842105263158
0.87,0.26,3,0.007236842105263158,0.07236842105263158
0.87,0.25,3,0.007236842105263158,0.07236842105263158
0.9,0.3,5,0.007236842105263158,0.07236842105263158
0.9,0.28,5,0.007236842105263158,0.07236842105263158
0.85,0.27,3,0.007236842105263158,0.07236842105263158
0.86,0.25,3,0.007236842105263158,0.07236842105263158
0.89,0.26,5,0.007072368421052632,0.07072368421052631
0.89,0.22,3,0.007072368421052632,0.07072368421052631
0.85,0.24,3,0.007072368421052632,0.07072368421052631
0.88,0.27,5,0.007072368421052632,0.07072368421052631
0.85,0.3,5,0.007072368421052632,0.07072368421052631
0.85,0.28,5,0.007072368421052632,0.07072368421052631
0.88,0.25,5,0.007072368421052632,0.07072368421052631
0.87,0.3,5,0.007072368421052632,0.07072368421052631
0.88,0.26,5,0.007072368421052632,0.07072368421052631
0.82,0.24,3,0.007072368421052632,0.07072368421052631
0.81,0.26,3,0.007072368421052632,0.07072368421052631
0.81,0.28,3,0.007072368421052632,0.07072368421052631
0.89,0.28,5,0.007072368421052632,0.07072368421052631
0.82,0.27,3,0.007072368421052632,0.07072368421052631
0.82,0.23,3,0.007072368421052632,0.07072368421052631
0.82,0.25,3,0.007072368421052632,0.07072368421052631
0.81,0.27,3,0.007072368421052632,0.07072368421052631
0.81,0.25,3,0.007072368421052632,0.07072368421052631
0.83,0.25,3,0.007072368421052632,0.07072368421052631
0.83,0.24,3,0.007072368421052632,0.07072368421052631
0.83,0.28,5,0.007072368421052632,0.07072368421052631
0.89,0.25,5,0.007072368421052632,0.07072368421052631
0.83,0.23,3,0.007072368421052632,0.07072368421052631
0.8,0.25,3,0.007072368421052632,0.07072368421052631
0.8,0.24,3,0.007072368421052632,0.07072368421052631
0.8,0.26,3,0.007072368421052632,0.07072368421052631
0.8,0.27,3,0.007072368421052632,0.07072368421052631
0.82,0.29,5,0.007072368421052632,0.07072368421052631
0.89,0.27,5,0.007072368421052632,0.07072368421052631
0.83,0.26,3,0.007072368421052632,0.07072368421052631
0.89,0.23,3,0.007072368421052632,0.07072368421052631
0.82,0.26,3,0.007072368421052632,0.07072368421052631
0.89,0.24,5,0.007072368421052632,0.07072368421052631
0.79,0.29,3,0.007072368421052632,0.07072368421052631
0.81,0.24,3,0.007072368421052632,0.07072368421052631
0.8,0.3,3,0.007072368421052632,0.07072368421052631
0.8,0.29,3,0.007072368421052632,0.07072368421052631
0.8,0.28,3,0.007072368421052632,0.07072368421052631
0.76,0.28,3,0.007072368421052632,0.07072368421052631
0.81,0.23,3,0.007072368421052632,0.07072368421052631
0.79,0.26,3,0.007072368421052632,0.07072368421052631
0.79,0.28,3,0.007072368421052632,0.07072368421052631
0.78,0.29,3,0.007072368421052632,0.07072368421052631
0.79,0.25,3,0.007072368421052632,0.07072368421052631
0.79,0.27,3,0.007072368421052632,0.07072368421052631
0.78,0.28,3,0.007072368421052632,0.07072368421052631
0.78,0.26,3,0.007072368421052632,0.07072368421052631
0.78,0.27,3,0.007072368421052632,0.07072368421052631
0.77,0.28,3,0.007072368421052632,0.07072368421052631
0.77,0.27,3,0.007072368421052632,0.07072368421052631
0.9,0.24,5,0.007072368421052632,0.07072368421052631
0.9,0.24,3,0.007072368421052632,0.07072368421052631
0.9,0.23,3,0.007072368421052632,0.07072368421052631
0.9,0.21,3,0.007072368421052632,0.07072368421052631
0.9,0.25,5,0.007072368421052632,0.07072368421052631
0.9,0.26,5,0.007072368421052632,0.07072368421052631
0.9,0.22,3,0.007072368421052632,0.07072368421052631
0.87,0.27,5,0.007072368421052632,0.07072368421052631
0.87,0.28,5,0.007072368421052632,0.07072368421052631
0.87,0.25,5,0.007072368421052632,0.07072368421052631
0.86,0.29,5,0.007072368421052632,0.07072368421052631
0.86,0.3,5,0.007072368421052632,0.07072368421052631
0.86,0.28,5,0.007072368421052632,0.07072368421052631
0.86,0.24,3,0.007072368421052632,0.07072368421052631
0.86,0.26,5,0.007072368421052632,0.07072368421052631
0.86,0.27,5,0.007072368421052632,0.07072368421052631
0.87,0.26,5,0.007072368421052632,0.07072368421052631
0.9,0.27,5,0.007072368421052632,0.07072368421052631
0.87,0.29,5,0.007072368421052632,0.07072368421052631
0.88,0.28,5,0.007072368421052632,0.07072368421052631
0.88,0.24,5,0.007072368421052632,0.07072368421052631
0.84,0.3,5,0.007072368421052632,0.07072368421052631
0.85,0.23,3,0.007072368421052632,0.07072368421052631
0.84,0.28,5,0.007072368421052632,0.07072368421052631
0.88,0.29,5,0.007072368421052632,0.07072368421052631
0.84,0.29,5,0.007072368421052632,0.07072368421052631
0.84,0.27,5,0.007072368421052632,0.07072368421052631
0.83,0.29,5,0.007072368421052632,0.07072368421052631
0.84,0.25,3,0.007072368421052632,0.07072368421052631
0.84,0.24,3,0.007072368421052632,0.07072368421052631
0.83,0.3,5,0.007072368421052632,0.07072368421052631
0.84,0.23,3,0.007072368421052632,0.07072368421052631
0.88,0.23,3,0.007072368421052632,0.07072368421052631
0.85,0.27,5,0.007072368421052632,0.07072368421052631
0.85,0.29,5,0.007072368421052632,0.07072368421052631
0.75,0.3,3,0.006907894736842105,0.06907894736842106
0.77,0.29,3,0.006907894736842105,0.06907894736842106
0.77,0.26,3,0.006907894736842105,0.06907894736842106
0.78,0.28,5,0.006907894736842105,0.06907894736842106
0.77,0.3,3,0.006907894736842105,0.06907894736842106
0.79,0.27,5,0.006907894736842105,0.06907894736842106
0.9,0.19,3,0.006907894736842105,0.06907894736842106
0.73,0.3,3,0.006907894736842105,0.06907894736842106
0.9,0.2,3,0.006907894736842105,0.06907894736842106
0.75,0.28,3,0.006907894736842105,0.06907894736842106
0.75,0.29,3,0.006907894736842105,0.06907894736842106
0.74,0.3,3,0.006907894736842105,0.06907894736842106
0.74,0.29,3,0.006907894736842105,0.06907894736842106
0.76,0.3,3,0.006907894736842105,0.06907894736842106
0.76,0.29,3,0.006907894736842105,0.06907894736842106
0.76,0.27,3,0.006907894736842105,0.06907894736842106
0.82,0.22,3,0.006907894736842105,0.06907894736842106
0.81,0.25,5,0.006907894736842105,0.06907894736842106
0.81,0.28,5,0.006907894736842105,0.06907894736842106
0.81,0.26,5,0.006907894736842105,0.06907894736842106
0.81,0.27,5,0.006907894736842105,0.06907894736842106
0.82,0.25,5,0.006907894736842105,0.06907894736842106
0.78,0.3,3,0.006907894736842105,0.06907894736842106
0.79,0.28,5,0.006907894736842105,0.06907894736842106
0.79,0.3,3,0.006907894736842105,0.06907894736842106
0.8,0.26,5,0.006907894736842105,0.06907894736842106
0.8,0.27,5,0.006907894736842105,0.06907894736842106
0.8,0.28,5,0.006907894736842105,0.06907894736842106
0.8,0.29,5,0.006907894736842105,0.06907894736842106
0.83,0.27,5,0.006907894736842105,0.06907894736842106
0.83,0.26,5,0.006907894736842105,0.06907894736842106
0.83,0.25,5,0.006907894736842105,0.06907894736842106
0.82,0.3,5,0.006907894736842105,0.06907894736842106
0.83,0.22,3,0.006907894736842105,0.06907894736842106
0.83,0.21,3,0.006907894736842105,0.06907894736842106
0.83,0.23,5,0.006907894736842105,0.06907894736842106
0.83,0.24,5,0.006907894736842105,0.06907894736842106
0.89,0.19,3,0.006907894736842105,0.06907894736842106
0.89,0.21,3,0.006907894736842105,0.06907894736842106
0.89,0.2,3,0.006907894736842105,0.06907894736842106
0.89,0.18,3,0.006907894736842105,0.06907894736842106
0.82,0.28,5,0.006907894736842105,0.06907894736842106
0.82,0.26,5,0.006907894736842105,0.06907894736842106
0.82,0.27,5,0.006907894736842105,0.06907894736842106
0.89,0.23,5,0.006907894736842105,0.06907894736842106
0.81,0.29,5,0.006907894736842105,0.06907894736842106
0.82,0.24,5,0.006907894736842105,0.06907894736842106
0.81,0.3,5,0.006907894736842105,0.06907894736842106
0.84,0.25,5,0.006907894736842105,0.06907894736842106
0.84,0.2,3,0.006907894736842105,0.06907894736842106
0.84,0.21,3,0.006907894736842105,0.06907894736842106
0.84,0.22,3,0.006907894736842105,0.06907894736842106
0.84,0.23,5,0.006907894736842105,0.06907894736842106
0.84,0.26,5,0.006907894736842105,0.06907894736842106
0.85,0.26,5,0.006907894736842105,0.06907894736842106
0.84,0.24,5,0.006907894736842105,0.06907894736842106
0.85,0.19,3,0.006907894736842105,0.06907894736842106
0.85,0.2,3,0.006907894736842105,0.06907894736842106
0.85,0.21,3,0.006907894736842105,0.06907894736842106
0.85,0.22,3,0.006907894736842105,0.06907894736842106
0.85,0.23,5,0.006907894736842105,0.06907894736842106
0.86,0.19,3,0.006907894736842105,0.06907894736842106
0.86,0.18,3,0.006907894736842105,0.06907894736842106
0.88,0.22,3,0.006907894736842105,0.06907894736842106
0.88,0.21,3,0.006907894736842105,0.06907894736842106
0.88,0.19,3,0.006907894736842105,0.06907894736842106
0.88,0.2,3,0.006907894736842105,0.06907894736842106
0.88,0.18,3,0.006907894736842105,0.06907894736842106
0.85,0.25,5,0.006907894736842105,0.06907894736842106
0.85,0.24,5,0.006907894736842105,0.06907894736842106
0.86,0.23,5,0.006907894736842105,0.06907894736842106
0.86,0.21,3,0.006907894736842105,0.06907894736842106
0.86,0.23,3,0.006907894736842105,0.06907894736842106
0.86,0.22,3,0.006907894736842105,0.06907894736842106
0.86,0.2,3,0.006907894736842105,0.06907894736842106
0.86,0.24,5,0.006907894736842105,0.06907894736842106
0.86,0.25,5,0.006907894736842105,0.06907894736842106
0.87,0.23,3,0.006907894736842105,0.06907894736842106
0.87,0.24,5,0.006907894736842105,0.06907894736842106
0.87,0.21,3,0.006907894736842105,0.06907894736842106
0.87,0.18,3,0.006907894736842105,0.06907894736842106
0.87,0.19,3,0.006907894736842105,0.06907894736842106
0.87,0.2,3,0.006907894736842105,0.06907894736842106
0.87,0.22,3,0.006907894736842105,0.06907894736842106
0.9,0.3,10,0.006907894736842105,0.06907894736842106
0.9,0.27,10,0.006907894736842105,0.06907894736842106
0.9,0.26,10,0.006907894736842105,0.06907894736842106
0.9,0.25,10,0.006907894736842105,0.06907894736842106
0.9,0.28,10,0.006907894736842105,0.06907894736842106
0.9,0.29,10,0.006907894736842105,0.06907894736842106
0.9,0.22,5,0.006907894736842105,0.06907894736842106
0.9,0.23,5,0.006907894736842105,0.06907894736842106
0.9,0.24,10,0.006907894736842105,0.06907894736842106
0.89,0.19,5,0.006743421052631579,0.06743421052631579
0.89,0.18,5,0.006743421052631579,0.06743421052631579
0.87,0.28,10,0.006743421052631579,0.06743421052631579
0.9,0.23,10,0.006743421052631579,0.06743421052631579
0.89,0.2,5,0.006743421052631579,0.06743421052631579
0.89,0.21,5,0.006743421052631579,0.06743421052631579
0.89,0.22,5,0.006743421052631579,0.06743421052631579
0.89,0.23,10,0.006743421052631579,0.06743421052631579
0.89,0.24,10,0.006743421052631579,0.06743421052631579
0.89,0.25,10,0.006743421052631579,0.06743421052631579
0.89,0.26,10,0.006743421052631579,0.06743421052631579
0.89,0.27,10,0.006743421052631579,0.06743421052631579
0.87,0.25,10,0.006743421052631579,0.06743421052631579
0.87,0.26,10,0.006743421052631579,0.06743421052631579
0.87,0.29,10,0.006743421052631579,0.06743421052631579
0.82,0.22,5,0.006743421052631579,0.06743421052631579
0.82,0.23,5,0.006743421052631579,0.06743421052631579
0.82,0.15,5,0.006743421052631579,0.06743421052631579
0.81,0.22,3,0.006743421052631579,0.06743421052631579
0.81,0.23,5,0.006743421052631579,0.06743421052631579
0.81,0.24,5,0.006743421052631579,0.06743421052631579
0.89,0.28,10,0.006743421052631579,0.06743421052631579
0.89,0.29,10,0.006743421052631579,0.06743421052631579
0.89,0.3,10,0.006743421052631579,0.06743421052631579
0.81,0.16,5,0.006743421052631579,0.06743421052631579
0.8,0.24,5,0.006743421052631579,0.06743421052631579
0.8,0.25,5,0.006743421052631579,0.06743421052631579
0.8,0.3,5,0.006743421052631579,0.06743421052631579
0.8,0.22,3,0.006743421052631579,0.06743421052631579
0.8,0.23,3,0.006743421052631579,0.06743421052631579
0.8,0.17,5,0.006743421052631579,0.06743421052631579
0.79,0.23,3,0.006743421052631579,0.06743421052631579
0.79,0.24,3,0.006743421052631579,0.06743421052631579
0.79,0.24,5,0.006743421052631579,0.06743421052631579
0.79,0.25,5,0.006743421052631579,0.06743421052631579
0.84,0.22,5,0.006743421052631579,0.06743421052631579
0.79,0.26,5,0.006743421052631579,0.06743421052631579
0.79,0.29,5,0.006743421052631579,0.06743421052631579
0.79,0.3,5,0.006743421052631579,0.06743421052631579
0.79,0.18,5,0.006743421052631579,0.06743421052631579
0.73,0.29,3,0.006743421052631579,0.06743421052631579
0.84,0.28,10,0.006743421052631579,0.06743421052631579
0.88,0.28,10,0.006743421052631579,0.06743421052631579
0.88,0.29,10,0.006743421052631579,0.06743421052631579
0.78,0.24,3,0.006743421052631579,0.06743421052631579
0.78,0.25,3,0.006743421052631579,0.06743421052631579
0.78,0.25,5,0.006743421052631579,0.06743421052631579
0.78,0.26,5,0.006743421052631579,0.06743421052631579
0.78,0.27,5,0.006743421052631579,0.06743421052631579
0.78,0.29,5,0.006743421052631579,0.06743421052631579
0.78,0.3,5,0.006743421052631579,0.06743421052631579
0.78,0.19,5,0.006743421052631579,0.06743421052631579
0.88,0.23,5,0.006743421052631579,0.06743421052631579
0.88,0.24,10,0.006743421052631579,0.06743421052631579
0.88,0.25,10,0.006743421052631579,0.06743421052631579
0.88,0.26,10,0.006743421052631579,0.06743421052631579
0.88,0.27,10,0.006743421052631579,0.06743421052631579
0.77,0.3,5,0.006743421052631579,0.06743421052631579
0.88,0.2,5,0.006743421052631579,0.06743421052631579
0.88,0.21,5,0.006743421052631579,0.06743421052631579
0.9,0.18,5,0.006743421052631579,0.06743421052631579
0.9,0.19,5,0.006743421052631579,0.06743421052631579
0.86,0.26,10,0.006743421052631579,0.06743421052631579
0.86,0.27,10,0.006743421052631579,0.06743421052631579
0.86,0.28,10,0.006743421052631579,0.06743421052631579
0.86,0.29,10,0.006743421052631579,0.06743421052631579
0.72,0.3,3,0.006743421052631579,0.06743421052631579
0.77,0.25,3,0.006743421052631579,0.06743421052631579
0.77,0.26,5,0.006743421052631579,0.06743421052631579
0.77,0.27,5,0.006743421052631579,0.06743421052631579
0.77,0.28,5,0.006743421052631579,0.06743421052631579
0.77,0.29,5,0.006743421052631579,0.06743421052631579
0.85,0.22,5,0.006743421052631579,0.06743421052631579
0.77,0.2,5,0.006743421052631579,0.06743421052631579
0.86,0.21,5,0.006743421052631579,0.06743421052631579
0.86,0.22,5,0.006743421052631579,0.06743421052631579
0.73,0.3,5,0.006743421052631579,0.06743421052631579
0.85,0.27,10,0.006743421052631579,0.06743421052631579
0.85,0.28,10,0.006743421052631579,0.06743421052631579
0.88,0.19,5,0.006743421052631579,0.06743421052631579
0.88,0.22,5,0.006743421052631579,0.06743421052631579
0.76,0.26,3,0.006743421052631579,0.06743421052631579
0.76,0.27,5,0.006743421052631579,0.06743421052631579
0.76,0.28,5,0.006743421052631579,0.06743421052631579
0.76,0.29,5,0.006743421052631579,0.06743421052631579
0.76,0.3,5,0.006743421052631579,0.06743421052631579
0.75,0.27,3,0.006743421052631579,0.06743421052631579
0.75,0.28,5,0.006743421052631579,0.06743421052631579
0.75,0.29,5,0.006743421052631579,0.06743421052631579
0.75,0.3,5,0.006743421052631579,0.06743421052631579
0.74,0.28,3,0.006743421052631579,0.06743421052631579
0.74,0.29,5,0.006743421052631579,0.06743421052631579
0.74,0.3,5,0.006743421052631579,0.06743421052631579
0.75,0.19,3,0.006743421052631579,0.06743421052631579
0.9,0.2,5,0.006743421052631579,0.06743421052631579
0.9,0.21,5,0.006743421052631579,0.06743421052631579
0.9,0.22,10,0.006743421052631579,0.06743421052631579
0.87,0.27,10,0.006743421052631579,0.06743421052631579
0.83,0.14,5,0.006743421052631579,0.06743421052631579
0.87,0.2,5,0.006743421052631579,0.06743421052631579
0.87,0.21,5,0.006743421052631579,0.06743421052631579
0.87,0.23,5,0.006743421052631579,0.06743421052631579
0.87,0.22,5,0.006743421052631579,0.06743421052631579
0.68,0.28,3,0.006578947368421052,0.06578947368421052
0.87,0.23,10,0.006578947368421052,0.06578947368421052
0.87,0.24,10,0.006578947368421052,0.06578947368421052
0.7,0.27,3,0.006578947368421052,0.06578947368421052
0.87,0.17,3,0.006578947368421052,0.06578947368421052
0.87,0.18,5,0.006578947368421052,0.06578947368421052
0.71,0.23,3,0.006578947368421052,0.06578947368421052
0.71,0.24,3,0.006578947368421052,0.06578947368421052
0.71,0.25,3,0.006578947368421052,0.06578947368421052
0.71,0.26,3,0.006578947368421052,0.06578947368421052
0.71,0.27,3,0.006578947368421052,0.06578947368421052
0.71,0.27,5,0.006578947368421052,0.06578947368421052
0.71,0.28,3,0.006578947368421052,0.06578947368421052
0.71,0.28,5,0.006578947368421052,0.06578947368421052
0.87,0.3,10,0.006578947368421052,0.06578947368421052
0.66,0.3,3,0.006578947368421052,0.06578947368421052
0.83,0.22,5,0.006578947368421052,0.06578947368421052
0.82,0.18,3,0.006578947368421052,0.06578947368421052
0.82,0.18,5,0.006578947368421052,0.06578947368421052
0.82,0.19,5,0.006578947368421052,0.06578947368421052
0.75,0.21,3,0.006578947368421052,0.06578947368421052
0.75,0.22,3,0.006578947368421052,0.06578947368421052
0.86,0.18,5,0.006578947368421052,0.06578947368421052
0.86,0.19,5,0.006578947368421052,0.06578947368421052
0.86,0.2,5,0.006578947368421052,0.06578947368421052
0.75,0.23,3,0.006578947368421052,0.06578947368421052
0.75,0.23,5,0.006578947368421052,0.06578947368421052
0.75,0.24,3,0.006578947368421052,0.06578947368421052
0.75,0.24,5,0.006578947368421052,0.06578947368421052
0.86,0.3,10,0.006578947368421052,0.06578947368421052
0.74,0.2,3,0.006578947368421052,0.06578947368421052
0.74,0.21,3,0.006578947368421052,0.06578947368421052
0.74,0.22,3,0.006578947368421052,0.06578947368421052
0.82,0.27,10,0.006578947368421052,0.06578947368421052
0.82,0.28,10,0.006578947368421052,0.06578947368421052
0.82,0.29,10,0.006578947368421052,0.06578947368421052
0.77,0.17,3,0.006578947368421052,0.06578947368421052
0.75,0.25,3,0.006578947368421052,0.06578947368421052
0.75,0.25,5,0.006578947368421052,0.06578947368421052
0.75,0.26,3,0.006578947368421052,0.06578947368421052
0.75,0.26,5,0.006578947368421052,0.06578947368421052
0.75,0.27,5,0.006578947368421052,0.06578947368421052
0.76,0.17,3,0.006578947368421052,0.06578947368421052
0.76,0.18,3,0.006578947368421052,0.06578947368421052
0.76,0.19,3,0.006578947368421052,0.06578947368421052
0.76,0.2,3,0.006578947368421052,0.06578947368421052
0.76,0.21,3,0.006578947368421052,0.06578947368421052
0.76,0.21,5,0.006578947368421052,0.06578947368421052
0.76,0.22,3,0.006578947368421052,0.06578947368421052
0.74,0.27,5,0.006578947368421052,0.06578947368421052
0.74,0.28,5,0.006578947368421052,0.06578947368421052
0.75,0.2,3,0.006578947368421052,0.06578947368421052
0.77,0.22,3,0.006578947368421052,0.06578947368421052
0.77,0.22,5,0.006578947368421052,0.06578947368421052
0.77,0.23,3,0.006578947368421052,0.06578947368421052
0.85,0.26,10,0.006578947368421052,0.06578947368421052
0.85,0.29,10,0.006578947368421052,0.06578947368421052
0.85,0.3,10,0.006578947368421052,0.06578947368421052
0.88,0.18,5,0.006578947368421052,0.06578947368421052
0.76,0.22,5,0.006578947368421052,0.06578947368421052
0.76,0.23,3,0.006578947368421052,0.06578947368421052
0.76,0.23,5,0.006578947368421052,0.06578947368421052
0.76,0.24,3,0.006578947368421052,0.06578947368421052
0.76,0.24,5,0.006578947368421052,0.06578947368421052
0.76,0.25,3,0.006578947368421052,0.06578947368421052
0.76,0.25,5,0.006578947368421052,0.06578947368421052
0.76,0.26,5,0.006578947368421052,0.06578947368421052
0.77,0.16,3,0.006578947368421052,0.06578947368421052
0.77,0.2,3,0.006578947368421052,0.06578947368421052
0.74,0.23,3,0.006578947368421052,0.06578947368421052
0.74,0.24,3,0.006578947368421052,0.06578947368421052
0.74,0.24,5,0.006578947368421052,0.06578947368421052
0.86,0.23,10,0.006578947368421052,0.06578947368421052
0.86,0.24,10,0.006578947368421052,0.06578947368421052
0.74,0.25,3,0.006578947368421052,0.06578947368421052
0.74,0.25,5,0.006578947368421052,0.06578947368421052
0.74,0.26,3,0.006578947368421052,0.06578947368421052
0.74,0.26,5,0.006578947368421052,0.06578947368421052
0.74,0.27,3,0.006578947368421052,0.06578947368421052
0.9,0.15,3,0.006578947368421052,0.06578947368421052
0.9,0.16,3,0.006578947368421052,0.06578947368421052
0.9,0.17,3,0.006578947368421052,0.06578947368421052
0.77,0.21,3,0.006578947368421052,0.06578947368421052
0.77,0.21,5,0.006578947368421052,0.06578947368421052
0.9,0.18,10,0.006578947368421052,0.06578947368421052
0.9,0.19,10,0.006578947368421052,0.06578947368421052
0.88,0.16,3,0.006578947368421052,0.06578947368421052
0.88,0.17,3,0.006578947368421052,0.06578947368421052
0.86,0.25,10,0.006578947368421052,0.06578947368421052
0.72,0.3,5,0.006578947368421052,0.06578947368421052
0.73,0.21,3,0.006578947368421052,0.06578947368421052
0.73,0.22,3,0.006578947368421052,0.06578947368421052
0.77,0.24,5,0.006578947368421052,0.06578947368421052
0.77,0.25,5,0.006578947368421052,0.06578947368421052
0.85,0.2,5,0.006578947368421052,0.06578947368421052
0.85,0.21,5,0.006578947368421052,0.06578947368421052
0.85,0.22,10,0.006578947368421052,0.06578947368421052
0.85,0.23,10,0.006578947368421052,0.06578947368421052
0.77,0.18,3,0.006578947368421052,0.06578947368421052
0.77,0.19,3,0.006578947368421052,0.06578947368421052
0.78,0.22,5,0.006578947368421052,0.06578947368421052
0.78,0.23,3,0.006578947368421052,0.06578947368421052
0.78,0.23,5,0.006578947368421052,0.06578947368421052
0.85,0.24,10,0.006578947368421052,0.06578947368421052
0.85,0.25,10,0.006578947368421052,0.06578947368421052
0.88,0.23,10,0.006578947368421052,0.06578947368421052
0.85,0.14,5,0.006578947368421052,0.06578947368421052
0.85,0.15,5,0.006578947368421052,0.06578947368421052
0.85,0.18,3,0.006578947368421052,0.06578947368421052
0.85,0.19,5,0.006578947368421052,0.06578947368421052
0.77,0.3,10,0.006578947368421052,0.06578947368421052
0.9,0.14,3,0.006578947368421052,0.06578947368421052
0.78,0.15,3,0.006578947368421052,0.06578947368421052
0.77,0.23,5,0.006578947368421052,0.06578947368421052
0.77,0.24,3,0.006578947368421052,0.06578947368421052
0.9,0.18,3,0.006578947368421052,0.06578947368421052
0.79,0.16,3,0.006578947368421052,0.06578947368421052
0.79,0.16,5,0.006578947368421052,0.06578947368421052
0.79,0.17,3,0.006578947368421052,0.06578947368421052
0.79,0.17,5,0.006578947368421052,0.06578947368421052
0.78,0.16,3,0.006578947368421052,0.06578947368421052
0.78,0.17,3,0.006578947368421052,0.06578947368421052
0.78,0.18,3,0.006578947368421052,0.06578947368421052
0.78,0.18,5,0.006578947368421052,0.06578947368421052
0.78,0.19,3,0.006578947368421052,0.06578947368421052
0.78,0.2,3,0.006578947368421052,0.06578947368421052
0.78,0.2,5,0.006578947368421052,0.06578947368421052
0.78,0.21,3,0.006578947368421052,0.06578947368421052
0.78,0.21,5,0.006578947368421052,0.06578947368421052
0.85,0.11,5,0.006578947368421052,0.06578947368421052
0.85,0.13,5,0.006578947368421052,0.06578947368421052
0.78,0.22,3,0.006578947368421052,0.06578947368421052
0.71,0.3,3,0.006578947368421052,0.06578947368421052
0.71,0.3,5,0.006578947368421052,0.06578947368421052
0.79,0.2,3,0.006578947368421052,0.06578947368421052
0.79,0.2,5,0.006578947368421052,0.06578947368421052
0.84,0.25,10,0.006578947368421052,0.06578947368421052
0.84,0.26,10,0.006578947368421052,0.06578947368421052
0.84,0.27,10,0.006578947368421052,0.06578947368421052
0.84,0.29,10,0.006578947368421052,0.06578947368421052
0.84,0.3,10,0.006578947368421052,0.06578947368421052
0.88,0.3,10,0.006578947368421052,0.06578947368421052
0.79,0.21,3,0.006578947368421052,0.06578947368421052
0.78,0.24,5,0.006578947368421052,0.06578947368421052
0.78,0.29,10,0.006578947368421052,0.06578947368421052
0.78,0.3,10,0.006578947368421052,0.06578947368421052
0.79,0.14,3,0.006578947368421052,0.06578947368421052
0.79,0.15,3,0.006578947368421052,0.06578947368421052
0.79,0.18,3,0.006578947368421052,0.06578947368421052
0.79,0.19,3,0.006578947368421052,0.06578947368421052
0.79,0.19,5,0.006578947368421052,0.06578947368421052
0.73,0.23,3,0.006578947368421052,0.06578947368421052
0.73,0.24,3,0.006578947368421052,0.06578947368421052
0.73,0.25,3,0.006578947368421052,0.06578947368421052
0.73,0.25,5,0.006578947368421052,0.06578947368421052
0.73,0.26,3,0.006578947368421052,0.06578947368421052
0.73,0.26,5,0.006578947368421052,0.06578947368421052
0.73,0.27,3,0.006578947368421052,0.06578947368421052
0.73,0.27,5,0.006578947368421052,0.06578947368421052
0.73,0.28,3,0.006578947368421052,0.06578947368421052
0.73,0.28,5,0.006578947368421052,0.06578947368421052
0.73,0.29,5,0.006578947368421052,0.06578947368421052
0.71,0.29,3,0.006578947368421052,0.06578947368421052
0.71,0.29,5,0.006578947368421052,0.06578947368421052
0.8,0.17,3,0.006578947368421052,0.06578947368421052
0.8,0.18,3,0.006578947368421052,0.06578947368421052
0.84,0.17,5,0.006578947368421052,0.06578947368421052
0.84,0.18,3,0.006578947368421052,0.06578947368421052
0.84,0.19,3,0.006578947368421052,0.06578947368421052
0.84,0.2,5,0.006578947368421052,0.06578947368421052
0.84,0.21,5,0.006578947368421052,0.06578947368421052
0.8,0.18,5,0.006578947368421052,0.06578947368421052
0.79,0.21,5,0.006578947368421052,0.06578947368421052
0.79,0.22,3,0.006578947368421052,0.06578947368421052
0.79,0.22,5,0.006578947368421052,0.06578947368421052
0.79,0.23,5,0.006578947368421052,0.06578947368421052
0.84,0.23,10,0.006578947368421052,0.06578947368421052
0.84,0.24,10,0.006578947368421052,0.06578947368421052
0.79,0.28,10,0.006578947368421052,0.06578947368421052
0.79,0.29,10,0.006578947368421052,0.06578947368421052
0.8,0.21,5,0.006578947368421052,0.06578947368421052
0.8,0.22,5,0.006578947368421052,0.06578947368421052
0.8,0.23,5,0.006578947368421052,0.06578947368421052
0.84,0.12,5,0.006578947368421052,0.06578947368421052
0.84,0.13,3,0.006578947368421052,0.06578947368421052
0.84,0.13,5,0.006578947368421052,0.06578947368421052
0.84,0.14,3,0.006578947368421052,0.06578947368421052
0.84,0.14,5,0.006578947368421052,0.06578947368421052
0.84,0.15,5,0.006578947368421052,0.06578947368421052
0.79,0.3,10,0.006578947368421052,0.06578947368421052
0.8,0.13,3,0.006578947368421052,0.06578947368421052
0.8,0.14,3,0.006578947368421052,0.06578947368421052
0.8,0.15,3,0.006578947368421052,0.06578947368421052
0.8,0.15,5,0.006578947368421052,0.06578947368421052
0.8,0.16,3,0.006578947368421052,0.06578947368421052
0.8,0.16,5,0.006578947368421052,0.06578947368421052
0.8,0.28,10,0.006578947368421052,0.06578947368421052
0.8,0.29,10,0.006578947368421052,0.06578947368421052
0.8,0.3,10,0.006578947368421052,0.06578947368421052
0.84,0.09,3,0.006578947368421052,0.06578947368421052
0.84,0.1,3,0.006578947368421052,0.06578947368421052
0.84,0.11,5,0.006578947368421052,0.06578947368421052
0.81,0.12,3,0.006578947368421052,0.06578947368421052
0.81,0.13,3,0.006578947368421052,0.06578947368421052
0.81,0.14,3,0.006578947368421052,0.06578947368421052
0.81,0.14,5,0.006578947368421052,0.06578947368421052
0.81,0.15,3,0.006578947368421052,0.06578947368421052
0.8,0.19,3,0.006578947368421052,0.06578947368421052
0.8,0.19,5,0.006578947368421052,0.06578947368421052
0.8,0.2,3,0.006578947368421052,0.06578947368421052
0.8,0.2,5,0.006578947368421052,0.06578947368421052
0.8,0.21,3,0.006578947368421052,0.06578947368421052
0.7,0.29,3,0.006578947368421052,0.06578947368421052
0.7,0.29,5,0.006578947368421052,0.06578947368421052
0.81,0.17,5,0.006578947368421052,0.06578947368421052
0.81,0.18,3,0.006578947368421052,0.06578947368421052
0.81,0.18,5,0.006578947368421052,0.06578947368421052
0.81,0.19,3,0.006578947368421052,0.06578947368421052
0.81,0.19,5,0.006578947368421052,0.06578947368421052
0.81,0.2,5,0.006578947368421052,0.06578947368421052
0.81,0.21,3,0.006578947368421052,0.06578947368421052
0.81,0.21,5,0.006578947368421052,0.06578947368421052
0.89,0.16,3,0.006578947368421052,0.06578947368421052
0.89,0.17,3,0.006578947368421052,0.06578947368421052
0.83,0.27,10,0.006578947368421052,0.06578947368421052
0.83,0.28,10,0.006578947368421052,0.06578947368421052
0.84,0.16,5,0.006578947368421052,0.06578947368421052
0.8,0.27,10,0.006578947368421052,0.06578947368421052
0.81,0.16,3,0.006578947368421052,0.06578947368421052
0.81,0.17,3,0.006578947368421052,0.06578947368421052
0.72,0.22,3,0.006578947368421052,0.06578947368421052
0.72,0.23,3,0.006578947368421052,0.06578947368421052
0.72,0.24,3,0.006578947368421052,0.06578947368421052
0.72,0.25,3,0.006578947368421052,0.06578947368421052
0.72,0.26,3,0.006578947368421052,0.06578947368421052
0.72,0.26,5,0.006578947368421052,0.06578947368421052
0.72,0.27,3,0.006578947368421052,0.06578947368421052
0.72,0.27,5,0.006578947368421052,0.06578947368421052
0.72,0.28,3,0.006578947368421052,0.06578947368421052
0.72,0.28,5,0.006578947368421052,0.06578947368421052
0.72,0.29,3,0.006578947368421052,0.06578947368421052
0.72,0.29,5,0.006578947368421052,0.06578947368421052
0.7,0.28,3,0.006578947368421052,0.06578947368421052
0.7,0.28,5,0.006578947368421052,0.06578947368421052
0.82,0.16,5,0.006578947368421052,0.06578947368421052
0.82,0.17,3,0.006578947368421052,0.06578947368421052
0.82,0.17,5,0.006578947368421052,0.06578947368421052
0.83,0.17,3,0.006578947368421052,0.06578947368421052
0.83,0.17,5,0.006578947368421052,0.06578947368421052
0.83,0.29,10,0.006578947368421052,0.06578947368421052
0.83,0.3,10,0.006578947368421052,0.06578947368421052
0.81,0.22,5,0.006578947368421052,0.06578947368421052
0.81,0.26,10,0.006578947368421052,0.06578947368421052
0.81,0.27,10,0.006578947368421052,0.06578947368421052
0.83,0.24,10,0.006578947368421052,0.06578947368421052
0.83,0.25,10,0.006578947368421052,0.06578947368421052
0.83,0.26,10,0.006578947368421052,0.06578947368421052
0.89,0.15,3,0.006578947368421052,0.06578947368421052
0.81,0.28,10,0.006578947368421052,0.06578947368421052
0.81,0.15,5,0.006578947368421052,0.06578947368421052
0.82,0.2,3,0.006578947368421052,0.06578947368421052
0.82,0.21,3,0.006578947368421052,0.06578947368421052
0.83,0.12,3,0.006578947368421052,0.06578947368421052
0.83,0.12,5,0.006578947368421052,0.06578947368421052
0.83,0.13,3,0.006578947368421052,0.06578947368421052
0.83,0.13,5,0.006578947368421052,0.06578947368421052
0.81,0.29,10,0.006578947368421052,0.06578947368421052
0.81,0.3,10,0.006578947368421052,0.06578947368421052
0.82,0.11,3,0.006578947368421052,0.06578947368421052
0.82,0.12,3,0.006578947368421052,0.06578947368421052
0.82,0.13,3,0.006578947368421052,0.06578947368421052
0.82,0.13,5,0.006578947368421052,0.06578947368421052
0.82,0.14,3,0.006578947368421052,0.06578947368421052
0.82,0.14,5,0.006578947368421052,0.06578947368421052
0.82,0.15,3,0.006578947368421052,0.06578947368421052
0.82,0.16,3,0.006578947368421052,0.06578947368421052
0.7,0.26,3,0.006578947368421052,0.06578947368421052
0.68,0.29,3,0.006578947368421052,0.06578947368421052
0.68,0.3,3,0.006578947368421052,0.06578947368421052
0.68,0.3,5,0.006578947368421052,0.06578947368421052
0.83,0.16,3,0.006578947368421052,0.06578947368421052
0.83,0.16,5,0.006578947368421052,0.06578947368421052
0.83,0.1,3,0.006578947368421052,0.06578947368421052
0.83,0.11,3,0.006578947368421052,0.06578947368421052
0.82,0.25,10,0.006578947368421052,0.06578947368421052
0.82,0.26,10,0.006578947368421052,0.06578947368421052
0.83,0.18,5,0.006578947368421052,0.06578947368421052
0.83,0.19,3,0.006578947368421052,0.06578947368421052
0.83,0.2,3,0.006578947368421052,0.06578947368421052
0.83,0.21,5,0.006578947368421052,0.06578947368421052
0.7,0.3,3,0.006578947368421052,0.06578947368421052
0.7,0.3,5,0.006578947368421052,0.06578947368421052
0.82,0.3,10,0.006578947368421052,0.06578947368421052
0.67,0.29,3,0.006578947368421052,0.06578947368421052
0.67,0.3,3,0.006578947368421052,0.06578947368421052
0.9,0.2,10,0.006578947368421052,0.06578947368421052
0.9,0.21,10,0.006578947368421052,0.06578947368421052
0.83,0.14,3,0.006578947368421052,0.06578947368421052
0.83,0.15,3,0.006578947368421052,0.06578947368421052
0.83,0.15,5,0.006578947368421052,0.06578947368421052
0.69,0.27,3,0.006578947368421052,0.06578947368421052
0.69,0.28,3,0.006578947368421052,0.06578947368421052
0.69,0.29,3,0.006578947368421052,0.06578947368421052
0.69,0.29,5,0.006578947368421052,0.06578947368421052
0.69,0.3,3,0.006578947368421052,0.06578947368421052
0.69,0.3,5,0.006578947368421052,0.06578947368421052
0.87,0.19,5,0.006578947368421052,0.06578947368421052
0.7,0.25,3,0.006578947368421052,0.06578947368421052
0.67,0.28,3,0.006414473684210526,0.06414473684210527
0.67,0.28,5,0.006414473684210526,0.06414473684210527
0.67,0.23,3,0.006414473684210526,0.06414473684210527
0.68,0.24,5,0.006414473684210526,0.06414473684210527
0.68,0.25,3,0.006414473684210526,0.06414473684210527
0.68,0.26,3,0.006414473684210526,0.06414473684210527
0.68,0.27,3,0.006414473684210526,0.06414473684210527
0.68,0.27,5,0.006414473684210526,0.06414473684210527
0.68,0.28,5,0.006414473684210526,0.06414473684210527
0.89,0.19,10,0.006414473684210526,0.06414473684210527
0.89,0.2,10,0.006414473684210526,0.06414473684210527
0.89,0.21,10,0.006414473684210526,0.06414473684210527
0.67,0.29,5,0.006414473684210526,0.06414473684210527
0.67,0.3,5,0.006414473684210526,0.06414473684210527
0.68,0.29,5,0.006414473684210526,0.06414473684210527
0.87,0.21,10,0.006414473684210526,0.06414473684210527
0.87,0.22,10,0.006414473684210526,0.06414473684210527
0.69,0.2,3,0.006414473684210526,0.06414473684210527
0.69,0.21,3,0.006414473684210526,0.06414473684210527
0.69,0.22,3,0.006414473684210526,0.06414473684210527
0.69,0.22,5,0.006414473684210526,0.06414473684210527
0.69,0.23,5,0.006414473684210526,0.06414473684210527
0.69,0.24,3,0.006414473684210526,0.06414473684210527
0.69,0.25,3,0.006414473684210526,0.06414473684210527
0.83,0.09,3,0.006414473684210526,0.06414473684210527
0.82,0.23,10,0.006414473684210526,0.06414473684210527
0.82,0.24,10,0.006414473684210526,0.06414473684210527
0.89,0.22,10,0.006414473684210526,0.06414473684210527
0.66,0.28,3,0.006414473684210526,0.06414473684210527
0.66,0.29,3,0.006414473684210526,0.06414473684210527
0.66,0.29,5,0.006414473684210526,0.06414473684210527
0.66,0.3,5,0.006414473684210526,0.06414473684210527
0.69,0.25,5,0.006414473684210526,0.06414473684210527
0.69,0.26,3,0.006414473684210526,0.06414473684210527
0.69,0.26,5,0.006414473684210526,0.06414473684210527
0.69,0.27,5,0.006414473684210526,0.06414473684210527
0.69,0.28,5,0.006414473684210526,0.06414473684210527
0.82,0.2,5,0.006414473684210526,0.06414473684210527
0.82,0.21,5,0.006414473684210526,0.06414473684210527
0.82,0.22,10,0.006414473684210526,0.06414473684210527
0.83,0.11,5,0.006414473684210526,0.06414473684210527
0.66,0.24,3,0.006414473684210526,0.06414473684210527
0.88,0.1,5,0.006414473684210526,0.06414473684210527
0.88,0.11,3,0.006414473684210526,0.06414473684210527
0.88,0.11,5,0.006414473684210526,0.06414473684210527
0.88,0.12,3,0.006414473684210526,0.06414473684210527
0.88,0.12,5,0.006414473684210526,0.06414473684210527
0.87,0.2,10,0.006414473684210526,0.06414473684210527
0.66,0.25,5,0.006414473684210526,0.06414473684210527
0.66,0.26,3,0.006414473684210526,0.06414473684210527
0.66,0.26,5,0.006414473684210526,0.06414473684210527
0.66,0.27,3,0.006414473684210526,0.06414473684210527
0.83,0.18,3,0.006414473684210526,0.06414473684210527
0.83,0.19,5,0.006414473684210526,0.06414473684210527
0.83,0.2,5,0.006414473684210526,0.06414473684210527
0.83,0.2,10,0.006414473684210526,0.06414473684210527
0.83,0.21,10,0.006414473684210526,0.06414473684210527
0.82,0.19,3,0.006414473684210526,0.06414473684210527
0.7,0.19,3,0.006414473684210526,0.06414473684210527
0.7,0.21,3,0.006414473684210526,0.06414473684210527
0.7,0.21,5,0.006414473684210526,0.06414473684210527
0.7,0.23,3,0.006414473684210526,0.06414473684210527
0.7,0.24,3,0.006414473684210526,0.06414473684210527
0.7,0.24,5,0.006414473684210526,0.06414473684210527
0.7,0.25,5,0.006414473684210526,0.06414473684210527
0.7,0.26,5,0.006414473684210526,0.06414473684210527
0.7,0.27,5,0.006414473684210526,0.06414473684210527
0.82,0.1,3,0.006414473684210526,0.06414473684210527
0.82,0.11,5,0.006414473684210526,0.06414473684210527
0.82,0.12,5,0.006414473684210526,0.06414473684210527
0.87,0.15,5,0.006414473684210526,0.06414473684210527
0.87,0.16,5,0.006414473684210526,0.06414473684210527
0.87,0.16,10,0.006414473684210526,0.06414473684210527
0.87,0.17,10,0.006414473684210526,0.06414473684210527
0.71,0.18,3,0.006414473684210526,0.06414473684210527
0.71,0.2,3,0.006414473684210526,0.06414473684210527
0.71,0.2,5,0.006414473684210526,0.06414473684210527
0.71,0.21,3,0.006414473684210526,0.06414473684210527
0.65,0.27,3,0.006414473684210526,0.06414473684210527
0.65,0.27,5,0.006414473684210526,0.06414473684210527
0.65,0.28,3,0.006414473684210526,0.06414473684210527
0.65,0.29,3,0.006414473684210526,0.06414473684210527
0.65,0.3,3,0.006414473684210526,0.06414473684210527
0.65,0.3,5,0.006414473684210526,0.06414473684210527
0.65,0.25,3,0.006414473684210526,0.06414473684210527
0.65,0.26,5,0.006414473684210526,0.06414473684210527
0.71,0.22,3,0.006414473684210526,0.06414473684210527
0.71,0.23,5,0.006414473684210526,0.06414473684210527
0.71,0.24,5,0.006414473684210526,0.06414473684210527
0.71,0.25,5,0.006414473684210526,0.06414473684210527
0.71,0.26,5,0.006414473684210526,0.06414473684210527
0.72,0.17,3,0.006414473684210526,0.06414473684210527
0.72,0.18,5,0.006414473684210526,0.06414473684210527
0.72,0.19,3,0.006414473684210526,0.06414473684210527
0.72,0.19,5,0.006414473684210526,0.06414473684210527
0.72,0.2,3,0.006414473684210526,0.06414473684210527
0.72,0.21,3,0.006414473684210526,0.06414473684210527
0.72,0.22,5,0.006414473684210526,0.06414473684210527
0.72,0.23,5,0.006414473684210526,0.06414473684210527
0.72,0.24,5,0.006414473684210526,0.06414473684210527
0.72,0.25,5,0.006414473684210526,0.06414473684210527
0.87,0.1,3,0.006414473684210526,0.06414473684210527
0.87,0.1,5,0.006414473684210526,0.06414473684210527
0.87,0.11,3,0.006414473684210526,0.06414473684210527
0.87,0.11,5,0.006414473684210526,0.06414473684210527
0.87,0.12,3,0.006414473684210526,0.06414473684210527
0.87,0.12,5,0.006414473684210526,0.06414473684210527
0.81,0.22,10,0.006414473684210526,0.06414473684210527
0.81,0.23,10,0.006414473684210526,0.06414473684210527
0.81,0.24,10,0.006414473684210526,0.06414473684210527
0.81,0.25,10,0.006414473684210526,0.06414473684210527
0.83,0.22,10,0.006414473684210526,0.06414473684210527
0.83,0.23,10,0.006414473684210526,0.06414473684210527
0.89,0.12,5,0.006414473684210526,0.06414473684210527
0.89,0.13,5,0.006414473684210526,0.06414473684210527
0.81,0.2,3,0.006414473684210526,0.06414473684210527
0.87,0.13,3,0.006414473684210526,0.06414473684210527
0.87,0.13,5,0.006414473684210526,0.06414473684210527
0.87,0.14,3,0.006414473684210526,0.06414473684210527
0.87,0.14,5,0.006414473684210526,0.06414473684210527
0.64,0.26,3,0.006414473684210526,0.06414473684210527
0.64,0.28,3,0.006414473684210526,0.06414473684210527
0.64,0.29,3,0.006414473684210526,0.06414473684210527
0.64,0.3,3,0.006414473684210526,0.06414473684210527
0.73,0.16,3,0.006414473684210526,0.06414473684210527
0.73,0.17,5,0.006414473684210526,0.06414473684210527
0.73,0.18,3,0.006414473684210526,0.06414473684210527
0.73,0.18,5,0.006414473684210526,0.06414473684210527
0.73,0.19,3,0.006414473684210526,0.06414473684210527
0.73,0.2,3,0.006414473684210526,0.06414473684210527
0.73,0.21,5,0.006414473684210526,0.06414473684210527
0.73,0.22,5,0.006414473684210526,0.06414473684210527
0.73,0.23,5,0.006414473684210526,0.06414473684210527
0.73,0.24,5,0.006414473684210526,0.06414473684210527
0.81,0.11,3,0.006414473684210526,0.06414473684210527
0.81,0.12,5,0.006414473684210526,0.06414473684210527
0.81,0.13,5,0.006414473684210526,0.06414473684210527
0.87,0.06,3,0.006414473684210526,0.06414473684210527
0.73,0.3,10,0.006414473684210526,0.06414473684210527
0.74,0.15,3,0.006414473684210526,0.06414473684210527
0.9,0.15,10,0.006414473684210526,0.06414473684210527
0.9,0.16,10,0.006414473684210526,0.06414473684210527
0.9,0.17,5,0.006414473684210526,0.06414473684210527
0.74,0.17,3,0.006414473684210526,0.06414473684210527
0.74,0.17,5,0.006414473684210526,0.06414473684210527
0.74,0.18,3,0.006414473684210526,0.06414473684210527
0.88,0.15,10,0.006414473684210526,0.06414473684210527
0.84,0.11,3,0.006414473684210526,0.06414473684210527
0.74,0.19,3,0.006414473684210526,0.06414473684210527
0.63,0.3,3,0.006414473684210526,0.06414473684210527
0.63,0.27,3,0.006414473684210526,0.06414473684210527
0.63,0.29,3,0.006414473684210526,0.06414473684210527
0.74,0.2,5,0.006414473684210526,0.06414473684210527
0.74,0.21,5,0.006414473684210526,0.06414473684210527
0.74,0.22,5,0.006414473684210526,0.06414473684210527
0.74,0.23,5,0.006414473684210526,0.06414473684210527
0.86,0.21,10,0.006414473684210526,0.06414473684210527
0.86,0.22,10,0.006414473684210526,0.06414473684210527
0.88,0.13,3,0.006414473684210526,0.06414473684210527
0.88,0.13,5,0.006414473684210526,0.06414473684210527
0.88,0.14,5,0.006414473684210526,0.06414473684210527
0.88,0.15,5,0.006414473684210526,0.06414473684210527
0.74,0.29,10,0.006414473684210526,0.06414473684210527
0.74,0.3,10,0.006414473684210526,0.06414473684210527
0.84,0.08,3,0.006414473684210526,0.06414473684210527
0.75,0.14,3,0.006414473684210526,0.06414473684210527
0.75,0.15,3,0.006414473684210526,0.06414473684210527
0.75,0.16,3,0.006414473684210526,0.06414473684210527
0.75,0.16,5,0.006414473684210526,0.06414473684210527
0.75,0.17,3,0.006414473684210526,0.06414473684210527
0.75,0.18,3,0.006414473684210526,0.06414473684210527
0.75,0.19,5,0.006414473684210526,0.06414473684210527
0.75,0.2,5,0.006414473684210526,0.06414473684210527
0.75,0.21,5,0.006414473684210526,0.06414473684210527
0.75,0.22,5,0.006414473684210526,0.06414473684210527
0.86,0.14,5,0.006414473684210526,0.06414473684210527
0.86,0.15,3,0.006414473684210526,0.06414473684210527
0.86,0.15,5,0.006414473684210526,0.06414473684210527
0.86,0.16,5,0.006414473684210526,0.06414473684210527
0.84,0.17,3,0.006414473684210526,0.06414473684210527
0.8,0.23,10,0.006414473684210526,0.06414473684210527
0.8,0.24,10,0.006414473684210526,0.06414473684210527
0.8,0.25,10,0.006414473684210526,0.06414473684210527
0.8,0.26,10,0.006414473684210526,0.06414473684210527
0.86,0.17,5,0.006414473684210526,0.06414473684210527
0.86,0.17,10,0.006414473684210526,0.06414473684210527
0.86,0.18,10,0.006414473684210526,0.06414473684210527
0.62,0.3,3,0.006414473684210526,0.06414473684210527
0.75,0.28,10,0.006414473684210526,0.06414473684210527
0.75,0.29,10,0.006414473684210526,0.06414473684210527
0.86,0.1,3,0.006414473684210526,0.06414473684210527
0.86,0.11,3,0.006414473684210526,0.06414473684210527
0.86,0.11,5,0.006414473684210526,0.06414473684210527
0.86,0.12,3,0.006414473684210526,0.06414473684210527
0.86,0.12,5,0.006414473684210526,0.06414473684210527
0.86,0.13,3,0.006414473684210526,0.06414473684210527
0.86,0.13,5,0.006414473684210526,0.06414473684210527
0.86,0.14,3,0.006414473684210526,0.06414473684210527
0.75,0.3,10,0.006414473684210526,0.06414473684210527
0.84,0.12,3,0.006414473684210526,0.06414473684210527
0.84,0.15,3,0.006414473684210526,0.06414473684210527
0.84,0.16,3,0.006414473684210526,0.06414473684210527
0.76,0.13,3,0.006414473684210526,0.06414473684210527
0.76,0.14,3,0.006414473684210526,0.06414473684210527
0.76,0.15,5,0.006414473684210526,0.06414473684210527
0.76,0.16,3,0.006414473684210526,0.06414473684210527
0.76,0.18,5,0.006414473684210526,0.06414473684210527
0.76,0.19,5,0.006414473684210526,0.06414473684210527
0.76,0.2,5,0.006414473684210526,0.06414473684210527
0.88,0.22,10,0.006414473684210526,0.06414473684210527
0.86,0.07,3,0.006414473684210526,0.06414473684210527
0.76,0.27,10,0.006414473684210526,0.06414473684210527
0.76,0.28,10,0.006414473684210526,0.06414473684210527
0.76,0.29,10,0.006414473684210526,0.06414473684210527
0.8,0.14,5,0.006414473684210526,0.06414473684210527
0.84,0.18,5,0.006414473684210526,0.06414473684210527
0.84,0.19,5,0.006414473684210526,0.06414473684210527
0.84,0.19,10,0.006414473684210526,0.06414473684210527
0.84,0.2,10,0.006414473684210526,0.06414473684210527
0.76,0.3,10,0.006414473684210526,0.06414473684210527
0.77,0.13,3,0.006414473684210526,0.06414473684210527
0.77,0.14,5,0.006414473684210526,0.06414473684210527
0.77,0.15,3,0.006414473684210526,0.06414473684210527
0.77,0.17,5,0.006414473684210526,0.06414473684210527
0.77,0.18,5,0.006414473684210526,0.06414473684210527
0.77,0.19,5,0.006414473684210526,0.06414473684210527
0.88,0.2,10,0.006414473684210526,0.06414473684210527
0.88,0.21,10,0.006414473684210526,0.06414473684210527
0.8,0.11,3,0.006414473684210526,0.06414473684210527
0.8,0.12,3,0.006414473684210526,0.06414473684210527
0.77,0.26,10,0.006414473684210526,0.06414473684210527
0.77,0.27,10,0.006414473684210526,0.06414473684210527
0.77,0.28,10,0.006414473684210526,0.06414473684210527
0.77,0.29,10,0.006414473684210526,0.06414473684210527
0.85,0.19,10,0.006414473684210526,0.06414473684210527
0.85,0.14,3,0.006414473684210526,0.06414473684210527
0.85,0.15,3,0.006414473684210526,0.06414473684210527
0.85,0.16,3,0.006414473684210526,0.06414473684210527
0.85,0.16,5,0.006414473684210526,0.06414473684210527
0.85,0.17,5,0.006414473684210526,0.06414473684210527
0.85,0.18,5,0.006414473684210526,0.06414473684210527
0.85,0.18,10,0.006414473684210526,0.06414473684210527
0.9,0.11,5,0.006414473684210526,0.06414473684210527
0.9,0.13,10,0.006414473684210526,0.06414473684210527
0.9,0.14,10,0.006414473684210526,0.06414473684210527
0.89,0.1,5,0.006414473684210526,0.06414473684210527
0.89,0.11,3,0.006414473684210526,0.06414473684210527
0.89,0.11,5,0.006414473684210526,0.06414473684210527
0.84,0.21,10,0.006414473684210526,0.06414473684210527
0.84,0.22,10,0.006414473684210526,0.06414473684210527
0.79,0.25,10,0.006414473684210526,0.06414473684210527
0.79,0.26,10,0.006414473684210526,0.06414473684210527
0.79,0.27,10,0.006414473684210526,0.06414473684210527
0.78,0.12,3,0.006414473684210526,0.06414473684210527
0.78,0.14,3,0.006414473684210526,0.06414473684210527
0.78,0.16,5,0.006414473684210526,0.06414473684210527
0.78,0.17,5,0.006414473684210526,0.06414473684210527
0.85,0.1,3,0.006414473684210526,0.06414473684210527
0.85,0.1,5,0.006414473684210526,0.06414473684210527
0.85,0.11,3,0.006414473684210526,0.06414473684210527
0.79,0.24,10,0.006414473684210526,0.06414473684210527
0.85,0.12,3,0.006414473684210526,0.06414473684210527
0.85,0.12,5,0.006414473684210526,0.06414473684210527
0.85,0.13,3,0.006414473684210526,0.06414473684210527
0.78,0.25,10,0.006414473684210526,0.06414473684210527
0.78,0.26,10,0.006414473684210526,0.06414473684210527
0.78,0.27,10,0.006414473684210526,0.06414473684210527
0.78,0.28,10,0.006414473684210526,0.06414473684210527
0.85,0.07,3,0.006414473684210526,0.06414473684210527
0.85,0.08,3,0.006414473684210526,0.06414473684210527
0.79,0.11,3,0.006414473684210526,0.06414473684210527
0.79,0.13,3,0.006414473684210526,0.06414473684210527
0.79,0.15,5,0.006414473684210526,0.06414473684210527
0.68,0.22,3,0.006414473684210526,0.06414473684210527
0.68,0.23,3,0.006414473684210526,0.06414473684210527
0.68,0.23,5,0.006414473684210526,0.06414473684210527
0.67,0.24,5,0.006414473684210526,0.06414473684210527
0.67,0.25,3,0.006414473684210526,0.06414473684210527
0.67,0.25,5,0.006414473684210526,0.06414473684210527
0.67,0.26,3,0.006414473684210526,0.06414473684210527
0.67,0.27,3,0.006414473684210526,0.06414473684210527
0.88,0.05,3,0.006414473684210526,0.06414473684210527
0.67,0.27,5,0.00625,0.0625
0.67,0.24,3,0.00625,0.0625
0.67,0.23,5,0.00625,0.0625
0.88,0.06,3,0.00625,0.0625
0.68,0.2,3,0.00625,0.0625
0.68,0.21,3,0.00625,0.0625
0.68,0.21,5,0.00625,0.0625
0.68,0.22,5,0.00625,0.0625
0.68,0.24,3,0.00625,0.0625
0.67,0.2,3,0.00625,0.0625
0.73,0.26,10,0.00625,0.0625
0.73,0.27,10,0.00625,0.0625
0.69,0.21,5,0.00625,0.0625
0.69,0.23,3,0.00625,0.0625
0.69,0.24,5,0.00625,0.0625
0.83,0.07,3,0.00625,0.0625
0.83,0.08,3,0.00625,0.0625
0.89,0.03,3,0.00625,0.0625
0.89,0.04,3,0.00625,0.0625
0.73,0.17,3,0.00625,0.0625
0.73,0.19,5,0.00625,0.0625
0.73,0.2,5,0.00625,0.0625
0.85,0.06,3,0.00625,0.0625
0.85,0.08,5,0.00625,0.0625
0.78,0.21,10,0.00625,0.0625
0.78,0.22,10,0.00625,0.0625
0.83,0.1,5,0.00625,0.0625
0.89,0.17,5,0.00625,0.0625
0.89,0.17,10,0.00625,0.0625
0.69,0.18,3,0.00625,0.0625
0.69,0.19,3,0.00625,0.0625
0.81,0.09,3,0.00625,0.0625
0.81,0.1,3,0.00625,0.0625
0.81,0.11,5,0.00625,0.0625
0.87,0.07,3,0.00625,0.0625
0.64,0.22,3,0.00625,0.0625
0.73,0.15,3,0.00625,0.0625
0.87,0.08,3,0.00625,0.0625
0.87,0.08,5,0.00625,0.0625
0.74,0.14,3,0.00625,0.0625
0.79,0.2,10,0.00625,0.0625
0.79,0.21,10,0.00625,0.0625
0.89,0.07,5,0.00625,0.0625
0.89,0.08,5,0.00625,0.0625
0.89,0.09,5,0.00625,0.0625
0.82,0.21,10,0.00625,0.0625
0.89,0.05,3,0.00625,0.0625
0.9,0.15,5,0.00625,0.0625
0.9,0.16,5,0.00625,0.0625
0.74,0.16,3,0.00625,0.0625
0.74,0.16,5,0.00625,0.0625
0.74,0.18,5,0.00625,0.0625
0.88,0.16,5,0.00625,0.0625
0.88,0.16,10,0.00625,0.0625
0.88,0.17,5,0.00625,0.0625
0.88,0.17,10,0.00625,0.0625
0.87,0.13,10,0.00625,0.0625
0.72,0.27,10,0.00625,0.0625
0.66,0.23,3,0.00625,0.0625
0.78,0.2,10,0.00625,0.0625
0.85,0.09,3,0.00625,0.0625
0.85,0.09,5,0.00625,0.0625
0.66,0.24,5,0.00625,0.0625
0.88,0.08,5,0.00625,0.0625
0.88,0.09,5,0.00625,0.0625
0.89,0.18,10,0.00625,0.0625
0.66,0.28,5,0.00625,0.0625
0.72,0.28,10,0.00625,0.0625
0.64,0.27,3,0.00625,0.0625
0.64,0.27,5,0.00625,0.0625
0.64,0.28,5,0.00625,0.0625
0.64,0.29,5,0.00625,0.0625
0.64,0.3,5,0.00625,0.0625
0.84,0.09,5,0.00625,0.0625
0.84,0.1,5,0.00625,0.0625
0.88,0.14,10,0.00625,0.0625
0.88,0.15,3,0.00625,0.0625
0.74,0.25,10,0.00625,0.0625
0.74,0.26,10,0.00625,0.0625
0.66,0.27,5,0.00625,0.0625
0.78,0.11,3,0.00625,0.0625
0.78,0.12,5,0.00625,0.0625
0.78,0.13,3,0.00625,0.0625
0.78,0.13,5,0.00625,0.0625
0.78,0.14,5,0.00625,0.0625
0.78,0.15,5,0.00625,0.0625
0.69,0.3,10,0.00625,0.0625
0.82,0.17,10,0.00625,0.0625
0.82,0.18,10,0.00625,0.0625
0.66,0.21,3,0.00625,0.0625
0.66,0.22,3,0.00625,0.0625
0.9,0.12,3,0.00625,0.0625
0.87,0.19,10,0.00625,0.0625
0.66,0.25,3,0.00625,0.0625
0.74,0.19,5,0.00625,0.0625
0.63,0.3,5,0.00625,0.0625
0.63,0.28,3,0.00625,0.0625
0.63,0.29,5,0.00625,0.0625
0.74,0.24,10,0.00625,0.0625
0.89,0.14,3,0.00625,0.0625
0.81,0.17,10,0.00625,0.0625
0.81,0.18,10,0.00625,0.0625
0.81,0.19,10,0.00625,0.0625
0.9,0.14,5,0.00625,0.0625
0.85,0.2,10,0.00625,0.0625
0.85,0.21,10,0.00625,0.0625
0.85,0.14,10,0.00625,0.0625
0.85,0.15,10,0.00625,0.0625
0.85,0.17,3,0.00625,0.0625
0.85,0.17,10,0.00625,0.0625
0.7,0.17,3,0.00625,0.0625
0.83,0.16,10,0.00625,0.0625
0.83,0.17,10,0.00625,0.0625
0.89,0.15,10,0.00625,0.0625
0.89,0.16,5,0.00625,0.0625
0.89,0.16,10,0.00625,0.0625
0.86,0.2,10,0.00625,0.0625
0.88,0.14,3,0.00625,0.0625
0.86,0.14,10,0.00625,0.0625
0.86,0.16,3,0.00625,0.0625
0.7,0.2,5,0.00625,0.0625
0.7,0.22,3,0.00625,0.0625
0.7,0.22,5,0.00625,0.0625
0.7,0.23,5,0.00625,0.0625
0.8,0.1,3,0.00625,0.0625
0.9,0.12,10,0.00625,0.0625
0.9,0.13,3,0.00625,0.0625
0.84,0.06,3,0.00625,0.0625
0.84,0.07,3,0.00625,0.0625
0.87,0.09,3,0.00625,0.0625
0.87,0.09,5,0.00625,0.0625
0.89,0.13,3,0.00625,0.0625
0.9,0.05,5,0.00625,0.0625
0.9,0.06,5,0.00625,0.0625
0.86,0.16,10,0.00625,0.0625
0.77,0.15,5,0.00625,0.0625
0.77,0.16,5,0.00625,0.0625
0.77,0.21,10,0.00625,0.0625
0.77,0.22,10,0.00625,0.0625
0.88,0.18,10,0.00625,0.0625
0.88,0.19,10,0.00625,0.0625
0.82,0.08,3,0.00625,0.0625
0.82,0.09,3,0.00625,0.0625
0.7,0.18,3,0.00625,0.0625
0.7,0.2,3,0.00625,0.0625
0.86,0.17,3,0.00625,0.0625
0.86,0.19,10,0.00625,0.0625
0.75,0.23,10,0.00625,0.0625
0.75,0.13,3,0.00625,0.0625
0.75,0.15,5,0.00625,0.0625
0.75,0.17,5,0.00625,0.0625
0.75,0.18,5,0.00625,0.0625
0.7,0.3,10,0.00625,0.0625
0.77,0.11,3,0.00625,0.0625
0.61,0.3,3,0.00625,0.0625
0.77,0.12,3,0.00625,0.0625
0.77,0.13,5,0.00625,0.0625
0.77,0.14,3,0.00625,0.0625
0.8,0.12,5,0.00625,0.0625
0.77,0.23,10,0.00625,0.0625
0.72,0.16,3,0.00625,0.0625
0.72,0.18,3,0.00625,0.0625
0.72,0.2,5,0.00625,0.0625
0.72,0.21,5,0.00625,0.0625
0.89,0.06,5,0.00625,0.0625
0.8,0.18,10,0.00625,0.0625
0.87,0.15,3,0.00625,0.0625
0.87,0.15,10,0.00625,0.0625
0.87,0.16,3,0.00625,0.0625
0.87,0.17,5,0.00625,0.0625
0.87,0.18,10,0.00625,0.0625
0.88,0.07,3,0.00625,0.0625
0.84,0.18,10,0.00625,0.0625
0.7,0.29,10,0.00625,0.0625
0.75,0.24,10,0.00625,0.0625
0.75,0.25,10,0.00625,0.0625
0.62,0.29,3,0.00625,0.0625
0.62,0.3,5,0.00625,0.0625
0.65,0.24,3,0.00625,0.0625
0.65,0.25,5,0.00625,0.0625
0.65,0.26,3,0.00625,0.0625
0.71,0.22,5,0.00625,0.0625
0.65,0.21,3,0.00625,0.0625
0.71,0.28,10,0.00625,0.0625
0.71,0.29,10,0.00625,0.0625
0.86,0.09,3,0.00625,0.0625
0.86,0.09,5,0.00625,0.0625
0.86,0.1,5,0.00625,0.0625
0.89,0.14,10,0.00625,0.0625
0.89,0.15,5,0.00625,0.0625
0.9,0.02,3,0.00625,0.0625
0.71,0.19,3,0.00625,0.0625
0.71,0.19,5,0.00625,0.0625
0.71,0.21,5,0.00625,0.0625
0.65,0.28,5,0.00625,0.0625
0.65,0.29,5,0.00625,0.0625
0.65,0.22,3,0.00625,0.0625
0.86,0.05,3,0.00625,0.0625
0.8,0.13,5,0.00625,0.0625
0.76,0.14,5,0.00625,0.0625
0.76,0.15,3,0.00625,0.0625
0.76,0.16,5,0.00625,0.0625
0.76,0.17,5,0.00625,0.0625
0.76,0.22,10,0.00625,0.0625
0.76,0.23,10,0.00625,0.0625
0.76,0.24,10,0.00625,0.0625
0.88,0.07,5,0.00625,0.0625
0.88,0.08,3,0.00625,0.0625
0.71,0.17,3,0.00625,0.0625
0.9,0.03,3,0.00625,0.0625
0.8,0.19,10,0.00625,0.0625
0.8,0.2,10,0.00625,0.0625
0.84,0.15,10,0.00625,0.0625
0.84,0.16,10,0.00625,0.0625
0.76,0.12,3,0.00625,0.0625
0.86,0.06,3,0.00625,0.0625
0.86,0.07,5,0.00625,0.0625
0.86,0.08,3,0.00625,0.0625
0.86,0.08,5,0.00625,0.0625
0.79,0.11,5,0.00625,0.0625
0.79,0.12,3,0.00625,0.0625
0.79,0.13,5,0.00625,0.0625
0.79,0.14,5,0.00625,0.0625
0.79,0.19,10,0.00625,0.0625
0.68,0.19,3,0.00625,0.0625
0.87,0.05,3,0.00625,0.0625
0.67,0.26,5,0.00625,0.0625
0.67,0.21,3,0.00625,0.0625
0.67,0.22,3,0.00625,0.0625
0.67,0.22,5,0.00625,0.0625
0.68,0.25,5,0.00625,0.0625
0.68,0.26,5,0.00625,0.0625
0.88,0.04,3,0.00625,0.0625
0.68,0.18,5,0.0060855263157894735,0.06085526315789474
0.67,0.27,10,0.0060855263157894735,0.06085526315789474
0.88,0.03,3,0.0060855263157894735,0.06085526315789474
0.67,0.21,5,0.0060855263157894735,0.06085526315789474
0.81,0.08,5,0.0060855263157894735,0.06085526315789474
0.81,0.08,3,0.0060855263157894735,0.06085526315789474
0.87,0.04,3,0.0060855263157894735,0.06085526315789474
0.87,0.02,3,0.0060855263157894735,0.06085526315789474
0.68,0.19,5,0.0060855263157894735,0.06085526315789474
0.68,0.27,10,0.0060855263157894735,0.06085526315789474
0.68,0.26,10,0.0060855263157894735,0.06085526315789474
0.69,0.17,3,0.0060855263157894735,0.06085526315789474
0.79,0.16,10,0.0060855263157894735,0.06085526315789474
0.79,0.15,10,0.0060855263157894735,0.06085526315789474
0.79,0.14,10,0.0060855263157894735,0.06085526315789474
0.79,0.12,5,0.0060855263157894735,0.06085526315789474
0.79,0.1,5,0.0060855263157894735,0.06085526315789474
0.79,0.1,3,0.0060855263157894735,0.06085526315789474
0.76,0.12,5,0.0060855263157894735,0.06085526315789474
0.76,0.11,3,0.0060855263157894735,0.06085526315789474
0.84,0.14,10,0.0060855263157894735,0.06085526315789474
0.8,0.22,10,0.0060855263157894735,0.06085526315789474
0.8,0.21,10,0.0060855263157894735,0.06085526315789474
0.65,0.22,5,0.0060855263157894735,0.06085526315789474
0.89,0.05,5,0.0060855263157894735,0.06085526315789474
0.76,0.13,5,0.0060855263157894735,0.06085526315789474
0.8,0.13,10,0.0060855263157894735,0.06085526315789474
0.76,0.26,10,0.0060855263157894735,0.06085526315789474
0.76,0.25,10,0.0060855263157894735,0.06085526315789474
0.71,0.15,5,0.0060855263157894735,0.06085526315789474
0.71,0.15,3,0.0060855263157894735,0.06085526315789474
0.71,0.14,5,0.0060855263157894735,0.06085526315789474
0.71,0.14,3,0.0060855263157894735,0.06085526315789474
0.86,0.04,5,0.0060855263157894735,0.06085526315789474
0.86,0.04,3,0.0060855263157894735,0.06085526315789474
0.89,0.14,5,0.0060855263157894735,0.06085526315789474
0.71,0.18,5,0.0060855263157894735,0.06085526315789474
0.71,0.17,5,0.0060855263157894735,0.06085526315789474
0.86,0.03,3,0.0060855263157894735,0.06085526315789474
0.71,0.27,10,0.0060855263157894735,0.06085526315789474
0.65,0.2,3,0.0060855263157894735,0.06085526315789474
0.71,0.25,10,0.0060855263157894735,0.06085526315789474
0.71,0.24,10,0.0060855263157894735,0.06085526315789474
0.65,0.24,5,0.0060855263157894735,0.06085526315789474
0.65,0.23,3,0.0060855263157894735,0.06085526315789474
0.71,0.3,10,0.0060855263157894735,0.06085526315789474
0.75,0.27,10,0.0060855263157894735,0.06085526315789474
0.75,0.26,10,0.0060855263157894735,0.06085526315789474
0.62,0.26,5,0.0060855263157894735,0.06085526315789474
0.62,0.26,3,0.0060855263157894735,0.06085526315789474
0.62,0.25,3,0.0060855263157894735,0.06085526315789474
0.62,0.24,3,0.0060855263157894735,0.06085526315789474
0.62,0.29,5,0.0060855263157894735,0.06085526315789474
0.7,0.28,10,0.0060855263157894735,0.06085526315789474
0.82,0.12,10,0.0060855263157894735,0.06085526315789474
0.82,0.1,5,0.0060855263157894735,0.06085526315789474
0.84,0.17,10,0.0060855263157894735,0.06085526315789474
0.8,0.15,10,0.0060855263157894735,0.06085526315789474
0.8,0.14,10,0.0060855263157894735,0.06085526315789474
0.71,0.16,5,0.0060855263157894735,0.06085526315789474
0.71,0.16,3,0.0060855263157894735,0.06085526315789474
0.86,0.13,10,0.0060855263157894735,0.06085526315789474
0.86,0.12,10,0.0060855263157894735,0.06085526315789474
0.9,0.04,10,0.0060855263157894735,0.06085526315789474
0.9,0.04,5,0.0060855263157894735,0.06085526315789474
0.9,0.03,10,0.0060855263157894735,0.06085526315789474
0.72,0.17,5,0.0060855263157894735,0.06085526315789474
0.72,0.16,5,0.0060855263157894735,0.06085526315789474
0.72,0.15,5,0.0060855263157894735,0.06085526315789474
0.72,0.15,3,0.0060855263157894735,0.06085526315789474
0.72,0.14,5,0.0060855263157894735,0.06085526315789474
0.77,0.25,10,0.0060855263157894735,0.06085526315789474
0.77,0.24,10,0.0060855263157894735,0.06085526315789474
0.71,0.13,3,0.0060855263157894735,0.06085526315789474
0.77,0.12,5,0.0060855263157894735,0.06085526315789474
0.61,0.27,5,0.0060855263157894735,0.06085526315789474
0.61,0.26,3,0.0060855263157894735,0.06085526315789474
0.61,0.25,3,0.0060855263157894735,0.06085526315789474
0.77,0.11,5,0.0060855263157894735,0.06085526315789474
0.72,0.14,3,0.0060855263157894735,0.06085526315789474
0.72,0.13,5,0.0060855263157894735,0.06085526315789474
0.72,0.13,3,0.0060855263157894735,0.06085526315789474
0.72,0.12,3,0.0060855263157894735,0.06085526315789474
0.75,0.14,5,0.0060855263157894735,0.06085526315789474
0.75,0.13,5,0.0060855263157894735,0.06085526315789474
0.75,0.12,5,0.0060855263157894735,0.06085526315789474
0.75,0.12,3,0.0060855263157894735,0.06085526315789474
0.75,0.11,3,0.0060855263157894735,0.06085526315789474
0.7,0.19,5,0.0060855263157894735,0.06085526315789474
0.7,0.18,5,0.0060855263157894735,0.06085526315789474
0.82,0.08,5,0.0060855263157894735,0.06085526315789474
0.82,0.07,5,0.0060855263157894735,0.06085526315789474
0.82,0.05,3,0.0060855263157894735,0.06085526315789474
0.77,0.16,10,0.0060855263157894735,0.06085526315789474
0.9,0.05,10,0.0060855263157894735,0.06085526315789474
0.89,0.13,10,0.0060855263157894735,0.06085526315789474
0.89,0.12,3,0.0060855263157894735,0.06085526315789474
0.9,0.01,3,0.0060855263157894735,0.06085526315789474
0.87,0.11,10,0.0060855263157894735,0.06085526315789474
0.72,0.26,10,0.0060855263157894735,0.06085526315789474
0.72,0.24,10,0.0060855263157894735,0.06085526315789474
0.84,0.06,5,0.0060855263157894735,0.06085526315789474
0.9,0.13,5,0.0060855263157894735,0.06085526315789474
0.9,0.12,5,0.0060855263157894735,0.06085526315789474
0.8,0.11,5,0.0060855263157894735,0.06085526315789474
0.8,0.1,5,0.0060855263157894735,0.06085526315789474
0.8,0.09,5,0.0060855263157894735,0.06085526315789474
0.8,0.09,3,0.0060855263157894735,0.06085526315789474
0.8,0.08,3,0.0060855263157894735,0.06085526315789474
0.7,0.26,10,0.0060855263157894735,0.06085526315789474
0.7,0.25,10,0.0060855263157894735,0.06085526315789474
0.86,0.15,10,0.0060855263157894735,0.06085526315789474
0.75,0.21,10,0.0060855263157894735,0.06085526315789474
0.88,0.13,10,0.0060855263157894735,0.06085526315789474
0.88,0.12,10,0.0060855263157894735,0.06085526315789474
0.63,0.24,3,0.0060855263157894735,0.06085526315789474
0.87,0.12,10,0.0060855263157894735,0.06085526315789474
0.84,0.05,3,0.0060855263157894735,0.06085526315789474
0.81,0.21,10,0.0060855263157894735,0.06085526315789474
0.81,0.2,10,0.0060855263157894735,0.06085526315789474
0.83,0.18,10,0.0060855263157894735,0.06085526315789474
0.82,0.16,10,0.0060855263157894735,0.06085526315789474
0.7,0.17,5,0.0060855263157894735,0.06085526315789474
0.7,0.16,5,0.0060855263157894735,0.06085526315789474
0.7,0.16,3,0.0060855263157894735,0.06085526315789474
0.85,0.16,10,0.0060855263157894735,0.06085526315789474
0.74,0.22,10,0.0060855263157894735,0.06085526315789474
0.63,0.28,5,0.0060855263157894735,0.06085526315789474
0.63,0.26,5,0.0060855263157894735,0.06085526315789474
0.63,0.25,5,0.0060855263157894735,0.06085526315789474
0.63,0.25,3,0.0060855263157894735,0.06085526315789474
0.74,0.28,10,0.0060855263157894735,0.06085526315789474
0.74,0.27,10,0.0060855263157894735,0.06085526315789474
0.88,0.11,10,0.0060855263157894735,0.06085526315789474
0.88,0.1,3,0.0060855263157894735,0.06085526315789474
0.9,0.11,10,0.0060855263157894735,0.06085526315789474
0.9,0.11,3,0.0060855263157894735,0.06085526315789474
0.9,0.1,5,0.0060855263157894735,0.06085526315789474
0.66,0.21,5,0.0060855263157894735,0.06085526315789474
0.66,0.2,3,0.0060855263157894735,0.06085526315789474
0.66,0.19,3,0.0060855263157894735,0.06085526315789474
0.83,0.19,10,0.0060855263157894735,0.06085526315789474
0.69,0.29,10,0.0060855263157894735,0.06085526315789474
0.83,0.15,10,0.0060855263157894735,0.06085526315789474
0.83,0.12,10,0.0060855263157894735,0.06085526315789474
0.78,0.11,5,0.0060855263157894735,0.06085526315789474
0.78,0.1,3,0.0060855263157894735,0.06085526315789474
0.82,0.13,10,0.0060855263157894735,0.06085526315789474
0.7,0.15,3,0.0060855263157894735,0.06085526315789474
0.7,0.14,3,0.0060855263157894735,0.06085526315789474
0.73,0.12,5,0.0060855263157894735,0.06085526315789474
0.73,0.12,3,0.0060855263157894735,0.06085526315789474
0.72,0.3,10,0.0060855263157894735,0.06085526315789474
0.72,0.29,10,0.0060855263157894735,0.06085526315789474
0.69,0.27,10,0.0060855263157894735,0.06085526315789474
0.69,0.26,10,0.0060855263157894735,0.06085526315789474
0.6,0.27,3,0.0060855263157894735,0.06085526315789474
0.78,0.16,10,0.0060855263157894735,0.06085526315789474
0.78,0.15,10,0.0060855263157894735,0.06085526315789474
0.66,0.23,5,0.0060855263157894735,0.06085526315789474
0.66,0.22,5,0.0060855263157894735,0.06085526315789474
0.87,0.14,10,0.0060855263157894735,0.06085526315789474
0.63,0.23,3,0.0060855263157894735,0.06085526315789474
0.74,0.15,5,0.0060855263157894735,0.06085526315789474
0.9,0.17,10,0.0060855263157894735,0.06085526315789474
0.74,0.14,5,0.0060855263157894735,0.06085526315789474
0.85,0.05,5,0.0060855263157894735,0.06085526315789474
0.85,0.05,3,0.0060855263157894735,0.06085526315789474
0.85,0.04,3,0.0060855263157894735,0.06085526315789474
0.83,0.11,10,0.0060855263157894735,0.06085526315789474
0.59,0.28,3,0.0060855263157894735,0.06085526315789474
0.79,0.23,10,0.0060855263157894735,0.06085526315789474
0.79,0.22,10,0.0060855263157894735,0.06085526315789474
0.82,0.2,10,0.0060855263157894735,0.06085526315789474
0.82,0.19,10,0.0060855263157894735,0.06085526315789474
0.74,0.13,5,0.0060855263157894735,0.06085526315789474
0.81,0.07,3,0.0060855263157894735,0.06085526315789474
0.84,0.11,10,0.0060855263157894735,0.06085526315789474
0.73,0.25,10,0.0060855263157894735,0.06085526315789474
0.73,0.16,5,0.0060855263157894735,0.06085526315789474
0.73,0.15,5,0.0060855263157894735,0.06085526315789474
0.73,0.14,5,0.0060855263157894735,0.06085526315789474
0.73,0.14,3,0.0060855263157894735,0.06085526315789474
0.73,0.13,5,0.0060855263157894735,0.06085526315789474
0.64,0.25,5,0.0060855263157894735,0.06085526315789474
0.64,0.25,3,0.0060855263157894735,0.06085526315789474
0.64,0.24,5,0.0060855263157894735,0.06085526315789474
0.64,0.24,3,0.0060855263157894735,0.06085526315789474
0.64,0.23,3,0.0060855263157894735,0.06085526315789474
0.73,0.13,3,0.0060855263157894735,0.06085526315789474
0.87,0.07,5,0.0060855263157894735,0.06085526315789474
0.81,0.14,10,0.0060855263157894735,0.06085526315789474
0.81,0.13,10,0.0060855263157894735,0.06085526315789474
0.81,0.12,10,0.0060855263157894735,0.06085526315789474
0.81,0.09,5,0.0060855263157894735,0.06085526315789474
0.74,0.13,3,0.0060855263157894735,0.06085526315789474
0.74,0.12,5,0.0060855263157894735,0.06085526315789474
0.74,0.12,3,0.0060855263157894735,0.06085526315789474
0.69,0.18,5,0.0060855263157894735,0.06085526315789474
0.69,0.17,5,0.0060855263157894735,0.06085526315789474
0.89,0.02,3,0.0060855263157894735,0.06085526315789474
0.78,0.24,10,0.0060855263157894735,0.06085526315789474
0.78,0.23,10,0.0060855263157894735,0.06085526315789474
0.85,0.13,10,0.0060855263157894735,0.06085526315789474
0.79,0.09,3,0.0060855263157894735,0.06085526315789474
0.73,0.23,10,0.0060855263157894735,0.06085526315789474
0.83,0.07,5,0.0060855263157894735,0.06085526315789474
0.83,0.06,5,0.0060855263157894735,0.06085526315789474
0.83,0.06,3,0.0060855263157894735,0.06085526315789474
0.69,0.2,5,0.0060855263157894735,0.06085526315789474
0.69,0.19,5,0.0060855263157894735,0.06085526315789474
0.73,0.29,10,0.0060855263157894735,0.06085526315789474
0.73,0.28,10,0.0060855263157894735,0.06085526315789474
0.88,0.06,5,0.0060855263157894735,0.06085526315789474
0.67,0.2,5,0.0060855263157894735,0.06085526315789474
0.67,0.19,5,0.0060855263157894735,0.06085526315789474
0.67,0.19,3,0.0060855263157894735,0.06085526315789474
0.67,0.18,3,0.0060855263157894735,0.06085526315789474
0.68,0.2,5,0.0060855263157894735,0.06085526315789474
0.69,0.16,3,0.0060855263157894735,0.06085526315789474
0.68,0.3,10,0.0060855263157894735,0.06085526315789474
0.68,0.18,3,0.0060855263157894735,0.06085526315789474
0.68,0.17,3,0.0060855263157894735,0.06085526315789474
0.88,0.05,10,0.0059210526315789476,0.05921052631578947
0.85,0.02,3,0.0059210526315789476,0.05921052631578947
0.85,0.01,3,0.0059210526315789476,0.05921052631578947
0.83,0.02,5,0.0059210526315789476,0.05921052631578947
0.83,0.02,3,0.0059210526315789476,0.05921052631578947
0.83,0.01,5,0.0059210526315789476,0.05921052631578947
0.83,0.01,3,0.0059210526315789476,0.05921052631578947
0.88,0.0,5,0.0059210526315789476,0.05921052631578947
0.88,0.01,3,0.0059210526315789476,0.05921052631578947
0.88,0.01,5,0.0059210526315789476,0.05921052631578947
0.79,0.09,5,0.0059210526315789476,0.05921052631578947
0.79,0.13,10,0.0059210526315789476,0.05921052631578947
0.79,0.17,10,0.0059210526315789476,0.05921052631578947
0.85,0.0,3,0.0059210526315789476,0.05921052631578947
0.85,0.0,5,0.0059210526315789476,0.05921052631578947
0.88,0.02,3,0.0059210526315789476,0.05921052631578947
0.89,0.04,5,0.0059210526315789476,0.05921052631578947
0.89,0.04,10,0.0059210526315789476,0.05921052631578947
0.85,0.04,5,0.0059210526315789476,0.05921052631578947
0.85,0.06,5,0.0059210526315789476,0.05921052631578947
0.85,0.07,5,0.0059210526315789476,0.05921052631578947
0.79,0.08,3,0.0059210526315789476,0.05921052631578947
0.79,0.08,5,0.0059210526315789476,0.05921052631578947
0.81,0.05,3,0.0059210526315789476,0.05921052631578947
0.81,0.05,5,0.0059210526315789476,0.05921052631578947
0.81,0.06,3,0.0059210526315789476,0.05921052631578947
0.81,0.06,5,0.0059210526315789476,0.05921052631578947
0.87,0.01,5,0.0059210526315789476,0.05921052631578947
0.87,0.0,3,0.0059210526315789476,0.05921052631578947
0.87,0.0,5,0.0059210526315789476,0.05921052631578947
0.64,0.21,3,0.0059210526315789476,0.05921052631578947
0.64,0.22,5,0.0059210526315789476,0.05921052631578947
0.64,0.23,5,0.0059210526315789476,0.05921052631578947
0.87,0.08,10,0.0059210526315789476,0.05921052631578947
0.74,0.09,3,0.0059210526315789476,0.05921052631578947
0.74,0.1,3,0.0059210526315789476,0.05921052631578947
0.74,0.1,5,0.0059210526315789476,0.05921052631578947
0.74,0.11,3,0.0059210526315789476,0.05921052631578947
0.74,0.11,5,0.0059210526315789476,0.05921052631578947
0.9,0.08,3,0.0059210526315789476,0.05921052631578947
0.63,0.26,3,0.0059210526315789476,0.05921052631578947
0.63,0.27,5,0.0059210526315789476,0.05921052631578947
0.74,0.2,10,0.0059210526315789476,0.05921052631578947
0.74,0.21,10,0.0059210526315789476,0.05921052631578947
0.74,0.23,10,0.0059210526315789476,0.05921052631578947
0.64,0.26,5,0.0059210526315789476,0.05921052631578947
0.73,0.1,3,0.0059210526315789476,0.05921052631578947
0.73,0.11,3,0.0059210526315789476,0.05921052631578947
0.84,0.08,5,0.0059210526315789476,0.05921052631578947
0.84,0.09,10,0.0059210526315789476,0.05921052631578947
0.84,0.1,10,0.0059210526315789476,0.05921052631578947
0.81,0.03,3,0.0059210526315789476,0.05921052631578947
0.81,0.03,5,0.0059210526315789476,0.05921052631578947
0.81,0.04,3,0.0059210526315789476,0.05921052631578947
0.81,0.04,5,0.0059210526315789476,0.05921052631578947
0.72,0.22,10,0.0059210526315789476,0.05921052631578947
0.72,0.23,10,0.0059210526315789476,0.05921052631578947
0.72,0.25,10,0.0059210526315789476,0.05921052631578947
0.9,0.0,3,0.0059210526315789476,0.05921052631578947
0.9,0.01,10,0.0059210526315789476,0.05921052631578947
0.89,0.12,10,0.0059210526315789476,0.05921052631578947
0.84,0.0,5,0.0059210526315789476,0.05921052631578947
0.84,0.01,3,0.0059210526315789476,0.05921052631578947
0.84,0.01,5,0.0059210526315789476,0.05921052631578947
0.84,0.02,5,0.0059210526315789476,0.05921052631578947
0.84,0.03,3,0.0059210526315789476,0.05921052631578947
0.84,0.03,5,0.0059210526315789476,0.05921052631578947
0.63,0.24,5,0.0059210526315789476,0.05921052631578947
0.75,0.08,3,0.0059210526315789476,0.05921052631578947
0.75,0.09,3,0.0059210526315789476,0.05921052631578947
0.75,0.09,5,0.0059210526315789476,0.05921052631578947
0.75,0.11,5,0.0059210526315789476,0.05921052631578947
0.75,0.19,10,0.0059210526315789476,0.05921052631578947
0.75,0.2,10,0.0059210526315789476,0.05921052631578947
0.9,0.08,5,0.0059210526315789476,0.05921052631578947
0.9,0.08,10,0.0059210526315789476,0.05921052631578947
0.9,0.09,3,0.0059210526315789476,0.05921052631578947
0.9,0.09,5,0.0059210526315789476,0.05921052631578947
0.58,0.28,3,0.0059210526315789476,0.05921052631578947
0.81,0.0,3,0.0059210526315789476,0.05921052631578947
0.81,0.01,3,0.0059210526315789476,0.05921052631578947
0.81,0.02,3,0.0059210526315789476,0.05921052631578947
0.81,0.02,5,0.0059210526315789476,0.05921052631578947
0.84,0.05,5,0.0059210526315789476,0.05921052631578947
0.84,0.07,5,0.0059210526315789476,0.05921052631578947
0.75,0.1,3,0.0059210526315789476,0.05921052631578947
0.75,0.1,5,0.0059210526315789476,0.05921052631578947
0.76,0.09,3,0.0059210526315789476,0.05921052631578947
0.89,0.06,3,0.0059210526315789476,0.05921052631578947
0.89,0.06,10,0.0059210526315789476,0.05921052631578947
0.62,0.25,5,0.0059210526315789476,0.05921052631578947
0.62,0.27,3,0.0059210526315789476,0.05921052631578947
0.62,0.27,5,0.0059210526315789476,0.05921052631578947
0.62,0.28,3,0.0059210526315789476,0.05921052631578947
0.86,0.08,10,0.0059210526315789476,0.05921052631578947
0.72,0.11,3,0.0059210526315789476,0.05921052631578947
0.72,0.12,5,0.0059210526315789476,0.05921052631578947
0.9,0.04,3,0.0059210526315789476,0.05921052631578947
0.9,0.05,3,0.0059210526315789476,0.05921052631578947
0.9,0.06,3,0.0059210526315789476,0.05921052631578947
0.9,0.07,3,0.0059210526315789476,0.05921052631578947
0.9,0.07,5,0.0059210526315789476,0.05921052631578947
0.75,0.22,10,0.0059210526315789476,0.05921052631578947
0.82,0.04,5,0.0059210526315789476,0.05921052631578947
0.84,0.12,10,0.0059210526315789476,0.05921052631578947
0.84,0.13,10,0.0059210526315789476,0.05921052631578947
0.76,0.09,5,0.0059210526315789476,0.05921052631578947
0.76,0.1,3,0.0059210526315789476,0.05921052631578947
0.76,0.1,5,0.0059210526315789476,0.05921052631578947
0.76,0.11,5,0.0059210526315789476,0.05921052631578947
0.65,0.23,5,0.0059210526315789476,0.05921052631578947
0.71,0.23,10,0.0059210526315789476,0.05921052631578947
0.71,0.26,10,0.0059210526315789476,0.05921052631578947
0.86,0.09,10,0.0059210526315789476,0.05921052631578947
0.86,0.11,10,0.0059210526315789476,0.05921052631578947
0.76,0.06,3,0.0059210526315789476,0.05921052631578947
0.76,0.07,3,0.0059210526315789476,0.05921052631578947
0.76,0.08,3,0.0059210526315789476,0.05921052631578947
0.76,0.08,5,0.0059210526315789476,0.05921052631578947
0.76,0.17,10,0.0059210526315789476,0.05921052631578947
0.76,0.18,10,0.0059210526315789476,0.05921052631578947
0.76,0.19,10,0.0059210526315789476,0.05921052631578947
0.76,0.2,10,0.0059210526315789476,0.05921052631578947
0.76,0.21,10,0.0059210526315789476,0.05921052631578947
0.86,0.02,5,0.0059210526315789476,0.05921052631578947
0.9,0.02,10,0.0059210526315789476,0.05921052631578947
0.9,0.03,5,0.0059210526315789476,0.05921052631578947
0.82,0.0,3,0.0059210526315789476,0.05921052631578947
0.82,0.01,3,0.0059210526315789476,0.05921052631578947
0.82,0.01,5,0.0059210526315789476,0.05921052631578947
0.82,0.02,3,0.0059210526315789476,0.05921052631578947
0.82,0.02,5,0.0059210526315789476,0.05921052631578947
0.82,0.03,3,0.0059210526315789476,0.05921052631578947
0.82,0.03,5,0.0059210526315789476,0.05921052631578947
0.82,0.04,3,0.0059210526315789476,0.05921052631578947
0.77,0.07,3,0.0059210526315789476,0.05921052631578947
0.77,0.07,5,0.0059210526315789476,0.05921052631578947
0.77,0.08,3,0.0059210526315789476,0.05921052631578947
0.77,0.08,5,0.0059210526315789476,0.05921052631578947
0.77,0.09,3,0.0059210526315789476,0.05921052631578947
0.77,0.09,5,0.0059210526315789476,0.05921052631578947
0.88,0.07,10,0.0059210526315789476,0.05921052631578947
0.65,0.29,10,0.0059210526315789476,0.05921052631578947
0.65,0.3,10,0.0059210526315789476,0.05921052631578947
0.65,0.21,5,0.0059210526315789476,0.05921052631578947
0.86,0.03,5,0.0059210526315789476,0.05921052631578947
0.86,0.05,5,0.0059210526315789476,0.05921052631578947
0.86,0.06,5,0.0059210526315789476,0.05921052631578947
0.86,0.07,10,0.0059210526315789476,0.05921052631578947
0.8,0.12,10,0.0059210526315789476,0.05921052631578947
0.76,0.16,10,0.0059210526315789476,0.05921052631578947
0.82,0.09,5,0.0059210526315789476,0.05921052631578947
0.82,0.11,10,0.0059210526315789476,0.05921052631578947
0.77,0.1,3,0.0059210526315789476,0.05921052631578947
0.77,0.1,5,0.0059210526315789476,0.05921052631578947
0.61,0.28,5,0.0059210526315789476,0.05921052631578947
0.61,0.29,3,0.0059210526315789476,0.05921052631578947
0.61,0.3,5,0.0059210526315789476,0.05921052631578947
0.61,0.27,3,0.0059210526315789476,0.05921052631578947
0.71,0.12,3,0.0059210526315789476,0.05921052631578947
0.71,0.13,5,0.0059210526315789476,0.05921052631578947
0.88,0.06,10,0.0059210526315789476,0.05921052631578947
0.8,0.16,10,0.0059210526315789476,0.05921052631578947
0.8,0.17,10,0.0059210526315789476,0.05921052631578947
0.89,0.05,10,0.0059210526315789476,0.05921052631578947
0.77,0.05,3,0.0059210526315789476,0.05921052631578947
0.77,0.06,3,0.0059210526315789476,0.05921052631578947
0.8,0.07,3,0.0059210526315789476,0.05921052631578947
0.8,0.07,5,0.0059210526315789476,0.05921052631578947
0.8,0.08,5,0.0059210526315789476,0.05921052631578947
0.77,0.15,10,0.0059210526315789476,0.05921052631578947
0.77,0.17,10,0.0059210526315789476,0.05921052631578947
0.77,0.18,10,0.0059210526315789476,0.05921052631578947
0.77,0.19,10,0.0059210526315789476,0.05921052631578947
0.77,0.2,10,0.0059210526315789476,0.05921052631578947
0.86,0.0,3,0.0059210526315789476,0.05921052631578947
0.86,0.01,3,0.0059210526315789476,0.05921052631578947
0.86,0.01,5,0.0059210526315789476,0.05921052631578947
0.8,0.05,3,0.0059210526315789476,0.05921052631578947
0.82,0.05,5,0.0059210526315789476,0.05921052631578947
0.82,0.06,3,0.0059210526315789476,0.05921052631578947
0.82,0.06,5,0.0059210526315789476,0.05921052631578947
0.82,0.07,3,0.0059210526315789476,0.05921052631578947
0.89,0.1,3,0.0059210526315789476,0.05921052631578947
0.89,0.11,10,0.0059210526315789476,0.05921052631578947
0.78,0.04,3,0.0059210526315789476,0.05921052631578947
0.78,0.05,3,0.0059210526315789476,0.05921052631578947
0.78,0.05,5,0.0059210526315789476,0.05921052631578947
0.78,0.06,3,0.0059210526315789476,0.05921052631578947
0.78,0.06,5,0.0059210526315789476,0.05921052631578947
0.78,0.07,3,0.0059210526315789476,0.05921052631578947
0.78,0.07,5,0.0059210526315789476,0.05921052631578947
0.78,0.08,3,0.0059210526315789476,0.05921052631578947
0.78,0.08,5,0.0059210526315789476,0.05921052631578947
0.7,0.24,10,0.0059210526315789476,0.05921052631578947
0.7,0.27,10,0.0059210526315789476,0.05921052631578947
0.8,0.05,5,0.0059210526315789476,0.05921052631578947
0.8,0.06,3,0.0059210526315789476,0.05921052631578947
0.8,0.06,5,0.0059210526315789476,0.05921052631578947
0.8,0.02,3,0.0059210526315789476,0.05921052631578947
0.8,0.03,3,0.0059210526315789476,0.05921052631578947
0.8,0.03,5,0.0059210526315789476,0.05921052631578947
0.8,0.04,3,0.0059210526315789476,0.05921052631578947
0.8,0.04,5,0.0059210526315789476,0.05921052631578947
0.78,0.1,5,0.0059210526315789476,0.05921052631578947
0.78,0.14,10,0.0059210526315789476,0.05921052631578947
0.82,0.14,10,0.0059210526315789476,0.05921052631578947
0.82,0.15,10,0.0059210526315789476,0.05921052631578947
0.66,0.18,3,0.0059210526315789476,0.05921052631578947
0.66,0.2,5,0.0059210526315789476,0.05921052631578947
0.9,0.09,10,0.0059210526315789476,0.05921052631578947
0.9,0.1,3,0.0059210526315789476,0.05921052631578947
0.9,0.1,10,0.0059210526315789476,0.05921052631578947
0.78,0.09,3,0.0059210526315789476,0.05921052631578947
0.78,0.09,5,0.0059210526315789476,0.05921052631578947
0.78,0.17,10,0.0059210526315789476,0.05921052631578947
0.6,0.27,5,0.0059210526315789476,0.05921052631578947
0.6,0.28,5,0.0059210526315789476,0.05921052631578947
0.6,0.3,3,0.0059210526315789476,0.05921052631578947
0.78,0.18,10,0.0059210526315789476,0.05921052631578947
0.78,0.19,10,0.0059210526315789476,0.05921052631578947
0.85,0.08,10,0.0059210526315789476,0.05921052631578947
0.85,0.09,10,0.0059210526315789476,0.05921052631578947
0.85,0.1,10,0.0059210526315789476,0.05921052631578947
0.89,0.0,3,0.0059210526315789476,0.05921052631578947
0.88,0.09,3,0.0059210526315789476,0.05921052631578947
0.88,0.1,10,0.0059210526315789476,0.05921052631578947
0.7,0.13,3,0.0059210526315789476,0.05921052631578947
0.7,0.14,5,0.0059210526315789476,0.05921052631578947
0.7,0.15,5,0.0059210526315789476,0.05921052631578947
0.8,0.01,3,0.0059210526315789476,0.05921052631578947
0.69,0.25,10,0.0059210526315789476,0.05921052631578947
0.89,0.0,5,0.0059210526315789476,0.05921052631578947
0.89,0.01,3,0.0059210526315789476,0.05921052631578947
0.59,0.27,3,0.0059210526315789476,0.05921052631578947
0.89,0.07,3,0.0059210526315789476,0.05921052631578947
0.89,0.08,3,0.0059210526315789476,0.05921052631578947
0.89,0.09,3,0.0059210526315789476,0.05921052631578947
0.85,0.11,10,0.0059210526315789476,0.05921052631578947
0.85,0.12,10,0.0059210526315789476,0.05921052631578947
0.83,0.13,10,0.0059210526315789476,0.05921052631578947
0.83,0.14,10,0.0059210526315789476,0.05921052631578947
0.83,0.04,3,0.0059210526315789476,0.05921052631578947
0.83,0.04,5,0.0059210526315789476,0.05921052631578947
0.83,0.05,3,0.0059210526315789476,0.05921052631578947
0.83,0.05,5,0.0059210526315789476,0.05921052631578947
0.69,0.28,10,0.0059210526315789476,0.05921052631578947
0.6,0.26,3,0.0059210526315789476,0.05921052631578947
0.79,0.03,3,0.0059210526315789476,0.05921052631578947
0.79,0.04,3,0.0059210526315789476,0.05921052631578947
0.79,0.04,5,0.0059210526315789476,0.05921052631578947
0.79,0.05,3,0.0059210526315789476,0.05921052631578947
0.79,0.05,5,0.0059210526315789476,0.05921052631578947
0.79,0.06,3,0.0059210526315789476,0.05921052631578947
0.79,0.06,5,0.0059210526315789476,0.05921052631578947
0.79,0.07,3,0.0059210526315789476,0.05921052631578947
0.79,0.07,5,0.0059210526315789476,0.05921052631578947
0.83,0.08,5,0.0059210526315789476,0.05921052631578947
0.83,0.09,5,0.0059210526315789476,0.05921052631578947
0.83,0.1,10,0.0059210526315789476,0.05921052631578947
0.66,0.28,10,0.0059210526315789476,0.05921052631578947
0.66,0.29,10,0.0059210526315789476,0.05921052631578947
0.66,0.3,10,0.0059210526315789476,0.05921052631578947
0.83,0.0,5,0.0059210526315789476,0.05921052631578947
0.68,0.17,5,0.0059210526315789476,0.05921052631578947
0.88,0.05,5,0.0059210526315789476,0.05921052631578947
0.88,0.03,5,0.0059210526315789476,0.05921052631578947
0.88,0.02,5,0.0059210526315789476,0.05921052631578947
0.68,0.16,3,0.0059210526315789476,0.05921052631578947
0.83,0.03,5,0.0059210526315789476,0.05921052631578947
0.67,0.28,10,0.0059210526315789476,0.05921052631578947
0.67,0.29,10,0.0059210526315789476,0.05921052631578947
0.67,0.3,10,0.0059210526315789476,0.05921052631578947
0.67,0.17,3,0.0059210526315789476,0.05921052631578947
0.68,0.29,10,0.0059210526315789476,0.05921052631578947
0.69,0.14,3,0.0059210526315789476,0.05921052631578947
0.69,0.15,3,0.0059210526315789476,0.05921052631578947
0.69,0.15,5,0.0059210526315789476,0.05921052631578947
0.69,0.16,5,0.0059210526315789476,0.05921052631578947
0.81,0.1,5,0.0059210526315789476,0.05921052631578947
0.81,0.15,10,0.0059210526315789476,0.05921052631578947
0.81,0.16,10,0.0059210526315789476,0.05921052631578947
0.87,0.05,5,0.0059210526315789476,0.05921052631578947
0.87,0.06,5,0.0059210526315789476,0.05921052631578947
0.87,0.06,10,0.0059210526315789476,0.05921052631578947
0.87,0.07,10,0.0059210526315789476,0.05921052631578947
0.73,0.21,10,0.0059210526315789476,0.05921052631578947
0.73,0.22,10,0.0059210526315789476,0.05921052631578947
0.73,0.24,10,0.0059210526315789476,0.05921052631578947
0.87,0.02,5,0.0059210526315789476,0.05921052631578947
0.87,0.03,5,0.0059210526315789476,0.05921052631578947
0.87,0.04,5,0.0059210526315789476,0.05921052631578947
0.81,0.07,5,0.0059210526315789476,0.05921052631578947
0.68,0.28,10,0.0059210526315789476,0.05921052631578947
0.83,0.0,3,0.0059210526315789476,0.05921052631578947
0.65,0.19,3,0.005756578947368421,0.05756578947368421
0.64,0.29,10,0.005756578947368421,0.05756578947368421
0.64,0.3,10,0.005756578947368421,0.05756578947368421
0.73,0.09,3,0.005756578947368421,0.05756578947368421
0.73,0.1,5,0.005756578947368421,0.05756578947368421
0.73,0.11,5,0.005756578947368421,0.05756578947368421
0.87,0.05,10,0.005756578947368421,0.05756578947368421
0.87,0.09,10,0.005756578947368421,0.05756578947368421
0.87,0.1,10,0.005756578947368421,0.05756578947368421
0.88,0.0,3,0.005756578947368421,0.05756578947368421
0.88,0.04,5,0.005756578947368421,0.05756578947368421
0.88,0.04,10,0.005756578947368421,0.05756578947368421
0.88,0.08,10,0.005756578947368421,0.05756578947368421
0.88,0.09,10,0.005756578947368421,0.05756578947368421
0.73,0.15,10,0.005756578947368421,0.05756578947368421
0.73,0.16,10,0.005756578947368421,0.05756578947368421
0.73,0.17,10,0.005756578947368421,0.05756578947368421
0.71,0.2,10,0.005756578947368421,0.05756578947368421
0.71,0.21,10,0.005756578947368421,0.05756578947368421
0.65,0.28,10,0.005756578947368421,0.05756578947368421
0.71,0.22,10,0.005756578947368421,0.05756578947368421
0.86,0.05,10,0.005756578947368421,0.05756578947368421
0.86,0.06,10,0.005756578947368421,0.05756578947368421
0.86,0.1,10,0.005756578947368421,0.05756578947368421
0.87,0.01,3,0.005756578947368421,0.05756578947368421
0.68,0.15,3,0.005756578947368421,0.05756578947368421
0.87,0.03,3,0.005756578947368421,0.05756578947368421
0.73,0.18,10,0.005756578947368421,0.05756578947368421
0.73,0.19,10,0.005756578947368421,0.05756578947368421
0.73,0.2,10,0.005756578947368421,0.05756578947368421
0.71,0.18,10,0.005756578947368421,0.05756578947368421
0.71,0.19,10,0.005756578947368421,0.05756578947368421
0.74,0.08,3,0.005756578947368421,0.05756578947368421
0.67,0.25,10,0.005756578947368421,0.05756578947368421
0.67,0.26,10,0.005756578947368421,0.05756578947368421
0.68,0.21,10,0.005756578947368421,0.05756578947368421
0.68,0.22,10,0.005756578947368421,0.05756578947368421
0.68,0.23,10,0.005756578947368421,0.05756578947368421
0.67,0.18,5,0.005756578947368421,0.05756578947368421
0.86,0.0,5,0.005756578947368421,0.05756578947368421
0.86,0.02,3,0.005756578947368421,0.05756578947368421
0.74,0.09,5,0.005756578947368421,0.05756578947368421
0.74,0.14,10,0.005756578947368421,0.05756578947368421
0.74,0.15,10,0.005756578947368421,0.05756578947368421
0.74,0.16,10,0.005756578947368421,0.05756578947368421
0.74,0.17,10,0.005756578947368421,0.05756578947368421
0.74,0.18,10,0.005756578947368421,0.05756578947368421
0.63,0.3,10,0.005756578947368421,0.05756578947368421
0.71,0.12,5,0.005756578947368421,0.05756578947368421
0.74,0.19,10,0.005756578947368421,0.05756578947368421
0.85,0.03,3,0.005756578947368421,0.05756578947368421
0.85,0.03,5,0.005756578947368421,0.05756578947368421
0.67,0.22,10,0.005756578947368421,0.05756578947368421
0.68,0.24,10,0.005756578947368421,0.05756578947368421
0.68,0.25,10,0.005756578947368421,0.05756578947368421
0.85,0.06,10,0.005756578947368421,0.05756578947368421
0.85,0.07,10,0.005756578947368421,0.05756578947368421
0.63,0.22,3,0.005756578947368421,0.05756578947368421
0.75,0.07,3,0.005756578947368421,0.05756578947368421
0.75,0.08,5,0.005756578947368421,0.05756578947368421
0.75,0.13,10,0.005756578947368421,0.05756578947368421
0.75,0.14,10,0.005756578947368421,0.05756578947368421
0.75,0.15,10,0.005756578947368421,0.05756578947368421
0.75,0.16,10,0.005756578947368421,0.05756578947368421
0.75,0.17,10,0.005756578947368421,0.05756578947368421
0.75,0.18,10,0.005756578947368421,0.05756578947368421
0.84,0.04,3,0.005756578947368421,0.05756578947368421
0.84,0.04,5,0.005756578947368421,0.05756578947368421
0.84,0.08,10,0.005756578947368421,0.05756578947368421
0.67,0.16,3,0.005756578947368421,0.05756578947368421
0.85,0.01,5,0.005756578947368421,0.05756578947368421
0.85,0.02,5,0.005756578947368421,0.05756578947368421
0.62,0.28,5,0.005756578947368421,0.05756578947368421
0.76,0.07,5,0.005756578947368421,0.05756578947368421
0.62,0.23,3,0.005756578947368421,0.05756578947368421
0.76,0.12,10,0.005756578947368421,0.05756578947368421
0.76,0.13,10,0.005756578947368421,0.05756578947368421
0.76,0.14,10,0.005756578947368421,0.05756578947368421
0.76,0.15,10,0.005756578947368421,0.05756578947368421
0.7,0.21,10,0.005756578947368421,0.05756578947368421
0.7,0.22,10,0.005756578947368421,0.05756578947368421
0.7,0.23,10,0.005756578947368421,0.05756578947368421
0.82,0.1,10,0.005756578947368421,0.05756578947368421
0.83,0.03,3,0.005756578947368421,0.05756578947368421
0.83,0.09,10,0.005756578947368421,0.05756578947368421
0.84,0.0,3,0.005756578947368421,0.05756578947368421
0.84,0.02,3,0.005756578947368421,0.05756578947368421
0.77,0.05,5,0.005756578947368421,0.05756578947368421
0.66,0.19,5,0.005756578947368421,0.05756578947368421
0.7,0.19,10,0.005756578947368421,0.05756578947368421
0.7,0.2,10,0.005756578947368421,0.05756578947368421
0.77,0.06,5,0.005756578947368421,0.05756578947368421
0.61,0.28,3,0.005756578947368421,0.05756578947368421
0.61,0.29,5,0.005756578947368421,0.05756578947368421
0.66,0.26,10,0.005756578947368421,0.05756578947368421
0.7,0.12,3,0.005756578947368421,0.05756578947368421
0.7,0.13,5,0.005756578947368421,0.05756578947368421
0.61,0.26,5,0.005756578947368421,0.05756578947368421
0.77,0.12,10,0.005756578947368421,0.05756578947368421
0.81,0.11,10,0.005756578947368421,0.05756578947368421
0.82,0.0,5,0.005756578947368421,0.05756578947368421
0.57,0.3,3,0.005756578947368421,0.05756578947368421
0.69,0.13,3,0.005756578947368421,0.05756578947368421
0.57,0.29,3,0.005756578947368421,0.05756578947368421
0.77,0.13,10,0.005756578947368421,0.05756578947368421
0.77,0.14,10,0.005756578947368421,0.05756578947368421
0.78,0.03,3,0.005756578947368421,0.05756578947368421
0.78,0.04,5,0.005756578947368421,0.05756578947368421
0.78,0.12,10,0.005756578947368421,0.05756578947368421
0.78,0.13,10,0.005756578947368421,0.05756578947368421
0.6,0.28,3,0.005756578947368421,0.05756578947368421
0.6,0.29,3,0.005756578947368421,0.05756578947368421
0.6,0.29,5,0.005756578947368421,0.05756578947368421
0.6,0.3,5,0.005756578947368421,0.05756578947368421
0.58,0.3,5,0.005756578947368421,0.05756578947368421
0.58,0.29,3,0.005756578947368421,0.05756578947368421
0.58,0.29,5,0.005756578947368421,0.05756578947368421
0.58,0.3,3,0.005756578947368421,0.05756578947368421
0.81,0.01,5,0.005756578947368421,0.05756578947368421
0.79,0.02,3,0.005756578947368421,0.05756578947368421
0.79,0.03,5,0.005756578947368421,0.05756578947368421
0.79,0.12,10,0.005756578947368421,0.05756578947368421
0.79,0.18,10,0.005756578947368421,0.05756578947368421
0.59,0.28,5,0.005756578947368421,0.05756578947368421
0.66,0.27,10,0.005756578947368421,0.05756578947368421
0.59,0.29,3,0.005756578947368421,0.05756578947368421
0.59,0.29,5,0.005756578947368421,0.05756578947368421
0.59,0.3,3,0.005756578947368421,0.05756578947368421
0.59,0.3,5,0.005756578947368421,0.05756578947368421
0.8,0.02,5,0.005756578947368421,0.05756578947368421
0.69,0.2,10,0.005756578947368421,0.05756578947368421
0.69,0.21,10,0.005756578947368421,0.05756578947368421
0.69,0.22,10,0.005756578947368421,0.05756578947368421
0.69,0.23,10,0.005756578947368421,0.05756578947368421
0.69,0.24,10,0.005756578947368421,0.05756578947368421
0.72,0.17,10,0.005756578947368421,0.05756578947368421
0.72,0.18,10,0.005756578947368421,0.05756578947368421
0.72,0.19,10,0.005756578947368421,0.05756578947368421
0.72,0.2,10,0.005756578947368421,0.05756578947368421
0.72,0.21,10,0.005756578947368421,0.05756578947368421
0.89,0.01,5,0.005756578947368421,0.05756578947368421
0.89,0.02,5,0.005756578947368421,0.05756578947368421
0.89,0.03,5,0.005756578947368421,0.05756578947368421
0.89,0.03,10,0.005756578947368421,0.05756578947368421
0.89,0.07,10,0.005756578947368421,0.05756578947368421
0.89,0.08,10,0.005756578947368421,0.05756578947368421
0.89,0.09,10,0.005756578947368421,0.05756578947368421
0.89,0.1,10,0.005756578947368421,0.05756578947368421
0.9,0.0,5,0.005756578947368421,0.05756578947368421
0.9,0.0,10,0.005756578947368421,0.05756578947368421
0.9,0.01,5,0.005756578947368421,0.05756578947368421
0.9,0.02,5,0.005756578947368421,0.05756578947368421
0.9,0.06,10,0.005756578947368421,0.05756578947368421
0.9,0.07,10,0.005756578947368421,0.05756578947368421
0.89,0.02,10,0.005592105263157895,0.05592105263157895
0.73,0.07,3,0.005592105263157895,0.05592105263157895
0.72,0.16,10,0.005592105263157895,0.05592105263157895
0.73,0.06,3,0.005592105263157895,0.05592105263157895
0.72,0.11,5,0.005592105263157895,0.05592105263157895
0.72,0.09,3,0.005592105263157895,0.05592105263157895
0.72,0.1,3,0.005592105263157895,0.05592105263157895
0.72,0.1,5,0.005592105263157895,0.05592105263157895
0.8,0.11,10,0.005592105263157895,0.05592105263157895
0.81,0.06,10,0.005592105263157895,0.05592105263157895
0.81,0.05,10,0.005592105263157895,0.05592105263157895
0.8,0.1,10,0.005592105263157895,0.05592105263157895
0.8,0.08,10,0.005592105263157895,0.05592105263157895
0.8,0.09,10,0.005592105263157895,0.05592105263157895
0.8,0.01,5,0.005592105263157895,0.05592105263157895
0.8,0.07,10,0.005592105263157895,0.05592105263157895
0.79,0.11,10,0.005592105263157895,0.05592105263157895
0.59,0.26,3,0.005592105263157895,0.05592105263157895
0.8,0.0,5,0.005592105263157895,0.05592105263157895
0.8,0.0,3,0.005592105263157895,0.05592105263157895
0.79,0.02,5,0.005592105263157895,0.05592105263157895
0.79,0.08,10,0.005592105263157895,0.05592105263157895
0.79,0.09,10,0.005592105263157895,0.05592105263157895
0.79,0.1,10,0.005592105263157895,0.05592105263157895
0.58,0.27,3,0.005592105263157895,0.05592105263157895
0.81,0.1,10,0.005592105263157895,0.05592105263157895
0.81,0.08,10,0.005592105263157895,0.05592105263157895
0.81,0.0,5,0.005592105263157895,0.05592105263157895
0.81,0.09,10,0.005592105263157895,0.05592105263157895
0.81,0.07,10,0.005592105263157895,0.05592105263157895
0.78,0.02,3,0.005592105263157895,0.05592105263157895
0.78,0.02,5,0.005592105263157895,0.05592105263157895
0.78,0.1,10,0.005592105263157895,0.05592105263157895
0.78,0.11,10,0.005592105263157895,0.05592105263157895
0.6,0.25,3,0.005592105263157895,0.05592105263157895
0.6,0.26,5,0.005592105263157895,0.05592105263157895
0.79,0.0,3,0.005592105263157895,0.05592105263157895
0.79,0.0,5,0.005592105263157895,0.05592105263157895
0.79,0.01,3,0.005592105263157895,0.05592105263157895
0.79,0.01,5,0.005592105263157895,0.05592105263157895
0.56,0.3,3,0.005592105263157895,0.05592105263157895
0.56,0.29,3,0.005592105263157895,0.05592105263157895
0.83,0.06,10,0.005592105263157895,0.05592105263157895
0.83,0.05,10,0.005592105263157895,0.05592105263157895
0.83,0.04,10,0.005592105263157895,0.05592105263157895
0.83,0.03,10,0.005592105263157895,0.05592105263157895
0.82,0.09,10,0.005592105263157895,0.05592105263157895
0.83,0.07,10,0.005592105263157895,0.05592105263157895
0.77,0.11,10,0.005592105263157895,0.05592105263157895
0.83,0.08,10,0.005592105263157895,0.05592105263157895
0.78,0.03,5,0.005592105263157895,0.05592105263157895
0.78,0.09,10,0.005592105263157895,0.05592105263157895
0.82,0.06,10,0.005592105263157895,0.05592105263157895
0.78,0.0,3,0.005592105263157895,0.05592105263157895
0.78,0.01,3,0.005592105263157895,0.05592105263157895
0.78,0.01,5,0.005592105263157895,0.05592105263157895
0.69,0.12,3,0.005592105263157895,0.05592105263157895
0.82,0.05,10,0.005592105263157895,0.05592105263157895
0.82,0.04,10,0.005592105263157895,0.05592105263157895
0.69,0.12,5,0.005592105263157895,0.05592105263157895
0.82,0.07,10,0.005592105263157895,0.05592105263157895
0.69,0.13,5,0.005592105263157895,0.05592105263157895
0.69,0.14,5,0.005592105263157895,0.05592105263157895
0.57,0.28,3,0.005592105263157895,0.05592105263157895
0.66,0.25,10,0.005592105263157895,0.05592105263157895
0.66,0.24,10,0.005592105263157895,0.05592105263157895
0.77,0.1,10,0.005592105263157895,0.05592105263157895
0.7,0.11,3,0.005592105263157895,0.05592105263157895
0.7,0.12,5,0.005592105263157895,0.05592105263157895
0.61,0.24,3,0.005592105263157895,0.05592105263157895
0.61,0.25,5,0.005592105263157895,0.05592105263157895
0.57,0.3,5,0.005592105263157895,0.05592105263157895
0.82,0.08,10,0.005592105263157895,0.05592105263157895
0.77,0.04,5,0.005592105263157895,0.05592105263157895
0.84,0.02,10,0.005592105263157895,0.05592105263157895
0.77,0.03,5,0.005592105263157895,0.05592105263157895
0.77,0.04,3,0.005592105263157895,0.05592105263157895
0.66,0.18,5,0.005592105263157895,0.05592105263157895
0.66,0.17,3,0.005592105263157895,0.05592105263157895
0.75,0.07,5,0.005592105263157895,0.05592105263157895
0.75,0.05,3,0.005592105263157895,0.05592105263157895
0.85,0.02,10,0.005592105263157895,0.05592105263157895
0.85,0.03,10,0.005592105263157895,0.05592105263157895
0.84,0.07,10,0.005592105263157895,0.05592105263157895
0.84,0.06,10,0.005592105263157895,0.05592105263157895
0.84,0.05,10,0.005592105263157895,0.05592105263157895
0.84,0.04,10,0.005592105263157895,0.05592105263157895
0.84,0.03,10,0.005592105263157895,0.05592105263157895
0.76,0.04,5,0.005592105263157895,0.05592105263157895
0.76,0.04,3,0.005592105263157895,0.05592105263157895
0.76,0.03,3,0.005592105263157895,0.05592105263157895
0.76,0.02,3,0.005592105263157895,0.05592105263157895
0.85,0.01,10,0.005592105263157895,0.05592105263157895
0.62,0.28,10,0.005592105263157895,0.05592105263157895
0.67,0.17,5,0.005592105263157895,0.05592105263157895
0.76,0.06,5,0.005592105263157895,0.05592105263157895
0.76,0.05,5,0.005592105263157895,0.05592105263157895
0.76,0.05,3,0.005592105263157895,0.05592105263157895
0.77,0.0,3,0.005592105263157895,0.05592105263157895
0.76,0.11,10,0.005592105263157895,0.05592105263157895
0.77,0.01,3,0.005592105263157895,0.05592105263157895
0.77,0.02,3,0.005592105263157895,0.05592105263157895
0.77,0.02,5,0.005592105263157895,0.05592105263157895
0.77,0.03,3,0.005592105263157895,0.05592105263157895
0.65,0.18,3,0.005592105263157895,0.05592105263157895
0.73,0.08,5,0.005592105263157895,0.05592105263157895
0.88,0.0,10,0.005592105263157895,0.05592105263157895
0.73,0.08,3,0.005592105263157895,0.05592105263157895
0.73,0.09,5,0.005592105263157895,0.05592105263157895
0.87,0.04,10,0.005592105263157895,0.05592105263157895
0.86,0.04,10,0.005592105263157895,0.05592105263157895
0.87,0.0,10,0.005592105263157895,0.05592105263157895
0.65,0.26,10,0.005592105263157895,0.05592105263157895
0.65,0.25,10,0.005592105263157895,0.05592105263157895
0.68,0.12,3,0.005592105263157895,0.05592105263157895
0.88,0.03,10,0.005592105263157895,0.05592105263157895
0.87,0.01,10,0.005592105263157895,0.05592105263157895
0.68,0.15,5,0.005592105263157895,0.05592105263157895
0.68,0.16,5,0.005592105263157895,0.05592105263157895
0.68,0.14,3,0.005592105263157895,0.05592105263157895
0.74,0.07,3,0.005592105263157895,0.05592105263157895
0.74,0.06,5,0.005592105263157895,0.05592105263157895
0.74,0.06,3,0.005592105263157895,0.05592105263157895
0.74,0.05,3,0.005592105263157895,0.05592105263157895
0.74,0.04,3,0.005592105263157895,0.05592105263157895
0.71,0.17,10,0.005592105263157895,0.05592105263157895
0.67,0.23,10,0.005592105263157895,0.05592105263157895
0.74,0.07,5,0.005592105263157895,0.05592105263157895
0.86,0.02,10,0.005592105263157895,0.05592105263157895
0.75,0.06,5,0.005592105263157895,0.05592105263157895
0.75,0.06,3,0.005592105263157895,0.05592105263157895
0.75,0.05,5,0.005592105263157895,0.05592105263157895
0.75,0.04,3,0.005592105263157895,0.05592105263157895
0.75,0.12,10,0.005592105263157895,0.05592105263157895
0.71,0.09,3,0.005592105263157895,0.05592105263157895
0.62,0.24,5,0.005592105263157895,0.05592105263157895
0.85,0.04,10,0.005592105263157895,0.05592105263157895
0.71,0.1,3,0.005592105263157895,0.05592105263157895
0.71,0.11,3,0.005592105263157895,0.05592105263157895
0.85,0.05,10,0.005592105263157895,0.05592105263157895
0.63,0.23,5,0.005592105263157895,0.05592105263157895
0.75,0.03,3,0.005592105263157895,0.05592105263157895
0.73,0.14,10,0.005592105263157895,0.05592105263157895
0.72,0.08,3,0.005592105263157895,0.05592105263157895
0.64,0.27,10,0.005592105263157895,0.05592105263157895
0.64,0.26,10,0.005592105263157895,0.05592105263157895
0.65,0.2,5,0.005592105263157895,0.05592105263157895
0.87,0.02,10,0.005592105263157895,0.05592105263157895
0.74,0.13,10,0.005592105263157895,0.05592105263157895
0.74,0.08,5,0.005592105263157895,0.05592105263157895
0.86,0.03,10,0.005592105263157895,0.05592105263157895
0.63,0.27,10,0.005592105263157895,0.05592105263157895
0.86,0.0,10,0.005592105263157895,0.05592105263157895
0.86,0.01,10,0.005592105263157895,0.05592105263157895
0.67,0.24,10,0.005592105263157895,0.05592105263157895
0.72,0.15,10,0.005427631578947369,0.054276315789473686
0.59,0.27,5,0.005427631578947369,0.054276315789473686
0.79,0.07,10,0.005427631578947369,0.054276315789473686
0.89,0.01,10,0.005427631578947369,0.054276315789473686
0.73,0.07,5,0.005427631578947369,0.054276315789473686
0.69,0.19,10,0.005427631578947369,0.054276315789473686
0.8,0.06,10,0.005427631578947369,0.054276315789473686
0.72,0.09,5,0.005427631578947369,0.054276315789473686
0.72,0.08,5,0.005427631578947369,0.054276315789473686
0.61,0.22,3,0.005427631578947369,0.054276315789473686
0.61,0.21,3,0.005427631578947369,0.054276315789473686
0.78,0.0,5,0.005427631578947369,0.054276315789473686
0.58,0.28,5,0.005427631578947369,0.054276315789473686
0.61,0.3,10,0.005427631578947369,0.054276315789473686
0.7,0.11,5,0.005427631578947369,0.054276315789473686
0.61,0.24,5,0.005427631578947369,0.054276315789473686
0.61,0.23,3,0.005427631578947369,0.054276315789473686
0.61,0.29,10,0.005427631578947369,0.054276315789473686
0.7,0.1,3,0.005427631578947369,0.054276315789473686
0.7,0.18,10,0.005427631578947369,0.054276315789473686
0.69,0.11,3,0.005427631578947369,0.054276315789473686
0.6,0.22,3,0.005427631578947369,0.054276315789473686
0.6,0.23,3,0.005427631578947369,0.054276315789473686
0.6,0.25,5,0.005427631578947369,0.054276315789473686
0.6,0.24,3,0.005427631578947369,0.054276315789473686
0.71,0.09,5,0.005427631578947369,0.054276315789473686
0.63,0.19,3,0.005427631578947369,0.054276315789473686
0.63,0.22,5,0.005427631578947369,0.054276315789473686
0.63,0.21,3,0.005427631578947369,0.054276315789473686
0.62,0.2,3,0.005427631578947369,0.054276315789473686
0.62,0.21,3,0.005427631578947369,0.054276315789473686
0.66,0.16,5,0.005427631578947369,0.054276315789473686
0.66,0.16,3,0.005427631578947369,0.054276315789473686
0.76,0.03,5,0.005427631578947369,0.054276315789473686
0.62,0.22,3,0.005427631578947369,0.054276315789473686
0.66,0.15,3,0.005427631578947369,0.054276315789473686
0.62,0.23,5,0.005427631578947369,0.054276315789473686
0.67,0.16,5,0.005427631578947369,0.054276315789473686
0.55,0.29,3,0.005427631578947369,0.054276315789473686
0.62,0.3,10,0.005427631578947369,0.054276315789473686
0.71,0.08,3,0.005427631578947369,0.054276315789473686
0.63,0.18,3,0.005427631578947369,0.054276315789473686
0.62,0.29,10,0.005427631578947369,0.054276315789473686
0.75,0.04,5,0.005427631578947369,0.054276315789473686
0.55,0.3,3,0.005427631578947369,0.054276315789473686
0.67,0.14,3,0.005427631578947369,0.054276315789473686
0.67,0.13,3,0.005427631578947369,0.054276315789473686
0.67,0.15,3,0.005427631578947369,0.054276315789473686
0.67,0.14,5,0.005427631578947369,0.054276315789473686
0.67,0.15,5,0.005427631578947369,0.054276315789473686
0.71,0.1,5,0.005427631578947369,0.054276315789473686
0.87,0.03,10,0.005427631578947369,0.054276315789473686
0.64,0.19,3,0.005427631578947369,0.054276315789473686
0.74,0.12,10,0.005427631578947369,0.054276315789473686
0.71,0.11,5,0.005427631578947369,0.054276315789473686
0.63,0.28,10,0.005427631578947369,0.054276315789473686
0.64,0.2,3,0.005427631578947369,0.054276315789473686
0.74,0.05,5,0.005427631578947369,0.054276315789473686
0.63,0.2,3,0.005427631578947369,0.054276315789473686
0.68,0.2,10,0.005427631578947369,0.054276315789473686
0.54,0.3,3,0.005427631578947369,0.054276315789473686
0.68,0.14,5,0.005427631578947369,0.054276315789473686
0.89,0.0,10,0.005427631578947369,0.054276315789473686
0.64,0.21,5,0.005427631578947369,0.054276315789473686
0.64,0.2,5,0.005427631578947369,0.054276315789473686
0.64,0.18,3,0.005427631578947369,0.054276315789473686
0.64,0.17,3,0.005427631578947369,0.054276315789473686
0.65,0.16,3,0.005427631578947369,0.054276315789473686
0.65,0.27,10,0.005427631578947369,0.054276315789473686
0.68,0.13,5,0.005427631578947369,0.054276315789473686
0.68,0.13,3,0.005427631578947369,0.054276315789473686
0.88,0.01,10,0.005427631578947369,0.054276315789473686
0.88,0.02,10,0.005427631578947369,0.054276315789473686
0.64,0.28,10,0.005427631578947369,0.054276315789473686
0.65,0.19,5,0.005427631578947369,0.054276315789473686
0.65,0.17,3,0.005427631578947369,0.054276315789473686
0.72,0.07,3,0.005427631578947369,0.054276315789473686
0.72,0.14,10,0.005263157894736842,0.05263157894736842
0.62,0.27,10,0.005263157894736842,0.05263157894736842
0.66,0.14,3,0.005263157894736842,0.05263157894736842
0.85,0.0,10,0.005263157894736842,0.05263157894736842
0.67,0.21,10,0.005263157894736842,0.05263157894736842
0.56,0.28,3,0.005263157894736842,0.05263157894736842
0.61,0.23,5,0.005263157894736842,0.05263157894736842
0.57,0.27,3,0.005263157894736842,0.05263157894736842
0.56,0.3,5,0.005263157894736842,0.05263157894736842
0.77,0.01,5,0.005263157894736842,0.05263157894736842
0.73,0.05,3,0.005263157894736842,0.05263157894736842
0.77,0.09,10,0.005263157894736842,0.05263157894736842
0.66,0.22,10,0.005263157894736842,0.05263157894736842
0.66,0.23,10,0.005263157894736842,0.05263157894736842
0.7,0.1,5,0.005263157894736842,0.05263157894736842
0.57,0.26,3,0.005263157894736842,0.05263157894736842
0.57,0.29,5,0.005263157894736842,0.05263157894736842
0.66,0.17,5,0.005263157894736842,0.05263157894736842
0.75,0.11,10,0.005263157894736842,0.05263157894736842
0.62,0.22,5,0.005263157894736842,0.05263157894736842
0.62,0.21,5,0.005263157894736842,0.05263157894736842
0.7,0.17,10,0.005263157894736842,0.05263157894736842
0.65,0.18,5,0.005263157894736842,0.05263157894736842
0.64,0.25,10,0.005263157894736842,0.05263157894736842
0.68,0.19,10,0.005263157894736842,0.05263157894736842
0.62,0.19,3,0.005263157894736842,0.05263157894736842
0.64,0.19,5,0.005263157894736842,0.05263157894736842
0.59,0.25,3,0.005263157894736842,0.05263157894736842
0.63,0.29,10,0.005263157894736842,0.05263157894736842
0.63,0.26,10,0.005263157894736842,0.05263157894736842
0.63,0.2,5,0.005263157894736842,0.05263157894736842
0.58,0.25,3,0.005263157894736842,0.05263157894736842
0.59,0.26,5,0.005263157894736842,0.05263157894736842
0.71,0.15,10,0.005263157894736842,0.05263157894736842
0.76,0.1,10,0.005263157894736842,0.05263157894736842
0.7,0.09,3,0.005263157894736842,0.05263157894736842
0.71,0.16,10,0.005263157894736842,0.05263157894736842
0.78,0.08,10,0.005263157894736842,0.05263157894736842
0.6,0.24,5,0.005263157894736842,0.05263157894736842
0.6,0.3,10,0.005263157894736842,0.05263157894736842
0.61,0.22,5,0.005263157894736842,0.05263157894736842
0.65,0.24,10,0.005263157894736842,0.05263157894736842
0.59,0.24,3,0.005263157894736842,0.05263157894736842
0.58,0.26,3,0.005263157894736842,0.05263157894736842
0.69,0.17,10,0.005263157894736842,0.05263157894736842
0.64,0.18,5,0.005263157894736842,0.05263157894736842
0.73,0.13,10,0.005263157894736842,0.05263157894736842
0.63,0.21,5,0.005263157894736842,0.05263157894736842
0.65,0.17,5,0.005263157894736842,0.05263157894736842
0.7,0.16,10,0.005263157894736842,0.05263157894736842
0.69,0.18,10,0.005263157894736842,0.05263157894736842
0.65,0.15,3,0.005098684210526316,0.05098684210526316
0.66,0.13,3,0.005098684210526316,0.05098684210526316
0.6,0.28,10,0.005098684210526316,0.05098684210526316
0.59,0.25,5,0.005098684210526316,0.05098684210526316
0.74,0.03,3,0.005098684210526316,0.05098684210526316
0.61,0.2,3,0.005098684210526316,0.05098684210526316
0.75,0.02,3,0.005098684210526316,0.05098684210526316
0.69,0.1,3,0.005098684210526316,0.05098684210526316
0.72,0.06,3,0.005098684210526316,0.05098684210526316
0.75,0.1,10,0.005098684210526316,0.05098684210526316
0.61,0.28,10,0.005098684210526316,0.05098684210526316
0.77,0.08,10,0.005098684210526316,0.05098684210526316
0.67,0.2,10,0.005098684210526316,0.05098684210526316
0.83,0.01,10,0.005098684210526316,0.05098684210526316
0.84,0.01,10,0.005098684210526316,0.05098684210526316
0.55,0.28,3,0.005098684210526316,0.05098684210526316
0.84,0.0,10,0.005098684210526316,0.05098684210526316
0.67,0.19,10,0.005098684210526316,0.05098684210526316
0.83,0.02,10,0.005098684210526316,0.05098684210526316
0.66,0.12,5,0.005098684210526316,0.05098684210526316
0.66,0.12,3,0.005098684210526316,0.05098684210526316
0.56,0.27,3,0.005098684210526316,0.05098684210526316
0.81,0.04,10,0.005098684210526316,0.05098684210526316
0.79,0.06,10,0.005098684210526316,0.05098684210526316
0.8,0.04,10,0.005098684210526316,0.05098684210526316
0.76,0.09,10,0.005098684210526316,0.05098684210526316
0.71,0.07,3,0.005098684210526316,0.05098684210526316
0.59,0.29,10,0.005098684210526316,0.05098684210526316
0.78,0.07,10,0.005098684210526316,0.05098684210526316
0.79,0.05,10,0.005098684210526316,0.05098684210526316
0.8,0.05,10,0.005098684210526316,0.05098684210526316
0.63,0.25,10,0.005098684210526316,0.05098684210526316
0.63,0.19,5,0.005098684210526316,0.05098684210526316
0.6,0.29,10,0.005098684210526316,0.05098684210526316
0.66,0.15,5,0.005098684210526316,0.05098684210526316
0.62,0.26,10,0.005098684210526316,0.05098684210526316
0.68,0.11,3,0.005098684210526316,0.05098684210526316
0.76,0.01,3,0.005098684210526316,0.05098684210526316
0.59,0.3,10,0.005098684210526316,0.05098684210526316
0.59,0.23,3,0.005098684210526316,0.05098684210526316
0.6,0.23,5,0.005098684210526316,0.05098684210526316
0.64,0.23,10,0.005098684210526316,0.05098684210526316
0.64,0.24,10,0.005098684210526316,0.05098684210526316
0.67,0.12,3,0.005098684210526316,0.05098684210526316
0.61,0.27,10,0.005098684210526316,0.05098684210526316
0.58,0.26,5,0.005098684210526316,0.05098684210526316
0.69,0.16,10,0.005098684210526316,0.05098684210526316
0.82,0.03,10,0.005098684210526316,0.05098684210526316
0.7,0.15,10,0.005098684210526316,0.05098684210526316
0.66,0.21,10,0.005098684210526316,0.05098684210526316
0.82,0.02,10,0.005098684210526316,0.05098684210526316
0.68,0.17,10,0.005098684210526316,0.05098684210526316
0.81,0.03,10,0.005098684210526316,0.05098684210526316
0.65,0.22,10,0.005098684210526316,0.05098684210526316
0.65,0.23,10,0.005098684210526316,0.05098684210526316
0.58,0.24,3,0.005098684210526316,0.05098684210526316
0.58,0.27,5,0.005098684210526316,0.05098684210526316
0.68,0.18,10,0.005098684210526316,0.05098684210526316
0.69,0.11,5,0.004934210526315789,0.049342105263157895
0.72,0.03,3,0.004934210526315789,0.049342105263157895
0.69,0.09,3,0.004934210526315789,0.049342105263157895
0.56,0.24,3,0.004934210526315789,0.049342105263157895
0.56,0.26,3,0.004934210526315789,0.049342105263157895
0.56,0.29,5,0.004934210526315789,0.049342105263157895
0.63,0.17,3,0.004934210526315789,0.049342105263157895
0.63,0.16,5,0.004934210526315789,0.049342105263157895
0.63,0.16,3,0.004934210526315789,0.049342105263157895
0.63,0.15,3,0.004934210526315789,0.049342105263157895
0.72,0.04,3,0.004934210526315789,0.049342105263157895
0.69,0.08,3,0.004934210526315789,0.049342105263157895
0.62,0.25,10,0.004934210526315789,0.049342105263157895
0.71,0.06,3,0.004934210526315789,0.049342105263157895
0.72,0.13,10,0.004934210526315789,0.049342105263157895
0.53,0.3,3,0.004934210526315789,0.049342105263157895
0.53,0.28,3,0.004934210526315789,0.049342105263157895
0.68,0.12,5,0.004934210526315789,0.049342105263157895
0.65,0.12,3,0.004934210526315789,0.049342105263157895
0.62,0.24,10,0.004934210526315789,0.049342105263157895
0.55,0.26,3,0.004934210526315789,0.049342105263157895
0.76,0.0,3,0.004934210526315789,0.049342105263157895
0.65,0.14,3,0.004934210526315789,0.049342105263157895
0.55,0.27,3,0.004934210526315789,0.049342105263157895
0.62,0.14,3,0.004934210526315789,0.049342105263157895
0.62,0.15,3,0.004934210526315789,0.049342105263157895
0.63,0.14,3,0.004934210526315789,0.049342105263157895
0.63,0.13,3,0.004934210526315789,0.049342105263157895
0.54,0.28,3,0.004934210526315789,0.049342105263157895
0.54,0.27,3,0.004934210526315789,0.049342105263157895
0.67,0.13,5,0.004934210526315789,0.049342105263157895
0.69,0.08,5,0.004934210526315789,0.049342105263157895
0.62,0.2,5,0.004934210526315789,0.049342105263157895
0.69,0.07,3,0.004934210526315789,0.049342105263157895
0.66,0.2,10,0.004934210526315789,0.049342105263157895
0.66,0.19,10,0.004934210526315789,0.049342105263157895
0.62,0.18,3,0.004934210526315789,0.049342105263157895
0.62,0.16,3,0.004934210526315789,0.049342105263157895
0.83,0.0,10,0.004934210526315789,0.049342105263157895
0.55,0.25,3,0.004934210526315789,0.049342105263157895
0.57,0.28,5,0.004934210526315789,0.049342105263157895
0.57,0.23,3,0.004934210526315789,0.049342105263157895
0.55,0.3,5,0.004934210526315789,0.049342105263157895
0.72,0.05,3,0.004934210526315789,0.049342105263157895
0.73,0.04,3,0.004934210526315789,0.049342105263157895
0.73,0.03,3,0.004934210526315789,0.049342105263157895
0.57,0.27,5,0.004934210526315789,0.049342105263157895
0.64,0.22,10,0.004934210526315789,0.049342105263157895
0.59,0.2,3,0.004934210526315789,0.049342105263157895
0.64,0.13,3,0.004934210526315789,0.049342105263157895
0.64,0.12,3,0.004934210526315789,0.049342105263157895
0.63,0.22,10,0.004934210526315789,0.049342105263157895
0.61,0.26,10,0.004934210526315789,0.049342105263157895
0.58,0.22,3,0.004934210526315789,0.049342105263157895
0.58,0.21,3,0.004934210526315789,0.049342105263157895
0.75,0.01,3,0.004934210526315789,0.049342105263157895
0.75,0.0,5,0.004934210526315789,0.049342105263157895
0.75,0.0,3,0.004934210526315789,0.049342105263157895
0.63,0.23,10,0.004934210526315789,0.049342105263157895
0.64,0.16,3,0.004934210526315789,0.049342105263157895
0.58,0.29,10,0.004934210526315789,0.049342105263157895
0.58,0.23,3,0.004934210526315789,0.049342105263157895
0.81,0.02,10,0.004934210526315789,0.049342105263157895
0.65,0.2,10,0.004934210526315789,0.049342105263157895
0.73,0.12,10,0.004934210526315789,0.049342105263157895
0.57,0.25,3,0.004934210526315789,0.049342105263157895
0.57,0.24,3,0.004934210526315789,0.049342105263157895
0.77,0.07,10,0.004934210526315789,0.049342105263157895
0.73,0.06,5,0.004934210526315789,0.049342105263157895
0.61,0.18,3,0.004934210526315789,0.049342105263157895
0.61,0.19,3,0.004934210526315789,0.049342105263157895
0.65,0.16,5,0.004934210526315789,0.049342105263157895
0.65,0.21,10,0.004934210526315789,0.049342105263157895
0.64,0.15,3,0.004934210526315789,0.049342105263157895
0.82,0.0,10,0.004934210526315789,0.049342105263157895
0.72,0.04,5,0.004934210526315789,0.049342105263157895
0.82,0.01,10,0.004934210526315789,0.049342105263157895
0.67,0.12,5,0.004934210526315789,0.049342105263157895
0.67,0.11,3,0.004934210526315789,0.049342105263157895
0.7,0.08,3,0.004934210526315789,0.049342105263157895
0.7,0.07,3,0.004934210526315789,0.049342105263157895
0.59,0.28,10,0.004934210526315789,0.049342105263157895
0.61,0.17,3,0.004934210526315789,0.049342105263157895
0.74,0.02,3,0.004934210526315789,0.049342105263157895
0.64,0.21,10,0.004934210526315789,0.049342105263157895
0.58,0.3,10,0.004934210526315789,0.049342105263157895
0.63,0.24,10,0.004934210526315789,0.049342105263157895
0.61,0.15,3,0.004934210526315789,0.049342105263157895
0.61,0.16,3,0.004934210526315789,0.049342105263157895
0.6,0.27,10,0.004934210526315789,0.049342105263157895
0.71,0.14,10,0.004934210526315789,0.049342105263157895
0.79,0.04,10,0.004934210526315789,0.049342105263157895
0.71,0.13,10,0.004934210526315789,0.049342105263157895
0.78,0.06,10,0.004934210526315789,0.049342105263157895
0.59,0.22,3,0.004934210526315789,0.049342105263157895
0.6,0.18,3,0.004934210526315789,0.049342105263157895
0.6,0.19,3,0.004934210526315789,0.049342105263157895
0.6,0.2,3,0.004934210526315789,0.049342105263157895
0.8,0.03,10,0.004934210526315789,0.049342105263157895
0.76,0.02,5,0.004934210526315789,0.049342105263157895
0.54,0.29,3,0.004934210526315789,0.049342105263157895
0.72,0.12,10,0.004934210526315789,0.049342105263157895
0.67,0.18,10,0.004934210526315789,0.049342105263157895
0.74,0.11,10,0.004934210526315789,0.049342105263157895
0.6,0.21,3,0.004934210526315789,0.049342105263157895
0.52,0.3,3,0.004934210526315789,0.049342105263157895
0.68,0.1,3,0.004934210526315789,0.049342105263157895
0.68,0.09,3,0.004769736842105263,0.047697368421052634
0.68,0.08,3,0.004769736842105263,0.047697368421052634
0.52,0.29,3,0.004769736842105263,0.047697368421052634
0.76,0.06,10,0.004769736842105263,0.047697368421052634
0.76,0.07,10,0.004769736842105263,0.047697368421052634
0.76,0.08,10,0.004769736842105263,0.047697368421052634
0.71,0.01,3,0.004769736842105263,0.047697368421052634
0.71,0.02,3,0.004769736842105263,0.047697368421052634
0.71,0.03,3,0.004769736842105263,0.047697368421052634
0.71,0.06,5,0.004769736842105263,0.047697368421052634
0.71,0.07,5,0.004769736842105263,0.047697368421052634
0.71,0.08,5,0.004769736842105263,0.047697368421052634
0.76,0.01,5,0.004769736842105263,0.047697368421052634
0.54,0.25,3,0.004769736842105263,0.047697368421052634
0.54,0.26,3,0.004769736842105263,0.047697368421052634
0.72,0.07,5,0.004769736842105263,0.047697368421052634
0.72,0.11,10,0.004769736842105263,0.047697368421052634
0.68,0.1,5,0.004769736842105263,0.047697368421052634
0.7,0.03,3,0.004769736842105263,0.047697368421052634
0.74,0.09,10,0.004769736842105263,0.047697368421052634
0.74,0.1,10,0.004769736842105263,0.047697368421052634
0.7,0.04,3,0.004769736842105263,0.047697368421052634
0.6,0.2,5,0.004769736842105263,0.047697368421052634
0.7,0.08,5,0.004769736842105263,0.047697368421052634
0.7,0.09,5,0.004769736842105263,0.047697368421052634
0.78,0.05,10,0.004769736842105263,0.047697368421052634
0.66,0.1,3,0.004769736842105263,0.047697368421052634
0.66,0.11,3,0.004769736842105263,0.047697368421052634
0.59,0.21,3,0.004769736842105263,0.047697368421052634
0.59,0.21,5,0.004769736842105263,0.047697368421052634
0.6,0.26,10,0.004769736842105263,0.047697368421052634
0.6,0.17,3,0.004769736842105263,0.047697368421052634
0.6,0.19,5,0.004769736842105263,0.047697368421052634
0.8,0.01,10,0.004769736842105263,0.047697368421052634
0.8,0.02,10,0.004769736842105263,0.047697368421052634
0.59,0.18,3,0.004769736842105263,0.047697368421052634
0.59,0.19,3,0.004769736842105263,0.047697368421052634
0.79,0.03,10,0.004769736842105263,0.047697368421052634
0.6,0.16,3,0.004769736842105263,0.047697368421052634
0.59,0.27,10,0.004769736842105263,0.047697368421052634
0.67,0.07,3,0.004769736842105263,0.047697368421052634
0.71,0.12,10,0.004769736842105263,0.047697368421052634
0.64,0.14,3,0.004769736842105263,0.047697368421052634
0.64,0.14,5,0.004769736842105263,0.047697368421052634
0.74,0.0,3,0.004769736842105263,0.047697368421052634
0.74,0.01,3,0.004769736842105263,0.047697368421052634
0.59,0.24,5,0.004769736842105263,0.047697368421052634
0.74,0.02,5,0.004769736842105263,0.047697368421052634
0.74,0.03,5,0.004769736842105263,0.047697368421052634
0.74,0.04,5,0.004769736842105263,0.047697368421052634
0.64,0.11,3,0.004769736842105263,0.047697368421052634
0.67,0.11,5,0.004769736842105263,0.047697368421052634
0.59,0.2,5,0.004769736842105263,0.047697368421052634
0.64,0.13,5,0.004769736842105263,0.047697368421052634
0.78,0.04,10,0.004769736842105263,0.047697368421052634
0.7,0.05,3,0.004769736842105263,0.047697368421052634
0.7,0.06,3,0.004769736842105263,0.047697368421052634
0.7,0.07,5,0.004769736842105263,0.047697368421052634
0.61,0.25,10,0.004769736842105263,0.047697368421052634
0.61,0.17,5,0.004769736842105263,0.047697368421052634
0.58,0.2,3,0.004769736842105263,0.047697368421052634
0.58,0.21,5,0.004769736842105263,0.047697368421052634
0.58,0.22,5,0.004769736842105263,0.047697368421052634
0.81,0.0,10,0.004769736842105263,0.047697368421052634
0.81,0.01,10,0.004769736842105263,0.047697368421052634
0.64,0.16,5,0.004769736842105263,0.047697368421052634
0.67,0.08,3,0.004769736842105263,0.047697368421052634
0.67,0.09,3,0.004769736842105263,0.047697368421052634
0.67,0.1,3,0.004769736842105263,0.047697368421052634
0.64,0.15,5,0.004769736842105263,0.047697368421052634
0.75,0.01,5,0.004769736842105263,0.047697368421052634
0.61,0.18,5,0.004769736842105263,0.047697368421052634
0.75,0.02,5,0.004769736842105263,0.047697368421052634
0.75,0.03,5,0.004769736842105263,0.047697368421052634
0.75,0.08,10,0.004769736842105263,0.047697368421052634
0.77,0.06,10,0.004769736842105263,0.047697368421052634
0.72,0.0,3,0.004769736842105263,0.047697368421052634
0.72,0.01,3,0.004769736842105263,0.047697368421052634
0.73,0.1,10,0.004769736842105263,0.047697368421052634
0.73,0.11,10,0.004769736842105263,0.047697368421052634
0.69,0.15,10,0.004769736842105263,0.047697368421052634
0.72,0.05,5,0.004769736842105263,0.047697368421052634
0.57,0.3,10,0.004769736842105263,0.047697368421052634
0.72,0.06,5,0.004769736842105263,0.047697368421052634
0.73,0.03,5,0.004769736842105263,0.047697368421052634
0.73,0.04,5,0.004769736842105263,0.047697368421052634
0.73,0.05,5,0.004769736842105263,0.047697368421052634
0.75,0.09,10,0.004769736842105263,0.047697368421052634
0.63,0.15,5,0.004769736842105263,0.047697368421052634
0.73,0.01,3,0.004769736842105263,0.047697368421052634
0.56,0.23,3,0.004769736842105263,0.047697368421052634
0.56,0.25,3,0.004769736842105263,0.047697368421052634
0.69,0.09,5,0.004769736842105263,0.047697368421052634
0.69,0.1,5,0.004769736842105263,0.047697368421052634
0.73,0.02,3,0.004769736842105263,0.047697368421052634
0.72,0.02,3,0.004769736842105263,0.047697368421052634
0.65,0.1,3,0.004769736842105263,0.047697368421052634
0.55,0.24,3,0.004769736842105263,0.047697368421052634
0.57,0.21,3,0.004769736842105263,0.047697368421052634
0.57,0.22,3,0.004769736842105263,0.047697368421052634
0.56,0.28,5,0.004769736842105263,0.047697368421052634
0.73,0.0,3,0.004769736842105263,0.047697368421052634
0.77,0.05,10,0.004769736842105263,0.047697368421052634
0.7,0.14,10,0.004769736842105263,0.047697368421052634
0.66,0.08,3,0.004769736842105263,0.047697368421052634
0.66,0.09,3,0.004769736842105263,0.047697368421052634
0.62,0.16,5,0.004769736842105263,0.047697368421052634
0.62,0.17,3,0.004769736842105263,0.047697368421052634
0.62,0.17,5,0.004769736842105263,0.047697368421052634
0.77,0.0,5,0.004769736842105263,0.047697368421052634
0.63,0.12,3,0.004769736842105263,0.047697368421052634
0.56,0.22,3,0.004769736842105263,0.047697368421052634
0.69,0.04,3,0.004769736842105263,0.047697368421052634
0.69,0.05,3,0.004769736842105263,0.047697368421052634
0.69,0.06,3,0.004769736842105263,0.047697368421052634
0.71,0.04,3,0.004769736842105263,0.047697368421052634
0.62,0.13,3,0.004769736842105263,0.047697368421052634
0.67,0.17,10,0.004769736842105263,0.047697368421052634
0.65,0.13,3,0.004769736842105263,0.047697368421052634
0.65,0.13,5,0.004769736842105263,0.047697368421052634
0.65,0.14,5,0.004769736842105263,0.047697368421052634
0.65,0.15,5,0.004769736842105263,0.047697368421052634
0.66,0.13,5,0.004769736842105263,0.047697368421052634
0.66,0.14,5,0.004769736842105263,0.047697368421052634
0.68,0.16,10,0.004769736842105263,0.047697368421052634
0.76,0.0,5,0.004769736842105263,0.047697368421052634
0.71,0.05,3,0.004769736842105263,0.047697368421052634
0.68,0.11,5,0.004769736842105263,0.047697368421052634
0.65,0.11,3,0.004769736842105263,0.047697368421052634
0.68,0.06,3,0.004769736842105263,0.047697368421052634
0.65,0.12,5,0.004769736842105263,0.047697368421052634
0.68,0.07,3,0.004769736842105263,0.047697368421052634
0.53,0.29,3,0.004769736842105263,0.047697368421052634
0.62,0.23,10,0.004769736842105263,0.047697368421052634
0.67,0.1,5,0.004605263157894736,0.046052631578947366
0.68,0.05,3,0.004605263157894736,0.046052631578947366
0.71,0.05,5,0.004605263157894736,0.046052631578947366
0.58,0.23,5,0.004605263157894736,0.046052631578947366
0.58,0.28,10,0.004605263157894736,0.046052631578947366
0.73,0.02,5,0.004605263157894736,0.046052631578947366
0.67,0.09,5,0.004605263157894736,0.046052631578947366
0.58,0.24,5,0.004605263157894736,0.046052631578947366
0.64,0.17,5,0.004605263157894736,0.046052631578947366
0.58,0.25,5,0.004605263157894736,0.046052631578947366
0.71,0.04,5,0.004605263157894736,0.046052631578947366
0.58,0.2,5,0.004605263157894736,0.046052631578947366
0.59,0.15,3,0.004605263157894736,0.046052631578947366
0.73,0.01,5,0.004605263157894736,0.046052631578947366
0.59,0.14,3,0.004605263157894736,0.046052631578947366
0.68,0.08,5,0.004605263157894736,0.046052631578947366
0.62,0.18,5,0.004605263157894736,0.046052631578947366
0.62,0.19,5,0.004605263157894736,0.046052631578947366
0.64,0.12,5,0.004605263157894736,0.046052631578947366
0.74,0.0,5,0.004605263157894736,0.046052631578947366
0.72,0.03,5,0.004605263157894736,0.046052631578947366
0.74,0.01,5,0.004605263157894736,0.046052631578947366
0.72,0.02,5,0.004605263157894736,0.046052631578947366
0.57,0.24,5,0.004605263157894736,0.046052631578947366
0.51,0.3,3,0.004605263157894736,0.046052631578947366
0.68,0.09,5,0.004605263157894736,0.046052631578947366
0.57,0.23,5,0.004605263157894736,0.046052631578947366
0.6,0.17,5,0.004605263157894736,0.046052631578947366
0.6,0.18,5,0.004605263157894736,0.046052631578947366
0.75,0.07,10,0.004605263157894736,0.046052631578947366
0.54,0.28,5,0.004605263157894736,0.046052631578947366
0.6,0.22,5,0.004605263157894736,0.046052631578947366
0.6,0.15,3,0.004605263157894736,0.046052631578947366
0.6,0.21,5,0.004605263157894736,0.046052631578947366
0.79,0.02,10,0.004605263157894736,0.046052631578947366
0.6,0.13,3,0.004605263157894736,0.046052631578947366
0.6,0.14,3,0.004605263157894736,0.046052631578947366
0.63,0.13,5,0.004605263157894736,0.046052631578947366
0.55,0.23,3,0.004605263157894736,0.046052631578947366
0.55,0.26,5,0.004605263157894736,0.046052631578947366
0.69,0.06,5,0.004605263157894736,0.046052631578947366
0.69,0.07,5,0.004605263157894736,0.046052631578947366
0.63,0.14,5,0.004605263157894736,0.046052631578947366
0.52,0.28,3,0.004605263157894736,0.046052631578947366
0.67,0.06,3,0.004605263157894736,0.046052631578947366
0.65,0.09,3,0.004605263157894736,0.046052631578947366
0.59,0.22,5,0.004605263157894736,0.046052631578947366
0.59,0.23,5,0.004605263157894736,0.046052631578947366
0.56,0.25,5,0.004605263157894736,0.046052631578947366
0.62,0.12,3,0.004605263157894736,0.046052631578947366
0.51,0.29,3,0.004605263157894736,0.046052631578947366
0.62,0.15,5,0.004605263157894736,0.046052631578947366
0.62,0.14,5,0.004605263157894736,0.046052631578947366
0.56,0.24,5,0.004605263157894736,0.046052631578947366
0.59,0.16,3,0.004605263157894736,0.046052631578947366
0.59,0.19,5,0.004605263157894736,0.046052631578947366
0.7,0.05,5,0.004605263157894736,0.046052631578947366
0.7,0.06,5,0.004605263157894736,0.046052631578947366
0.61,0.11,3,0.004605263157894736,0.046052631578947366
0.53,0.27,3,0.004605263157894736,0.046052631578947366
0.61,0.14,3,0.004605263157894736,0.046052631578947366
0.61,0.16,5,0.004605263157894736,0.046052631578947366
0.66,0.11,5,0.004605263157894736,0.046052631578947366
0.66,0.18,10,0.004605263157894736,0.046052631578947366
0.61,0.12,3,0.004605263157894736,0.046052631578947366
0.61,0.21,5,0.004605263157894736,0.046052631578947366
0.58,0.19,3,0.004605263157894736,0.046052631578947366
0.61,0.13,3,0.004605263157894736,0.046052631578947366
0.61,0.2,5,0.004605263157894736,0.046052631578947366
0.61,0.19,5,0.004605263157894736,0.046052631578947366
0.63,0.17,5,0.004605263157894736,0.046052631578947366
0.7,0.02,3,0.004605263157894736,0.046052631578947366
0.63,0.18,5,0.004605263157894736,0.046052631578947366
0.71,0.03,5,0.0044407894736842105,0.044407894736842105
0.64,0.2,10,0.0044407894736842105,0.044407894736842105
0.67,0.08,5,0.0044407894736842105,0.044407894736842105
0.58,0.15,3,0.0044407894736842105,0.044407894736842105
0.58,0.17,3,0.0044407894736842105,0.044407894736842105
0.58,0.16,3,0.0044407894736842105,0.044407894736842105
0.68,0.06,5,0.0044407894736842105,0.044407894736842105
0.68,0.04,3,0.0044407894736842105,0.044407894736842105
0.64,0.1,3,0.0044407894736842105,0.044407894736842105
0.57,0.29,10,0.0044407894736842105,0.044407894736842105
0.71,0.0,3,0.0044407894736842105,0.044407894736842105
0.69,0.14,10,0.0044407894736842105,0.044407894736842105
0.68,0.07,5,0.0044407894736842105,0.044407894736842105
0.57,0.2,3,0.0044407894736842105,0.044407894736842105
0.57,0.19,3,0.0044407894736842105,0.044407894736842105
0.59,0.18,5,0.0044407894736842105,0.044407894736842105
0.56,0.23,5,0.0044407894736842105,0.044407894736842105
0.56,0.3,10,0.0044407894736842105,0.044407894736842105
0.73,0.0,5,0.0044407894736842105,0.044407894736842105
0.65,0.05,3,0.0044407894736842105,0.044407894736842105
0.57,0.22,5,0.0044407894736842105,0.044407894736842105
0.51,0.25,3,0.0044407894736842105,0.044407894736842105
0.59,0.13,3,0.0044407894736842105,0.044407894736842105
0.57,0.16,3,0.0044407894736842105,0.044407894736842105
0.71,0.02,5,0.0044407894736842105,0.044407894736842105
0.57,0.25,5,0.0044407894736842105,0.044407894736842105
0.72,0.01,5,0.0044407894736842105,0.044407894736842105
0.57,0.26,5,0.0044407894736842105,0.044407894736842105
0.76,0.05,10,0.0044407894736842105,0.044407894736842105
0.52,0.23,3,0.0044407894736842105,0.044407894736842105
0.63,0.1,3,0.0044407894736842105,0.044407894736842105
0.69,0.05,5,0.0044407894736842105,0.044407894736842105
0.56,0.17,3,0.0044407894736842105,0.044407894736842105
0.74,0.08,10,0.0044407894736842105,0.044407894736842105
0.66,0.06,3,0.0044407894736842105,0.044407894736842105
0.66,0.05,3,0.0044407894736842105,0.044407894736842105
0.56,0.21,3,0.0044407894736842105,0.044407894736842105
0.62,0.1,3,0.0044407894736842105,0.044407894736842105
0.52,0.24,3,0.0044407894736842105,0.044407894736842105
0.63,0.08,3,0.0044407894736842105,0.044407894736842105
0.62,0.13,5,0.0044407894736842105,0.044407894736842105
0.59,0.17,3,0.0044407894736842105,0.044407894736842105
0.8,0.0,10,0.0044407894736842105,0.044407894736842105
0.67,0.02,3,0.0044407894736842105,0.044407894736842105
0.62,0.11,3,0.0044407894736842105,0.044407894736842105
0.67,0.03,3,0.0044407894736842105,0.044407894736842105
0.66,0.04,3,0.0044407894736842105,0.044407894736842105
0.69,0.02,3,0.0044407894736842105,0.044407894736842105
0.69,0.01,3,0.0044407894736842105,0.044407894736842105
0.69,0.0,3,0.0044407894736842105,0.044407894736842105
0.7,0.04,5,0.0044407894736842105,0.044407894736842105
0.52,0.3,5,0.0044407894736842105,0.044407894736842105
0.77,0.04,10,0.0044407894736842105,0.044407894736842105
0.63,0.12,5,0.0044407894736842105,0.044407894736842105
0.63,0.11,3,0.0044407894736842105,0.044407894736842105
0.55,0.19,3,0.0044407894736842105,0.044407894736842105
0.67,0.05,3,0.0044407894736842105,0.044407894736842105
0.65,0.1,5,0.0044407894736842105,0.044407894736842105
0.65,0.08,3,0.0044407894736842105,0.044407894736842105
0.55,0.28,5,0.0044407894736842105,0.044407894736842105
0.55,0.29,5,0.0044407894736842105,0.044407894736842105
0.55,0.24,5,0.0044407894736842105,0.044407894736842105
0.55,0.25,5,0.0044407894736842105,0.044407894736842105
0.67,0.04,3,0.0044407894736842105,0.044407894736842105
0.55,0.27,5,0.0044407894736842105,0.044407894736842105
0.56,0.27,5,0.0044407894736842105,0.044407894736842105
0.56,0.26,5,0.0044407894736842105,0.044407894736842105
0.56,0.18,3,0.0044407894736842105,0.044407894736842105
0.63,0.09,3,0.0044407894736842105,0.044407894736842105
0.65,0.06,3,0.0044407894736842105,0.044407894736842105
0.65,0.07,3,0.0044407894736842105,0.044407894736842105
0.6,0.25,10,0.0044407894736842105,0.044407894736842105
0.6,0.16,5,0.0044407894736842105,0.044407894736842105
0.64,0.08,3,0.0044407894736842105,0.044407894736842105
0.68,0.01,3,0.0044407894736842105,0.044407894736842105
0.64,0.07,3,0.0044407894736842105,0.044407894736842105
0.7,0.03,5,0.0044407894736842105,0.044407894736842105
0.68,0.15,10,0.0044407894736842105,0.044407894736842105
0.69,0.03,3,0.0044407894736842105,0.044407894736842105
0.54,0.2,3,0.0044407894736842105,0.044407894736842105
0.68,0.02,3,0.0044407894736842105,0.044407894736842105
0.66,0.1,5,0.0044407894736842105,0.044407894736842105
0.54,0.24,3,0.0044407894736842105,0.044407894736842105
0.54,0.3,5,0.0044407894736842105,0.044407894736842105
0.54,0.21,3,0.0044407894736842105,0.044407894736842105
0.54,0.29,5,0.0044407894736842105,0.044407894736842105
0.66,0.09,5,0.0044407894736842105,0.044407894736842105
0.7,0.01,3,0.0044407894736842105,0.044407894736842105
0.7,0.0,3,0.0044407894736842105,0.044407894736842105
0.54,0.27,5,0.0044407894736842105,0.044407894736842105
0.64,0.09,3,0.0044407894736842105,0.044407894736842105
0.53,0.22,3,0.0044407894736842105,0.044407894736842105
0.53,0.3,5,0.0044407894736842105,0.044407894736842105
0.53,0.26,3,0.0044407894736842105,0.044407894736842105
0.78,0.03,10,0.0044407894736842105,0.044407894736842105
0.66,0.07,3,0.0044407894736842105,0.044407894736842105
0.61,0.15,5,0.0044407894736842105,0.044407894736842105
0.61,0.24,10,0.0044407894736842105,0.044407894736842105
0.72,0.1,10,0.0044407894736842105,0.044407894736842105
0.7,0.13,10,0.0044407894736842105,0.044407894736842105
0.53,0.29,5,0.0044407894736842105,0.044407894736842105
0.53,0.28,5,0.0044407894736842105,0.044407894736842105
0.65,0.11,5,0.0044407894736842105,0.044407894736842105
0.58,0.18,3,0.0044407894736842105,0.044407894736842105
0.58,0.14,3,0.0044407894736842105,0.044407894736842105
0.65,0.19,10,0.0044407894736842105,0.044407894736842105
0.73,0.09,10,0.0044407894736842105,0.044407894736842105
0.5,0.3,3,0.0044407894736842105,0.044407894736842105
0.5,0.26,3,0.0044407894736842105,0.044407894736842105
0.5,0.27,3,0.0044407894736842105,0.044407894736842105
0.68,0.03,3,0.0044407894736842105,0.044407894736842105
0.5,0.29,3,0.0042763157894736845,0.04276315789473684
0.5,0.28,3,0.0042763157894736845,0.04276315789473684
0.72,0.0,5,0.0042763157894736845,0.04276315789473684
0.65,0.18,10,0.0042763157894736845,0.04276315789473684
0.5,0.25,3,0.0042763157894736845,0.04276315789473684
0.63,0.07,3,0.0042763157894736845,0.04276315789473684
0.59,0.25,10,0.0042763157894736845,0.04276315789473684
0.66,0.03,3,0.0042763157894736845,0.04276315789473684
0.64,0.06,3,0.0042763157894736845,0.04276315789473684
0.63,0.21,10,0.0042763157894736845,0.04276315789473684
0.7,0.12,10,0.0042763157894736845,0.04276315789473684
0.53,0.21,3,0.0042763157894736845,0.04276315789473684
0.61,0.13,5,0.0042763157894736845,0.04276315789473684
0.56,0.19,3,0.0042763157894736845,0.04276315789473684
0.62,0.22,10,0.0042763157894736845,0.04276315789473684
0.51,0.26,3,0.0042763157894736845,0.04276315789473684
0.51,0.24,3,0.0042763157894736845,0.04276315789473684
0.51,0.3,5,0.0042763157894736845,0.04276315789473684
0.56,0.2,3,0.0042763157894736845,0.04276315789473684
0.62,0.09,3,0.0042763157894736845,0.04276315789473684
0.62,0.08,3,0.0042763157894736845,0.04276315789473684
0.52,0.22,3,0.0042763157894736845,0.04276315789473684
0.59,0.26,10,0.0042763157894736845,0.04276315789473684
0.69,0.04,5,0.0042763157894736845,0.04276315789473684
0.56,0.16,3,0.0042763157894736845,0.04276315789473684
0.61,0.1,3,0.0042763157894736845,0.04276315789473684
0.53,0.27,5,0.0042763157894736845,0.04276315789473684
0.67,0.01,3,0.0042763157894736845,0.04276315789473684
0.67,0.06,5,0.0042763157894736845,0.04276315789473684
0.52,0.29,5,0.0042763157894736845,0.04276315789473684
0.52,0.28,5,0.0042763157894736845,0.04276315789473684
0.52,0.27,3,0.0042763157894736845,0.04276315789473684
0.52,0.26,3,0.0042763157894736845,0.04276315789473684
0.55,0.2,3,0.0042763157894736845,0.04276315789473684
0.55,0.18,3,0.0042763157894736845,0.04276315789473684
0.55,0.17,3,0.0042763157894736845,0.04276315789473684
0.55,0.22,3,0.0042763157894736845,0.04276315789473684
0.71,0.11,10,0.0042763157894736845,0.04276315789473684
0.54,0.23,3,0.0042763157894736845,0.04276315789473684
0.54,0.22,3,0.0042763157894736845,0.04276315789473684
0.51,0.27,3,0.0042763157894736845,0.04276315789473684
0.65,0.09,5,0.0042763157894736845,0.04276315789473684
0.57,0.18,3,0.0042763157894736845,0.04276315789473684
0.57,0.17,3,0.0042763157894736845,0.04276315789473684
0.57,0.15,3,0.0042763157894736845,0.04276315789473684
0.57,0.14,3,0.0042763157894736845,0.04276315789473684
0.57,0.21,5,0.0042763157894736845,0.04276315789473684
0.52,0.25,3,0.0042763157894736845,0.04276315789473684
0.66,0.17,10,0.0042763157894736845,0.04276315789473684
0.55,0.21,3,0.0042763157894736845,0.04276315789473684
0.67,0.16,10,0.0042763157894736845,0.04276315789473684
0.6,0.12,3,0.0042763157894736845,0.04276315789473684
0.6,0.11,3,0.0042763157894736845,0.04276315789473684
0.79,0.01,10,0.0042763157894736845,0.04276315789473684
0.6,0.15,5,0.0042763157894736845,0.04276315789473684
0.53,0.24,3,0.0042763157894736845,0.04276315789473684
0.53,0.23,3,0.0042763157894736845,0.04276315789473684
0.75,0.06,10,0.0042763157894736845,0.04276315789473684
0.66,0.08,5,0.0042763157894736845,0.04276315789473684
0.54,0.19,3,0.0042763157894736845,0.04276315789473684
0.68,0.0,3,0.0042763157894736845,0.04276315789473684
0.53,0.25,3,0.0042763157894736845,0.04276315789473684
0.57,0.28,10,0.0042763157894736845,0.04276315789473684
0.69,0.13,10,0.0042763157894736845,0.04276315789473684
0.69,0.12,10,0.0042763157894736845,0.04276315789473684
0.54,0.26,5,0.0042763157894736845,0.04276315789473684
0.6,0.24,10,0.0042763157894736845,0.04276315789473684
0.68,0.05,5,0.0042763157894736845,0.04276315789473684
0.58,0.19,5,0.0042763157894736845,0.04276315789473684
0.51,0.28,3,0.0042763157894736845,0.04276315789473684
0.64,0.11,5,0.0042763157894736845,0.04276315789473684
0.67,0.07,5,0.0042763157894736845,0.04276315789473684
0.58,0.16,5,0.0042763157894736845,0.04276315789473684
0.61,0.14,5,0.0042763157894736845,0.04276315789473684
0.58,0.27,10,0.0042763157894736845,0.04276315789473684
0.58,0.26,10,0.0042763157894736845,0.04276315789473684
0.51,0.22,3,0.004111842105263158,0.04111842105263158
0.51,0.23,3,0.004111842105263158,0.04111842105263158
0.65,0.17,10,0.004111842105263158,0.04111842105263158
0.53,0.23,5,0.004111842105263158,0.04111842105263158
0.64,0.15,10,0.004111842105263158,0.04111842105263158
0.78,0.0,10,0.004111842105263158,0.04111842105263158
0.64,0.16,10,0.004111842105263158,0.04111842105263158
0.78,0.01,10,0.004111842105263158,0.04111842105263158
0.71,0.01,5,0.004111842105263158,0.04111842105263158
0.64,0.1,5,0.004111842105263158,0.04111842105263158
0.58,0.24,10,0.004111842105263158,0.04111842105263158
0.55,0.16,3,0.004111842105263158,0.04111842105263158
0.67,0.14,10,0.004111842105263158,0.04111842105263158
0.6,0.23,10,0.004111842105263158,0.04111842105263158
0.67,0.15,10,0.004111842105263158,0.04111842105263158
0.58,0.13,3,0.004111842105263158,0.04111842105263158
0.69,0.03,5,0.004111842105263158,0.04111842105263158
0.58,0.18,5,0.004111842105263158,0.04111842105263158
0.77,0.01,10,0.004111842105263158,0.04111842105263158
0.71,0.09,10,0.004111842105263158,0.04111842105263158
0.71,0.1,10,0.004111842105263158,0.04111842105263158
0.75,0.04,10,0.004111842105263158,0.04111842105263158
0.75,0.05,10,0.004111842105263158,0.04111842105263158
0.68,0.14,10,0.004111842105263158,0.04111842105263158
0.68,0.13,10,0.004111842105263158,0.04111842105263158
0.7,0.02,5,0.004111842105263158,0.04111842105263158
0.54,0.18,3,0.004111842105263158,0.04111842105263158
0.57,0.27,10,0.004111842105263158,0.04111842105263158
0.66,0.16,10,0.004111842105263158,0.04111842105263158
0.62,0.18,10,0.004111842105263158,0.04111842105263158
0.62,0.19,10,0.004111842105263158,0.04111842105263158
0.76,0.04,10,0.004111842105263158,0.04111842105263158
0.76,0.03,10,0.004111842105263158,0.04111842105263158
0.76,0.02,10,0.004111842105263158,0.04111842105263158
0.63,0.06,3,0.004111842105263158,0.04111842105263158
0.66,0.15,10,0.004111842105263158,0.04111842105263158
0.62,0.07,3,0.004111842105263158,0.04111842105263158
0.63,0.17,10,0.004111842105263158,0.04111842105263158
0.63,0.16,10,0.004111842105263158,0.04111842105263158
0.55,0.19,5,0.004111842105263158,0.04111842105263158
0.55,0.23,5,0.004111842105263158,0.04111842105263158
0.6,0.1,3,0.004111842105263158,0.04111842105263158
0.55,0.3,10,0.004111842105263158,0.04111842105263158
0.74,0.05,10,0.004111842105263158,0.04111842105263158
0.74,0.06,10,0.004111842105263158,0.04111842105263158
0.74,0.07,10,0.004111842105263158,0.04111842105263158
0.56,0.15,3,0.004111842105263158,0.04111842105263158
0.53,0.26,5,0.004111842105263158,0.04111842105263158
0.56,0.22,5,0.004111842105263158,0.04111842105263158
0.52,0.2,3,0.004111842105263158,0.04111842105263158
0.64,0.19,10,0.004111842105263158,0.04111842105263158
0.57,0.2,5,0.004111842105263158,0.04111842105263158
0.57,0.17,5,0.004111842105263158,0.04111842105263158
0.65,0.04,3,0.004111842105263158,0.04111842105263158
0.56,0.28,10,0.004111842105263158,0.04111842105263158
0.73,0.06,10,0.004111842105263158,0.04111842105263158
0.69,0.11,10,0.004111842105263158,0.04111842105263158
0.52,0.24,5,0.004111842105263158,0.04111842105263158
0.6,0.14,5,0.004111842105263158,0.04111842105263158
0.77,0.03,10,0.004111842105263158,0.04111842105263158
0.53,0.19,3,0.004111842105263158,0.04111842105263158
0.63,0.11,5,0.004111842105263158,0.04111842105263158
0.77,0.02,10,0.004111842105263158,0.04111842105263158
0.65,0.14,10,0.004111842105263158,0.04111842105263158
0.65,0.15,10,0.004111842105263158,0.04111842105263158
0.55,0.2,5,0.004111842105263158,0.04111842105263158
0.79,0.0,10,0.004111842105263158,0.04111842105263158
0.5,0.23,3,0.004111842105263158,0.04111842105263158
0.5,0.24,3,0.004111842105263158,0.04111842105263158
0.5,0.3,5,0.004111842105263158,0.04111842105263158
0.5,0.27,5,0.004111842105263158,0.04111842105263158
0.73,0.08,10,0.004111842105263158,0.04111842105263158
0.5,0.26,5,0.004111842105263158,0.04111842105263158
0.62,0.12,5,0.004111842105263158,0.04111842105263158
0.59,0.16,5,0.004111842105263158,0.04111842105263158
0.58,0.17,5,0.004111842105263158,0.04111842105263158
0.53,0.22,5,0.004111842105263158,0.04111842105263158
0.61,0.2,10,0.004111842105263158,0.04111842105263158
0.73,0.07,10,0.004111842105263158,0.04111842105263158
0.58,0.15,5,0.004111842105263158,0.04111842105263158
0.51,0.29,5,0.004111842105263158,0.04111842105263158
0.62,0.2,10,0.004111842105263158,0.04111842105263158
0.56,0.18,5,0.004111842105263158,0.04111842105263158
0.59,0.11,3,0.004111842105263158,0.04111842105263158
0.68,0.12,10,0.004111842105263158,0.04111842105263158
0.51,0.26,5,0.004111842105263158,0.04111842105263158
0.51,0.25,5,0.004111842105263158,0.04111842105263158
0.59,0.12,3,0.004111842105263158,0.04111842105263158
0.59,0.14,5,0.004111842105263158,0.04111842105263158
0.62,0.21,10,0.004111842105263158,0.04111842105263158
0.52,0.23,5,0.004111842105263158,0.04111842105263158
0.64,0.18,10,0.004111842105263158,0.04111842105263158
0.52,0.21,3,0.004111842105263158,0.04111842105263158
0.59,0.24,10,0.004111842105263158,0.04111842105263158
0.66,0.02,3,0.004111842105263158,0.04111842105263158
0.66,0.13,10,0.004111842105263158,0.04111842105263158
0.55,0.29,10,0.004111842105263158,0.04111842105263158
0.54,0.25,5,0.004111842105263158,0.04111842105263158
0.54,0.21,5,0.004111842105263158,0.04111842105263158
0.72,0.09,10,0.004111842105263158,0.04111842105263158
0.72,0.08,10,0.004111842105263158,0.04111842105263158
0.52,0.27,5,0.004111842105263158,0.04111842105263158
0.53,0.2,3,0.004111842105263158,0.04111842105263158
0.7,0.1,10,0.004111842105263158,0.04111842105263158
0.7,0.11,10,0.004111842105263158,0.04111842105263158
0.61,0.23,10,0.004111842105263158,0.04111842105263158
0.61,0.22,10,0.004111842105263158,0.04111842105263158
0.59,0.15,5,0.004111842105263158,0.04111842105263158
0.56,0.29,10,0.004111842105263158,0.04111842105263158
0.59,0.17,5,0.004111842105263158,0.04111842105263158
0.63,0.19,10,0.004111842105263158,0.04111842105263158
0.61,0.09,3,0.004111842105263158,0.04111842105263158
0.78,0.02,10,0.004111842105263158,0.04111842105263158
0.63,0.2,10,0.004111842105263158,0.04111842105263158
0.67,0.12,10,0.003947368421052632,0.039473684210526314
0.71,0.0,5,0.003947368421052632,0.039473684210526314
0.58,0.22,10,0.003947368421052632,0.039473684210526314
0.66,0.06,5,0.003947368421052632,0.039473684210526314
0.68,0.04,5,0.003947368421052632,0.039473684210526314
0.61,0.08,3,0.003947368421052632,0.039473684210526314
0.58,0.23,10,0.003947368421052632,0.039473684210526314
0.58,0.25,10,0.003947368421052632,0.039473684210526314
0.58,0.12,3,0.003947368421052632,0.039473684210526314
0.54,0.29,10,0.003947368421052632,0.039473684210526314
0.54,0.3,10,0.003947368421052632,0.039473684210526314
0.6,0.22,10,0.003947368421052632,0.039473684210526314
0.51,0.21,3,0.003947368421052632,0.039473684210526314
0.67,0.13,10,0.003947368421052632,0.039473684210526314
0.7,0.01,5,0.003947368421052632,0.039473684210526314
0.6,0.21,10,0.003947368421052632,0.039473684210526314
0.64,0.17,10,0.003947368421052632,0.039473684210526314
0.6,0.2,10,0.003947368421052632,0.039473684210526314
0.64,0.09,5,0.003947368421052632,0.039473684210526314
0.63,0.18,10,0.003947368421052632,0.039473684210526314
0.54,0.28,10,0.003947368421052632,0.039473684210526314
0.53,0.24,5,0.003947368421052632,0.039473684210526314
0.75,0.03,10,0.003947368421052632,0.039473684210526314
0.54,0.17,3,0.003947368421052632,0.039473684210526314
0.54,0.2,5,0.003947368421052632,0.039473684210526314
0.71,0.08,10,0.003947368421052632,0.039473684210526314
0.57,0.25,10,0.003947368421052632,0.039473684210526314
0.51,0.28,5,0.003947368421052632,0.039473684210526314
0.55,0.28,10,0.003947368421052632,0.039473684210526314
0.51,0.27,5,0.003947368421052632,0.039473684210526314
0.54,0.24,5,0.003947368421052632,0.039473684210526314
0.54,0.22,5,0.003947368421052632,0.039473684210526314
0.54,0.23,5,0.003947368421052632,0.039473684210526314
0.55,0.27,10,0.003947368421052632,0.039473684210526314
0.52,0.3,10,0.003947368421052632,0.039473684210526314
0.55,0.21,5,0.003947368421052632,0.039473684210526314
0.69,0.02,5,0.003947368421052632,0.039473684210526314
0.6,0.13,5,0.003947368421052632,0.039473684210526314
0.65,0.13,10,0.003947368421052632,0.039473684210526314
0.53,0.18,3,0.003947368421052632,0.039473684210526314
0.64,0.14,10,0.003947368421052632,0.039473684210526314
0.73,0.05,10,0.003947368421052632,0.039473684210526314
0.57,0.18,5,0.003947368421052632,0.039473684210526314
0.57,0.19,5,0.003947368421052632,0.039473684210526314
0.65,0.07,5,0.003947368421052632,0.039473684210526314
0.65,0.08,5,0.003947368421052632,0.039473684210526314
0.55,0.22,5,0.003947368421052632,0.039473684210526314
0.65,0.16,10,0.003947368421052632,0.039473684210526314
0.57,0.24,10,0.003947368421052632,0.039473684210526314
0.72,0.07,10,0.003947368421052632,0.039473684210526314
0.52,0.26,5,0.003947368421052632,0.039473684210526314
0.67,0.05,5,0.003947368421052632,0.039473684210526314
0.52,0.25,5,0.003947368421052632,0.039473684210526314
0.52,0.19,3,0.003947368421052632,0.039473684210526314
0.56,0.21,5,0.003947368421052632,0.039473684210526314
0.55,0.26,10,0.003947368421052632,0.039473684210526314
0.66,0.14,10,0.003947368421052632,0.039473684210526314
0.63,0.1,5,0.003947368421052632,0.039473684210526314
0.53,0.25,5,0.003947368421052632,0.039473684210526314
0.53,0.3,10,0.003947368421052632,0.039473684210526314
0.7,0.09,10,0.003947368421052632,0.039473684210526314
0.74,0.04,10,0.003947368421052632,0.039473684210526314
0.53,0.29,10,0.003947368421052632,0.039473684210526314
0.51,0.24,5,0.003947368421052632,0.039473684210526314
0.56,0.2,5,0.003947368421052632,0.039473684210526314
0.61,0.19,10,0.003947368421052632,0.039473684210526314
0.66,0.07,5,0.003947368421052632,0.039473684210526314
0.64,0.05,3,0.003947368421052632,0.039473684210526314
0.56,0.19,5,0.003947368421052632,0.039473684210526314
0.56,0.26,10,0.003947368421052632,0.039473684210526314
0.68,0.11,10,0.003947368421052632,0.039473684210526314
0.68,0.03,5,0.003947368421052632,0.039473684210526314
0.61,0.21,10,0.003947368421052632,0.039473684210526314
0.59,0.23,10,0.003947368421052632,0.039473684210526314
0.59,0.22,10,0.003947368421052632,0.039473684210526314
0.59,0.21,10,0.003947368421052632,0.039473684210526314
0.56,0.25,10,0.003947368421052632,0.039473684210526314
0.5,0.22,3,0.003947368421052632,0.039473684210526314
0.5,0.28,5,0.003947368421052632,0.039473684210526314
0.71,0.07,10,0.003947368421052632,0.039473684210526314
0.5,0.29,5,0.003947368421052632,0.039473684210526314
0.51,0.27,10,0.0037828947368421053,0.03782894736842105
0.73,0.03,10,0.0037828947368421053,0.03782894736842105
0.73,0.02,10,0.0037828947368421053,0.03782894736842105
0.62,0.11,5,0.0037828947368421053,0.03782894736842105
0.62,0.1,5,0.0037828947368421053,0.03782894736842105
0.59,0.16,10,0.0037828947368421053,0.03782894736842105
0.67,0.03,5,0.0037828947368421053,0.03782894736842105
0.67,0.11,10,0.0037828947368421053,0.03782894736842105
0.67,0.1,10,0.0037828947368421053,0.03782894736842105
0.77,0.0,10,0.0037828947368421053,0.03782894736842105
0.64,0.06,5,0.0037828947368421053,0.03782894736842105
0.56,0.27,10,0.0037828947368421053,0.03782894736842105
0.63,0.07,5,0.0037828947368421053,0.03782894736842105
0.59,0.13,5,0.0037828947368421053,0.03782894736842105
0.68,0.1,10,0.0037828947368421053,0.03782894736842105
0.68,0.09,10,0.0037828947368421053,0.03782894736842105
0.51,0.3,10,0.0037828947368421053,0.03782894736842105
0.62,0.17,10,0.0037828947368421053,0.03782894736842105
0.74,0.03,10,0.0037828947368421053,0.03782894736842105
0.74,0.02,10,0.0037828947368421053,0.03782894736842105
0.62,0.09,5,0.0037828947368421053,0.03782894736842105
0.62,0.08,5,0.0037828947368421053,0.03782894736842105
0.52,0.18,3,0.0037828947368421053,0.03782894736842105
0.63,0.09,5,0.0037828947368421053,0.03782894736842105
0.69,0.08,10,0.0037828947368421053,0.03782894736842105
0.69,0.07,10,0.0037828947368421053,0.03782894736842105
0.56,0.17,5,0.0037828947368421053,0.03782894736842105
0.67,0.0,3,0.0037828947368421053,0.03782894736842105
0.56,0.2,10,0.0037828947368421053,0.03782894736842105
0.52,0.26,10,0.0037828947368421053,0.03782894736842105
0.66,0.12,10,0.0037828947368421053,0.03782894736842105
0.66,0.11,10,0.0037828947368421053,0.03782894736842105
0.67,0.04,5,0.0037828947368421053,0.03782894736842105
0.65,0.03,3,0.0037828947368421053,0.03782894736842105
0.57,0.13,3,0.0037828947368421053,0.03782894736842105
0.57,0.16,5,0.0037828947368421053,0.03782894736842105
0.57,0.23,10,0.0037828947368421053,0.03782894736842105
0.55,0.21,10,0.0037828947368421053,0.03782894736842105
0.52,0.29,10,0.0037828947368421053,0.03782894736842105
0.53,0.17,3,0.0037828947368421053,0.03782894736842105
0.69,0.01,5,0.0037828947368421053,0.03782894736842105
0.69,0.0,5,0.0037828947368421053,0.03782894736842105
0.6,0.12,5,0.0037828947368421053,0.03782894736842105
0.6,0.11,5,0.0037828947368421053,0.03782894736842105
0.64,0.08,5,0.0037828947368421053,0.03782894736842105
0.64,0.07,5,0.0037828947368421053,0.03782894736842105
0.63,0.15,10,0.0037828947368421053,0.03782894736842105
0.53,0.24,10,0.0037828947368421053,0.03782894736842105
0.57,0.18,10,0.0037828947368421053,0.03782894736842105
0.57,0.26,10,0.0037828947368421053,0.03782894736842105
0.63,0.05,3,0.0037828947368421053,0.03782894736842105
0.54,0.27,10,0.0037828947368421053,0.03782894736842105
0.66,0.01,3,0.0037828947368421053,0.03782894736842105
0.7,0.0,5,0.0037828947368421053,0.03782894736842105
0.55,0.15,3,0.0037828947368421053,0.03782894736842105
0.75,0.02,10,0.0037828947368421053,0.03782894736842105
0.75,0.01,10,0.0037828947368421053,0.03782894736842105
0.68,0.02,5,0.0037828947368421053,0.03782894736842105
0.68,0.01,5,0.0037828947368421053,0.03782894736842105
0.54,0.16,3,0.0037828947368421053,0.03782894736842105
0.54,0.23,10,0.0037828947368421053,0.03782894736842105
0.72,0.05,10,0.0037828947368421053,0.03782894736842105
0.72,0.04,10,0.0037828947368421053,0.03782894736842105
0.74,0.01,10,0.0037828947368421053,0.03782894736842105
0.72,0.03,10,0.0037828947368421053,0.03782894736842105
0.69,0.1,10,0.0037828947368421053,0.03782894736842105
0.69,0.09,10,0.0037828947368421053,0.03782894736842105
0.73,0.04,10,0.0037828947368421053,0.03782894736842105
0.61,0.11,5,0.0037828947368421053,0.03782894736842105
0.61,0.1,5,0.0037828947368421053,0.03782894736842105
0.7,0.08,10,0.0037828947368421053,0.03782894736842105
0.7,0.07,10,0.0037828947368421053,0.03782894736842105
0.7,0.06,10,0.0037828947368421053,0.03782894736842105
0.64,0.04,3,0.0037828947368421053,0.03782894736842105
0.72,0.06,10,0.0037828947368421053,0.03782894736842105
0.75,0.0,10,0.0037828947368421053,0.03782894736842105
0.58,0.17,10,0.0037828947368421053,0.03782894736842105
0.53,0.28,10,0.0037828947368421053,0.03782894736842105
0.61,0.12,5,0.0037828947368421053,0.03782894736842105
0.61,0.18,10,0.0037828947368421053,0.03782894736842105
0.71,0.06,10,0.0037828947368421053,0.03782894736842105
0.71,0.05,10,0.0037828947368421053,0.03782894736842105
0.63,0.08,5,0.0037828947368421053,0.03782894736842105
0.76,0.0,10,0.0037828947368421053,0.03782894736842105
0.51,0.2,3,0.0037828947368421053,0.03782894736842105
0.58,0.14,5,0.0037828947368421053,0.03782894736842105
0.5,0.25,5,0.0037828947368421053,0.03782894736842105
0.5,0.21,3,0.0037828947368421053,0.03782894736842105
0.55,0.19,10,0.003618421052631579,0.03618421052631579
0.55,0.18,10,0.003618421052631579,0.03618421052631579
0.65,0.07,10,0.003618421052631579,0.03618421052631579
0.6,0.14,10,0.003618421052631579,0.03618421052631579
0.55,0.2,10,0.003618421052631579,0.03618421052631579
0.58,0.18,10,0.003618421052631579,0.03618421052631579
0.5,0.29,10,0.003618421052631579,0.03618421052631579
0.5,0.3,10,0.003618421052631579,0.03618421052631579
0.58,0.16,10,0.003618421052631579,0.03618421052631579
0.5,0.28,10,0.003618421052631579,0.03618421052631579
0.58,0.13,5,0.003618421052631579,0.03618421052631579
0.5,0.23,5,0.003618421052631579,0.03618421052631579
0.5,0.24,5,0.003618421052631579,0.03618421052631579
0.58,0.11,3,0.003618421052631579,0.03618421052631579
0.76,0.01,10,0.003618421052631579,0.03618421052631579
0.51,0.19,3,0.003618421052631579,0.03618421052631579
0.55,0.14,3,0.003618421052631579,0.03618421052631579
0.6,0.16,10,0.003618421052631579,0.03618421052631579
0.65,0.12,10,0.003618421052631579,0.03618421052631579
0.64,0.08,10,0.003618421052631579,0.03618421052631579
0.65,0.05,5,0.003618421052631579,0.03618421052631579
0.65,0.06,5,0.003618421052631579,0.03618421052631579
0.5,0.27,10,0.003618421052631579,0.03618421052631579
0.71,0.04,10,0.003618421052631579,0.03618421052631579
0.51,0.22,5,0.003618421052631579,0.03618421052631579
0.51,0.21,5,0.003618421052631579,0.03618421052631579
0.54,0.24,10,0.003618421052631579,0.03618421052631579
0.54,0.22,10,0.003618421052631579,0.03618421052631579
0.54,0.25,10,0.003618421052631579,0.03618421052631579
0.57,0.19,10,0.003618421052631579,0.03618421052631579
0.51,0.29,10,0.003618421052631579,0.03618421052631579
0.54,0.26,10,0.003618421052631579,0.03618421052631579
0.67,0.01,5,0.003618421052631579,0.03618421052631579
0.6,0.19,10,0.003618421052631579,0.03618421052631579
0.54,0.21,10,0.003618421052631579,0.03618421052631579
0.72,0.01,10,0.003618421052631579,0.03618421052631579
0.58,0.21,10,0.003618421052631579,0.03618421052631579
0.58,0.2,10,0.003618421052631579,0.03618421052631579
0.67,0.09,10,0.003618421052631579,0.03618421052631579
0.71,0.02,10,0.003618421052631579,0.03618421052631579
0.6,0.18,10,0.003618421052631579,0.03618421052631579
0.6,0.17,10,0.003618421052631579,0.03618421052631579
0.62,0.11,10,0.003618421052631579,0.03618421052631579
0.51,0.28,10,0.003618421052631579,0.03618421052631579
0.57,0.2,10,0.003618421052631579,0.03618421052631579
0.51,0.25,10,0.003618421052631579,0.03618421052631579
0.51,0.24,10,0.003618421052631579,0.03618421052631579
0.51,0.23,10,0.003618421052631579,0.03618421052631579
0.51,0.23,5,0.003618421052631579,0.03618421052631579
0.51,0.26,10,0.003618421052631579,0.03618421052631579
0.72,0.02,10,0.003618421052631579,0.03618421052631579
0.68,0.08,10,0.003618421052631579,0.03618421052631579
0.62,0.16,10,0.003618421052631579,0.03618421052631579
0.62,0.15,10,0.003618421052631579,0.03618421052631579
0.58,0.19,10,0.003618421052631579,0.03618421052631579
0.56,0.21,10,0.003618421052631579,0.03618421052631579
0.59,0.2,10,0.003618421052631579,0.03618421052631579
0.53,0.21,10,0.003618421052631579,0.03618421052631579
0.53,0.19,5,0.003618421052631579,0.03618421052631579
0.52,0.24,10,0.003618421052631579,0.03618421052631579
0.54,0.19,5,0.003618421052631579,0.03618421052631579
0.54,0.18,5,0.003618421052631579,0.03618421052631579
0.56,0.16,5,0.003618421052631579,0.03618421052631579
0.66,0.05,5,0.003618421052631579,0.03618421052631579
0.54,0.2,10,0.003618421052631579,0.03618421052631579
0.54,0.19,10,0.003618421052631579,0.03618421052631579
0.53,0.23,10,0.003618421052631579,0.03618421052631579
0.68,0.0,5,0.003618421052631579,0.03618421052631579
0.59,0.12,5,0.003618421052631579,0.03618421052631579
0.65,0.04,5,0.003618421052631579,0.03618421052631579
0.53,0.22,10,0.003618421052631579,0.03618421052631579
0.61,0.17,10,0.003618421052631579,0.03618421052631579
0.53,0.18,5,0.003618421052631579,0.03618421052631579
0.52,0.2,5,0.003618421052631579,0.03618421052631579
0.57,0.15,5,0.003618421052631579,0.03618421052631579
0.62,0.06,3,0.003618421052631579,0.03618421052631579
0.52,0.25,10,0.003618421052631579,0.03618421052631579
0.52,0.27,10,0.003618421052631579,0.03618421052631579
0.52,0.28,10,0.003618421052631579,0.03618421052631579
0.63,0.1,10,0.003618421052631579,0.03618421052631579
0.57,0.12,3,0.003618421052631579,0.03618421052631579
0.57,0.17,10,0.003618421052631579,0.03618421052631579
0.63,0.14,10,0.003618421052631579,0.03618421052631579
0.57,0.22,10,0.003618421052631579,0.03618421052631579
0.57,0.21,10,0.003618421052631579,0.03618421052631579
0.74,0.0,10,0.003618421052631579,0.03618421052631579
0.52,0.23,10,0.003618421052631579,0.03618421052631579
0.52,0.21,5,0.003618421052631579,0.03618421052631579
0.52,0.22,10,0.003618421052631579,0.03618421052631579
0.52,0.22,5,0.003618421052631579,0.03618421052631579
0.5,0.2,3,0.003618421052631579,0.03618421052631579
0.5,0.26,10,0.003618421052631579,0.03618421052631579
0.5,0.25,10,0.003618421052631579,0.03618421052631579
0.55,0.18,5,0.003618421052631579,0.03618421052631579
0.55,0.24,10,0.003618421052631579,0.03618421052631579
0.55,0.25,10,0.003618421052631579,0.03618421052631579
0.55,0.23,10,0.003618421052631579,0.03618421052631579
0.6,0.09,3,0.003618421052631579,0.03618421052631579
0.55,0.22,10,0.003618421052631579,0.03618421052631579
0.55,0.17,5,0.003618421052631579,0.03618421052631579
0.64,0.05,5,0.003618421052631579,0.03618421052631579
0.56,0.24,10,0.003618421052631579,0.03618421052631579
0.56,0.19,10,0.003618421052631579,0.03618421052631579
0.7,0.05,10,0.003618421052631579,0.03618421052631579
0.73,0.0,10,0.003618421052631579,0.03618421052631579
0.73,0.01,10,0.003618421052631579,0.03618421052631579
0.53,0.21,5,0.003618421052631579,0.03618421052631579
0.59,0.19,10,0.003618421052631579,0.03618421052631579
0.59,0.1,3,0.003618421052631579,0.03618421052631579
0.66,0.03,5,0.003618421052631579,0.03618421052631579
0.66,0.04,5,0.003618421052631579,0.03618421052631579
0.56,0.18,10,0.003618421052631579,0.03618421052631579
0.53,0.2,10,0.003618421052631579,0.03618421052631579
0.53,0.2,5,0.003618421052631579,0.03618421052631579
0.61,0.07,3,0.003618421052631579,0.03618421052631579
0.66,0.06,10,0.003618421052631579,0.03618421052631579
0.61,0.15,10,0.003618421052631579,0.03618421052631579
0.61,0.16,10,0.003618421052631579,0.03618421052631579
0.61,0.13,10,0.003618421052631579,0.03618421052631579
0.67,0.02,5,0.003618421052631579,0.03618421052631579
0.59,0.18,10,0.003618421052631579,0.03618421052631579
0.59,0.17,10,0.003618421052631579,0.03618421052631579
0.53,0.27,10,0.003618421052631579,0.03618421052631579
0.53,0.26,10,0.003618421052631579,0.03618421052631579
0.56,0.23,10,0.003618421052631579,0.03618421052631579
0.56,0.22,10,0.003618421052631579,0.03618421052631579
0.56,0.13,3,0.003618421052631579,0.03618421052631579
0.56,0.14,3,0.003618421052631579,0.03618421052631579
0.61,0.09,5,0.003618421052631579,0.03618421052631579
0.53,0.25,10,0.003618421052631579,0.03618421052631579
0.68,0.07,10,0.0034539473684210525,0.03453947368421053
0.6,0.15,10,0.0034539473684210525,0.03453947368421053
0.6,0.13,10,0.0034539473684210525,0.03453947368421053
0.67,0.08,10,0.0034539473684210525,0.03453947368421053
0.63,0.06,5,0.0034539473684210525,0.03453947368421053
0.64,0.1,10,0.0034539473684210525,0.03453947368421053
0.51,0.18,3,0.0034539473684210525,0.03453947368421053
0.62,0.14,10,0.0034539473684210525,0.03453947368421053
0.55,0.16,5,0.0034539473684210525,0.03453947368421053
0.7,0.03,10,0.0034539473684210525,0.03453947368421053
0.67,0.07,10,0.0034539473684210525,0.03453947368421053
0.72,0.0,10,0.0034539473684210525,0.03453947368421053
0.51,0.17,3,0.0034539473684210525,0.03453947368421053
0.5,0.24,10,0.0034539473684210525,0.03453947368421053
0.71,0.03,10,0.0034539473684210525,0.03453947368421053
0.68,0.06,10,0.0034539473684210525,0.03453947368421053
0.67,0.04,10,0.0034539473684210525,0.03453947368421053
0.65,0.09,10,0.0034539473684210525,0.03453947368421053
0.6,0.08,3,0.0034539473684210525,0.03453947368421053
0.65,0.08,10,0.0034539473684210525,0.03453947368421053
0.58,0.12,5,0.0034539473684210525,0.03453947368421053
0.58,0.11,5,0.0034539473684210525,0.03453947368421053
0.58,0.1,3,0.0034539473684210525,0.03453947368421053
0.5,0.22,5,0.0034539473684210525,0.03453947368421053
0.61,0.06,3,0.0034539473684210525,0.03453947368421053
0.52,0.17,3,0.0034539473684210525,0.03453947368421053
0.62,0.12,10,0.0034539473684210525,0.03453947368421053
0.62,0.13,10,0.0034539473684210525,0.03453947368421053
0.59,0.09,3,0.0034539473684210525,0.03453947368421053
0.64,0.09,10,0.0034539473684210525,0.03453947368421053
0.52,0.16,3,0.0034539473684210525,0.03453947368421053
0.71,0.01,10,0.0034539473684210525,0.03453947368421053
0.63,0.05,5,0.0034539473684210525,0.03453947368421053
0.63,0.04,3,0.0034539473684210525,0.03453947368421053
0.63,0.13,10,0.0034539473684210525,0.03453947368421053
0.63,0.11,10,0.0034539473684210525,0.03453947368421053
0.54,0.15,3,0.0034539473684210525,0.03453947368421053
0.66,0.05,10,0.0034539473684210525,0.03453947368421053
0.64,0.04,5,0.0034539473684210525,0.03453947368421053
0.63,0.12,10,0.0034539473684210525,0.03453947368421053
0.54,0.18,10,0.0034539473684210525,0.03453947368421053
0.64,0.11,10,0.0034539473684210525,0.03453947368421053
0.57,0.14,5,0.0034539473684210525,0.03453947368421053
0.64,0.13,10,0.0034539473684210525,0.03453947368421053
0.66,0.1,10,0.0034539473684210525,0.03453947368421053
0.69,0.06,10,0.0034539473684210525,0.03453947368421053
0.69,0.05,10,0.0034539473684210525,0.03453947368421053
0.54,0.17,5,0.0034539473684210525,0.03453947368421053
0.54,0.16,5,0.0034539473684210525,0.03453947368421053
0.52,0.19,5,0.0034539473684210525,0.03453947368421053
0.64,0.12,10,0.0034539473684210525,0.03453947368421053
0.62,0.06,5,0.0034539473684210525,0.03453947368421053
0.57,0.16,10,0.0034539473684210525,0.03453947368421053
0.53,0.16,3,0.0034539473684210525,0.03453947368421053
0.62,0.07,5,0.0034539473684210525,0.03453947368421053
0.56,0.15,5,0.0034539473684210525,0.03453947368421053
0.59,0.11,5,0.0034539473684210525,0.03453947368421053
0.65,0.03,5,0.0034539473684210525,0.03453947368421053
0.66,0.09,10,0.0034539473684210525,0.03453947368421053
0.65,0.02,3,0.0034539473684210525,0.03453947368421053
0.7,0.04,10,0.0034539473684210525,0.03453947368421053
0.69,0.04,10,0.0034539473684210525,0.03453947368421053
0.66,0.07,10,0.0034539473684210525,0.03453947368421053
0.66,0.08,10,0.0034539473684210525,0.03453947368421053
0.56,0.16,10,0.0034539473684210525,0.03453947368421053
0.62,0.05,3,0.0034539473684210525,0.03453947368421053
0.61,0.14,10,0.0034539473684210525,0.03453947368421053
0.59,0.14,10,0.0034539473684210525,0.03453947368421053
0.61,0.08,5,0.0034539473684210525,0.03453947368421053
0.61,0.07,5,0.0034539473684210525,0.03453947368421053
0.65,0.11,10,0.0034539473684210525,0.03453947368421053
0.61,0.12,10,0.0034539473684210525,0.03453947368421053
0.56,0.17,10,0.0034539473684210525,0.03453947368421053
0.65,0.1,10,0.0034539473684210525,0.03453947368421053
0.59,0.1,5,0.0034539473684210525,0.03453947368421053
0.59,0.15,10,0.0034539473684210525,0.03453947368421053
0.67,0.06,10,0.0034539473684210525,0.03453947368421053
0.68,0.03,10,0.0034539473684210525,0.03453947368421053
0.5,0.16,3,0.0034539473684210525,0.03453947368421053
0.64,0.03,3,0.0034539473684210525,0.03453947368421053
0.68,0.05,10,0.0034539473684210525,0.03453947368421053
0.55,0.16,10,0.0034539473684210525,0.03453947368421053
0.6,0.09,5,0.0034539473684210525,0.03453947368421053
0.6,0.1,5,0.0034539473684210525,0.03453947368421053
0.55,0.17,10,0.0034539473684210525,0.03453947368421053
0.5,0.17,3,0.0034539473684210525,0.03453947368421053
0.5,0.18,3,0.0034539473684210525,0.03453947368421053
0.5,0.19,3,0.0034539473684210525,0.03453947368421053
0.58,0.15,10,0.003289473684210526,0.03289473684210526
0.58,0.14,10,0.003289473684210526,0.03289473684210526
0.5,0.21,10,0.003289473684210526,0.03289473684210526
0.5,0.21,5,0.003289473684210526,0.03289473684210526
0.5,0.2,10,0.003289473684210526,0.03289473684210526
0.5,0.2,5,0.003289473684210526,0.03289473684210526
0.5,0.19,5,0.003289473684210526,0.03289473684210526
0.5,0.18,5,0.003289473684210526,0.03289473684210526
0.5,0.17,5,0.003289473684210526,0.03289473684210526
0.5,0.16,5,0.003289473684210526,0.03289473684210526
0.68,0.04,10,0.003289473684210526,0.03289473684210526
0.5,0.15,3,0.003289473684210526,0.03289473684210526
0.61,0.11,10,0.003289473684210526,0.03289473684210526
0.61,0.1,10,0.003289473684210526,0.03289473684210526
0.56,0.14,5,0.003289473684210526,0.03289473684210526
0.66,0.04,10,0.003289473684210526,0.03289473684210526
0.66,0.02,5,0.003289473684210526,0.03289473684210526
0.53,0.15,3,0.003289473684210526,0.03289473684210526
0.59,0.13,10,0.003289473684210526,0.03289473684210526
0.69,0.03,10,0.003289473684210526,0.03289473684210526
0.56,0.15,10,0.003289473684210526,0.03289473684210526
0.53,0.14,3,0.003289473684210526,0.03289473684210526
0.53,0.19,10,0.003289473684210526,0.03289473684210526
0.53,0.18,10,0.003289473684210526,0.03289473684210526
0.53,0.17,10,0.003289473684210526,0.03289473684210526
0.53,0.17,5,0.003289473684210526,0.03289473684210526
0.53,0.16,10,0.003289473684210526,0.03289473684210526
0.53,0.16,5,0.003289473684210526,0.03289473684210526
0.52,0.2,10,0.003289473684210526,0.03289473684210526
0.63,0.09,10,0.003289473684210526,0.03289473684210526
0.63,0.08,10,0.003289473684210526,0.03289473684210526
0.57,0.15,10,0.003289473684210526,0.03289473684210526
0.52,0.19,10,0.003289473684210526,0.03289473684210526
0.57,0.13,5,0.003289473684210526,0.03289473684210526
0.52,0.15,3,0.003289473684210526,0.03289473684210526
0.52,0.14,3,0.003289473684210526,0.03289473684210526
0.52,0.21,10,0.003289473684210526,0.03289473684210526
0.54,0.17,10,0.003289473684210526,0.03289473684210526
0.54,0.16,10,0.003289473684210526,0.03289473684210526
0.7,0.01,10,0.003289473684210526,0.03289473684210526
0.62,0.1,10,0.003289473684210526,0.03289473684210526
0.62,0.09,10,0.003289473684210526,0.03289473684210526
0.52,0.18,10,0.003289473684210526,0.03289473684210526
0.52,0.18,5,0.003289473684210526,0.03289473684210526
0.52,0.17,10,0.003289473684210526,0.03289473684210526
0.52,0.17,5,0.003289473684210526,0.03289473684210526
0.52,0.16,5,0.003289473684210526,0.03289473684210526
0.51,0.19,5,0.003289473684210526,0.03289473684210526
0.51,0.18,5,0.003289473684210526,0.03289473684210526
0.71,0.0,10,0.003289473684210526,0.03289473684210526
0.55,0.15,5,0.003289473684210526,0.03289473684210526
0.65,0.06,10,0.003289473684210526,0.03289473684210526
0.65,0.05,10,0.003289473684210526,0.03289473684210526
0.64,0.07,10,0.003289473684210526,0.03289473684210526
0.64,0.06,10,0.003289473684210526,0.03289473684210526
0.7,0.02,10,0.003289473684210526,0.03289473684210526
0.51,0.16,5,0.003289473684210526,0.03289473684210526
0.51,0.15,3,0.003289473684210526,0.03289473684210526
0.51,0.14,3,0.003289473684210526,0.03289473684210526
0.51,0.13,3,0.003289473684210526,0.03289473684210526
0.51,0.22,10,0.003289473684210526,0.03289473684210526
0.51,0.21,10,0.003289473684210526,0.03289473684210526
0.51,0.2,10,0.003289473684210526,0.03289473684210526
0.51,0.2,5,0.003289473684210526,0.03289473684210526
0.51,0.19,10,0.003289473684210526,0.03289473684210526
0.5,0.23,10,0.003289473684210526,0.03289473684210526
0.5,0.22,10,0.003289473684210526,0.03289473684210526
0.69,0.02,10,0.003289473684210526,0.03289473684210526
0.6,0.12,10,0.003289473684210526,0.03289473684210526
0.6,0.11,10,0.003289473684210526,0.03289473684210526
0.67,0.05,10,0.003289473684210526,0.03289473684210526
0.67,0.03,10,0.003289473684210526,0.03289473684210526
0.5,0.14,3,0.003289473684210526,0.03289473684210526
0.5,0.19,10,0.003125,0.03125
0.5,0.18,10,0.003125,0.03125
0.5,0.17,10,0.003125,0.03125
0.51,0.16,3,0.003125,0.03125
0.51,0.16,10,0.003125,0.03125
0.62,0.02,3,0.003125,0.03125
0.65,0.0,5,0.003125,0.03125
0.65,0.0,3,0.003125,0.03125
0.51,0.18,10,0.003125,0.03125
0.62,0.05,5,0.003125,0.03125
0.67,0.0,5,0.003125,0.03125
0.56,0.14,10,0.003125,0.03125
0.58,0.09,3,0.003125,0.03125
0.63,0.03,3,0.003125,0.03125
0.63,0.02,5,0.003125,0.03125
0.63,0.02,3,0.003125,0.03125
0.57,0.1,3,0.003125,0.03125
0.62,0.04,5,0.003125,0.03125
0.62,0.04,3,0.003125,0.03125
0.64,0.03,5,0.003125,0.03125
0.58,0.1,5,0.003125,0.03125
0.62,0.03,5,0.003125,0.03125
0.62,0.03,3,0.003125,0.03125
0.64,0.0,5,0.003125,0.03125
0.64,0.0,3,0.003125,0.03125
0.63,0.04,5,0.003125,0.03125
0.63,0.03,5,0.003125,0.03125
0.59,0.09,5,0.003125,0.03125
0.51,0.15,5,0.003125,0.03125
0.51,0.14,5,0.003125,0.03125
0.6,0.07,5,0.003125,0.03125
0.6,0.07,3,0.003125,0.03125
0.6,0.06,5,0.003125,0.03125
0.6,0.06,3,0.003125,0.03125
0.55,0.13,3,0.003125,0.03125
0.59,0.08,5,0.003125,0.03125
0.59,0.08,3,0.003125,0.03125
0.59,0.07,3,0.003125,0.03125
0.52,0.15,5,0.003125,0.03125
0.52,0.14,5,0.003125,0.03125
0.64,0.02,3,0.003125,0.03125
0.54,0.15,5,0.003125,0.03125
0.54,0.14,10,0.003125,0.03125
0.54,0.14,5,0.003125,0.03125
0.66,0.0,5,0.003125,0.03125
0.69,0.01,10,0.003125,0.03125
0.64,0.01,3,0.003125,0.03125
0.6,0.08,5,0.003125,0.03125
0.65,0.01,5,0.003125,0.03125
0.65,0.01,3,0.003125,0.03125
0.7,0.0,10,0.003125,0.03125
0.55,0.15,10,0.003125,0.03125
0.57,0.11,3,0.003125,0.03125
0.64,0.01,5,0.003125,0.03125
0.61,0.04,3,0.003125,0.03125
0.64,0.02,5,0.003125,0.03125
0.52,0.16,10,0.003125,0.03125
0.52,0.13,5,0.003125,0.03125
0.61,0.06,5,0.003125,0.03125
0.56,0.12,3,0.003125,0.03125
0.63,0.01,3,0.003125,0.03125
0.54,0.15,10,0.003125,0.03125
0.61,0.05,5,0.003125,0.03125
0.61,0.05,3,0.003125,0.03125
0.66,0.01,5,0.003125,0.03125
0.53,0.15,5,0.003125,0.03125
0.65,0.02,5,0.003125,0.03125
0.66,0.0,3,0.003125,0.03125
0.5,0.15,5,0.003125,0.03125
0.51,0.17,10,0.003125,0.03125
0.51,0.08,3,0.0029605263157894738,0.029605263157894735
0.6,0.03,3,0.0029605263157894738,0.029605263157894735
0.55,0.12,3,0.0029605263157894738,0.029605263157894735
0.5,0.11,3,0.0029605263157894738,0.029605263157894735
0.5,0.1,3,0.0029605263157894738,0.029605263157894735
0.56,0.0,3,0.0029605263157894738,0.029605263157894735
0.51,0.09,3,0.0029605263157894738,0.029605263157894735
0.51,0.1,3,0.0029605263157894738,0.029605263157894735
0.51,0.11,3,0.0029605263157894738,0.029605263157894735
0.58,0.02,3,0.0029605263157894738,0.029605263157894735
0.58,0.02,5,0.0029605263157894738,0.029605263157894735
0.58,0.03,3,0.0029605263157894738,0.029605263157894735
0.58,0.03,5,0.0029605263157894738,0.029605263157894735
0.62,0.01,3,0.0029605263157894738,0.029605263157894735
0.68,0.0,10,0.0029605263157894738,0.029605263157894735
0.53,0.14,10,0.0029605263157894738,0.029605263157894735
0.65,0.02,10,0.0029605263157894738,0.029605263157894735
0.65,0.03,10,0.0029605263157894738,0.029605263157894735
0.53,0.08,3,0.0029605263157894738,0.029605263157894735
0.62,0.06,10,0.0029605263157894738,0.029605263157894735
0.53,0.15,10,0.0029605263157894738,0.029605263157894735
0.53,0.1,3,0.0029605263157894738,0.029605263157894735
0.53,0.11,3,0.0029605263157894738,0.029605263157894735
0.53,0.12,3,0.0029605263157894738,0.029605263157894735
0.5,0.06,3,0.0029605263157894738,0.029605263157894735
0.5,0.08,3,0.0029605263157894738,0.029605263157894735
0.5,0.09,3,0.0029605263157894738,0.029605263157894735
0.59,0.02,3,0.0029605263157894738,0.029605263157894735
0.59,0.02,5,0.0029605263157894738,0.029605263157894735
0.59,0.03,3,0.0029605263157894738,0.029605263157894735
0.59,0.06,3,0.0029605263157894738,0.029605263157894735
0.59,0.06,5,0.0029605263157894738,0.029605263157894735
0.55,0.04,3,0.0029605263157894738,0.029605263157894735
0.55,0.06,3,0.0029605263157894738,0.029605263157894735
0.55,0.07,3,0.0029605263157894738,0.029605263157894735
0.55,0.08,3,0.0029605263157894738,0.029605263157894735
0.61,0.01,3,0.0029605263157894738,0.029605263157894735
0.55,0.05,3,0.0029605263157894738,0.029605263157894735
0.55,0.0,3,0.0029605263157894738,0.029605263157894735
0.61,0.02,5,0.0029605263157894738,0.029605263157894735
0.61,0.03,3,0.0029605263157894738,0.029605263157894735
0.61,0.03,5,0.0029605263157894738,0.029605263157894735
0.55,0.01,3,0.0029605263157894738,0.029605263157894735
0.55,0.02,3,0.0029605263157894738,0.029605263157894735
0.55,0.03,3,0.0029605263157894738,0.029605263157894735
0.51,0.06,3,0.0029605263157894738,0.029605263157894735
0.63,0.01,5,0.0029605263157894738,0.029605263157894735
0.58,0.04,3,0.0029605263157894738,0.029605263157894735
0.58,0.04,5,0.0029605263157894738,0.029605263157894735
0.58,0.05,3,0.0029605263157894738,0.029605263157894735
0.58,0.05,5,0.0029605263157894738,0.029605263157894735
0.58,0.06,3,0.0029605263157894738,0.029605263157894735
0.58,0.06,5,0.0029605263157894738,0.029605263157894735
0.58,0.07,3,0.0029605263157894738,0.029605263157894735
0.58,0.07,5,0.0029605263157894738,0.029605263157894735
0.58,0.08,3,0.0029605263157894738,0.029605263157894735
0.56,0.09,3,0.0029605263157894738,0.029605263157894735
0.56,0.1,3,0.0029605263157894738,0.029605263157894735
0.56,0.11,3,0.0029605263157894738,0.029605263157894735
0.61,0.0,3,0.0029605263157894738,0.029605263157894735
0.61,0.0,5,0.0029605263157894738,0.029605263157894735
0.52,0.03,3,0.0029605263157894738,0.029605263157894735
0.52,0.04,3,0.0029605263157894738,0.029605263157894735
0.62,0.07,10,0.0029605263157894738,0.029605263157894735
0.62,0.08,10,0.0029605263157894738,0.029605263157894735
0.52,0.05,3,0.0029605263157894738,0.029605263157894735
0.52,0.06,3,0.0029605263157894738,0.029605263157894735
0.66,0.0,10,0.0029605263157894738,0.029605263157894735
0.59,0.03,5,0.0029605263157894738,0.029605263157894735
0.55,0.09,3,0.0029605263157894738,0.029605263157894735
0.55,0.1,3,0.0029605263157894738,0.029605263157894735
0.55,0.11,3,0.0029605263157894738,0.029605263157894735
0.56,0.05,3,0.0029605263157894738,0.029605263157894735
0.56,0.06,3,0.0029605263157894738,0.029605263157894735
0.6,0.03,5,0.0029605263157894738,0.029605263157894735
0.6,0.04,3,0.0029605263157894738,0.029605263157894735
0.6,0.04,5,0.0029605263157894738,0.029605263157894735
0.59,0.04,3,0.0029605263157894738,0.029605263157894735
0.52,0.08,3,0.0029605263157894738,0.029605263157894735
0.59,0.0,3,0.0029605263157894738,0.029605263157894735
0.59,0.0,5,0.0029605263157894738,0.029605263157894735
0.59,0.01,3,0.0029605263157894738,0.029605263157894735
0.59,0.01,5,0.0029605263157894738,0.029605263157894735
0.52,0.07,3,0.0029605263157894738,0.029605263157894735
0.52,0.09,3,0.0029605263157894738,0.029605263157894735
0.68,0.01,10,0.0029605263157894738,0.029605263157894735
0.68,0.02,10,0.0029605263157894738,0.029605263157894735
0.54,0.11,3,0.0029605263157894738,0.029605263157894735
0.54,0.12,3,0.0029605263157894738,0.029605263157894735
0.61,0.04,5,0.0029605263157894738,0.029605263157894735
0.52,0.1,3,0.0029605263157894738,0.029605263157894735
0.52,0.11,3,0.0029605263157894738,0.029605263157894735
0.52,0.12,3,0.0029605263157894738,0.029605263157894735
0.52,0.13,3,0.0029605263157894738,0.029605263157894735
0.55,0.14,5,0.0029605263157894738,0.029605263157894735
0.67,0.01,10,0.0029605263157894738,0.029605263157894735
0.65,0.01,10,0.0029605263157894738,0.029605263157894735
0.69,0.0,10,0.0029605263157894738,0.029605263157894735
0.58,0.01,3,0.0029605263157894738,0.029605263157894735
0.58,0.01,5,0.0029605263157894738,0.029605263157894735
0.63,0.06,10,0.0029605263157894738,0.029605263157894735
0.63,0.07,10,0.0029605263157894738,0.029605263157894735
0.57,0.11,5,0.0029605263157894738,0.029605263157894735
0.54,0.14,3,0.0029605263157894738,0.029605263157894735
0.54,0.05,3,0.0029605263157894738,0.029605263157894735
0.54,0.06,3,0.0029605263157894738,0.029605263157894735
0.54,0.07,3,0.0029605263157894738,0.029605263157894735
0.56,0.02,3,0.0029605263157894738,0.029605263157894735
0.59,0.07,5,0.0029605263157894738,0.029605263157894735
0.59,0.04,5,0.0029605263157894738,0.029605263157894735
0.63,0.04,10,0.0029605263157894738,0.029605263157894735
0.58,0.0,3,0.0029605263157894738,0.029605263157894735
0.58,0.0,5,0.0029605263157894738,0.029605263157894735
0.57,0.13,10,0.0029605263157894738,0.029605263157894735
0.57,0.14,10,0.0029605263157894738,0.029605263157894735
0.52,0.15,10,0.0029605263157894738,0.029605263157894735
0.62,0.02,5,0.0029605263157894738,0.029605263157894735
0.54,0.09,3,0.0029605263157894738,0.029605263157894735
0.54,0.1,3,0.0029605263157894738,0.029605263157894735
0.54,0.0,3,0.0029605263157894738,0.029605263157894735
0.67,0.0,10,0.0029605263157894738,0.029605263157894735
0.64,0.04,10,0.0029605263157894738,0.029605263157894735
0.56,0.07,3,0.0029605263157894738,0.029605263157894735
0.56,0.08,3,0.0029605263157894738,0.029605263157894735
0.54,0.13,3,0.0029605263157894738,0.029605263157894735
0.54,0.13,10,0.0029605263157894738,0.029605263157894735
0.54,0.01,3,0.0029605263157894738,0.029605263157894735
0.54,0.02,3,0.0029605263157894738,0.029605263157894735
0.54,0.03,3,0.0029605263157894738,0.029605263157894735
0.54,0.04,3,0.0029605263157894738,0.029605263157894735
0.64,0.03,10,0.0029605263157894738,0.029605263157894735
0.61,0.01,5,0.0029605263157894738,0.029605263157894735
0.64,0.05,10,0.0029605263157894738,0.029605263157894735
0.6,0.0,3,0.0029605263157894738,0.029605263157894735
0.54,0.08,3,0.0029605263157894738,0.029605263157894735
0.57,0.08,3,0.0029605263157894738,0.029605263157894735
0.57,0.09,3,0.0029605263157894738,0.029605263157894735
0.57,0.03,3,0.0029605263157894738,0.029605263157894735
0.59,0.1,10,0.0029605263157894738,0.029605263157894735
0.66,0.02,10,0.0029605263157894738,0.029605263157894735
0.58,0.08,5,0.0029605263157894738,0.029605263157894735
0.63,0.0,3,0.0029605263157894738,0.029605263157894735
0.51,0.07,3,0.0029605263157894738,0.029605263157894735
0.58,0.09,5,0.0029605263157894738,0.029605263157894735
0.57,0.04,3,0.0029605263157894738,0.029605263157894735
0.57,0.05,3,0.0029605263157894738,0.029605263157894735
0.57,0.06,3,0.0029605263157894738,0.029605263157894735
0.57,0.07,3,0.0029605263157894738,0.029605263157894735
0.53,0.09,3,0.0029605263157894738,0.029605263157894735
0.53,0.01,3,0.0029605263157894738,0.029605263157894735
0.61,0.07,10,0.0029605263157894738,0.029605263157894735
0.62,0.01,5,0.0029605263157894738,0.029605263157894735
0.56,0.13,5,0.0029605263157894738,0.029605263157894735
0.61,0.02,3,0.0029605263157894738,0.029605263157894735
0.61,0.08,10,0.0029605263157894738,0.029605263157894735
0.61,0.09,10,0.0029605263157894738,0.029605263157894735
0.66,0.01,10,0.0029605263157894738,0.029605263157894735
0.53,0.02,3,0.0029605263157894738,0.029605263157894735
0.53,0.03,3,0.0029605263157894738,0.029605263157894735
0.57,0.12,5,0.0029605263157894738,0.029605263157894735
0.53,0.13,10,0.0029605263157894738,0.029605263157894735
0.53,0.04,3,0.0029605263157894738,0.029605263157894735
0.53,0.05,3,0.0029605263157894738,0.029605263157894735
0.63,0.05,10,0.0029605263157894738,0.029605263157894735
0.63,0.0,5,0.0029605263157894738,0.029605263157894735
0.6,0.05,3,0.0029605263157894738,0.029605263157894735
0.6,0.05,5,0.0029605263157894738,0.029605263157894735
0.6,0.09,10,0.0029605263157894738,0.029605263157894735
0.6,0.1,10,0.0029605263157894738,0.029605263157894735
0.6,0.0,5,0.0029605263157894738,0.029605263157894735
0.6,0.01,3,0.0029605263157894738,0.029605263157894735
0.6,0.01,5,0.0029605263157894738,0.029605263157894735
0.6,0.02,3,0.0029605263157894738,0.029605263157894735
0.6,0.02,5,0.0029605263157894738,0.029605263157894735
0.56,0.03,3,0.0029605263157894738,0.029605263157894735
0.56,0.04,3,0.0029605263157894738,0.029605263157894735
0.53,0.06,3,0.0029605263157894738,0.029605263157894735
0.53,0.07,3,0.0029605263157894738,0.029605263157894735
0.65,0.04,10,0.0029605263157894738,0.029605263157894735
0.59,0.11,10,0.0029605263157894738,0.029605263157894735
0.59,0.12,10,0.0029605263157894738,0.029605263157894735
0.66,0.03,10,0.0029605263157894738,0.029605263157894735
0.59,0.05,3,0.0029605263157894738,0.029605263157894735
0.59,0.05,5,0.0029605263157894738,0.029605263157894735
0.57,0.0,3,0.0029605263157894738,0.029605263157894735
0.57,0.01,3,0.0029605263157894738,0.029605263157894735
0.57,0.02,3,0.0029605263157894738,0.029605263157894735
0.67,0.02,10,0.0029605263157894738,0.029605263157894735
0.53,0.13,3,0.0029605263157894738,0.029605263157894735
0.62,0.0,3,0.0029605263157894738,0.029605263157894735
0.62,0.0,5,0.0029605263157894738,0.029605263157894735
0.5,0.12,3,0.0029605263157894738,0.029605263157894735
0.5,0.13,3,0.0029605263157894738,0.029605263157894735
0.56,0.01,3,0.0029605263157894738,0.029605263157894735
0.58,0.12,10,0.0029605263157894738,0.029605263157894735
0.58,0.13,10,0.0029605263157894738,0.029605263157894735
0.51,0.17,5,0.0029605263157894738,0.029605263157894735
0.51,0.05,3,0.0029605263157894738,0.029605263157894735
0.51,0.12,3,0.0029605263157894738,0.029605263157894735
0.5,0.07,3,0.0029605263157894738,0.029605263157894735
0.58,0.11,10,0.0027960526315789474,0.027960526315789474
0.51,0.01,3,0.0027960526315789474,0.027960526315789474
0.58,0.1,10,0.0027960526315789474,0.027960526315789474
0.56,0.0,5,0.0027960526315789474,0.027960526315789474
0.56,0.01,5,0.0027960526315789474,0.027960526315789474
0.6,0.08,10,0.0027960526315789474,0.027960526315789474
0.57,0.01,5,0.0027960526315789474,0.027960526315789474
0.53,0.13,5,0.0027960526315789474,0.027960526315789474
0.57,0.02,5,0.0027960526315789474,0.027960526315789474
0.51,0.11,5,0.0027960526315789474,0.027960526315789474
0.5,0.13,5,0.0027960526315789474,0.027960526315789474
0.53,0.11,5,0.0027960526315789474,0.027960526315789474
0.5,0.14,5,0.0027960526315789474,0.027960526315789474
0.5,0.12,5,0.0027960526315789474,0.027960526315789474
0.57,0.07,5,0.0027960526315789474,0.027960526315789474
0.53,0.07,5,0.0027960526315789474,0.027960526315789474
0.53,0.09,5,0.0027960526315789474,0.027960526315789474
0.53,0.12,5,0.0027960526315789474,0.027960526315789474
0.53,0.08,5,0.0027960526315789474,0.027960526315789474
0.53,0.1,5,0.0027960526315789474,0.027960526315789474
0.56,0.08,5,0.0027960526315789474,0.027960526315789474
0.63,0.02,10,0.0027960526315789474,0.027960526315789474
0.61,0.06,10,0.0027960526315789474,0.027960526315789474
0.53,0.0,3,0.0027960526315789474,0.027960526315789474
0.57,0.06,5,0.0027960526315789474,0.027960526315789474
0.62,0.05,10,0.0027960526315789474,0.027960526315789474
0.63,0.01,10,0.0027960526315789474,0.027960526315789474
0.58,0.09,10,0.0027960526315789474,0.027960526315789474
0.57,0.04,5,0.0027960526315789474,0.027960526315789474
0.57,0.05,5,0.0027960526315789474,0.027960526315789474
0.64,0.02,10,0.0027960526315789474,0.027960526315789474
0.56,0.12,5,0.0027960526315789474,0.027960526315789474
0.56,0.12,10,0.0027960526315789474,0.027960526315789474
0.56,0.13,10,0.0027960526315789474,0.027960526315789474
0.62,0.01,10,0.0027960526315789474,0.027960526315789474
0.53,0.14,5,0.0027960526315789474,0.027960526315789474
0.53,0.06,5,0.0027960526315789474,0.027960526315789474
0.57,0.0,5,0.0027960526315789474,0.027960526315789474
0.54,0.07,5,0.0027960526315789474,0.027960526315789474
0.56,0.02,5,0.0027960526315789474,0.027960526315789474
0.62,0.02,10,0.0027960526315789474,0.027960526315789474
0.54,0.13,5,0.0027960526315789474,0.027960526315789474
0.54,0.09,5,0.0027960526315789474,0.027960526315789474
0.64,0.01,10,0.0027960526315789474,0.027960526315789474
0.59,0.07,10,0.0027960526315789474,0.027960526315789474
0.54,0.08,5,0.0027960526315789474,0.027960526315789474
0.57,0.08,5,0.0027960526315789474,0.027960526315789474
0.62,0.04,10,0.0027960526315789474,0.027960526315789474
0.57,0.09,5,0.0027960526315789474,0.027960526315789474
0.57,0.09,10,0.0027960526315789474,0.027960526315789474
0.57,0.12,10,0.0027960526315789474,0.027960526315789474
0.57,0.1,5,0.0027960526315789474,0.027960526315789474
0.57,0.03,5,0.0027960526315789474,0.027960526315789474
0.54,0.04,5,0.0027960526315789474,0.027960526315789474
0.56,0.07,5,0.0027960526315789474,0.027960526315789474
0.62,0.03,10,0.0027960526315789474,0.027960526315789474
0.55,0.13,5,0.0027960526315789474,0.027960526315789474
0.5,0.03,3,0.0027960526315789474,0.027960526315789474
0.5,0.05,3,0.0027960526315789474,0.027960526315789474
0.51,0.12,5,0.0027960526315789474,0.027960526315789474
0.51,0.02,3,0.0027960526315789474,0.027960526315789474
0.55,0.12,10,0.0027960526315789474,0.027960526315789474
0.51,0.09,5,0.0027960526315789474,0.027960526315789474
0.63,0.0,10,0.0027960526315789474,0.027960526315789474
0.5,0.11,5,0.0027960526315789474,0.027960526315789474
0.55,0.12,5,0.0027960526315789474,0.027960526315789474
0.51,0.13,5,0.0027960526315789474,0.027960526315789474
0.51,0.1,5,0.0027960526315789474,0.027960526315789474
0.56,0.06,5,0.0027960526315789474,0.027960526315789474
0.65,0.0,10,0.0027960526315789474,0.027960526315789474
0.51,0.03,3,0.0027960526315789474,0.027960526315789474
0.5,0.04,3,0.0027960526315789474,0.027960526315789474
0.51,0.04,3,0.0027960526315789474,0.027960526315789474
0.55,0.05,5,0.0027960526315789474,0.027960526315789474
0.56,0.09,5,0.0027960526315789474,0.027960526315789474
0.55,0.02,5,0.0027960526315789474,0.027960526315789474
0.55,0.06,5,0.0027960526315789474,0.027960526315789474
0.55,0.07,5,0.0027960526315789474,0.027960526315789474
0.56,0.05,5,0.0027960526315789474,0.027960526315789474
0.6,0.04,10,0.0027960526315789474,0.027960526315789474
0.52,0.07,5,0.0027960526315789474,0.027960526315789474
0.55,0.08,5,0.0027960526315789474,0.027960526315789474
0.55,0.04,5,0.0027960526315789474,0.027960526315789474
0.55,0.03,5,0.0027960526315789474,0.027960526315789474
0.61,0.05,10,0.0027960526315789474,0.027960526315789474
0.56,0.1,5,0.0027960526315789474,0.027960526315789474
0.54,0.11,5,0.0027960526315789474,0.027960526315789474
0.54,0.1,5,0.0027960526315789474,0.027960526315789474
0.52,0.08,5,0.0027960526315789474,0.027960526315789474
0.52,0.09,5,0.0027960526315789474,0.027960526315789474
0.56,0.11,10,0.0027960526315789474,0.027960526315789474
0.56,0.11,5,0.0027960526315789474,0.027960526315789474
0.61,0.04,10,0.0027960526315789474,0.027960526315789474
0.54,0.12,5,0.0027960526315789474,0.027960526315789474
0.52,0.11,5,0.0027960526315789474,0.027960526315789474
0.52,0.1,5,0.0027960526315789474,0.027960526315789474
0.61,0.03,10,0.0027960526315789474,0.027960526315789474
0.52,0.12,5,0.0027960526315789474,0.027960526315789474
0.57,0.1,10,0.0027960526315789474,0.027960526315789474
0.57,0.11,10,0.0027960526315789474,0.027960526315789474
0.54,0.05,5,0.0027960526315789474,0.027960526315789474
0.54,0.06,5,0.0027960526315789474,0.027960526315789474
0.55,0.11,5,0.0027960526315789474,0.027960526315789474
0.59,0.09,10,0.0027960526315789474,0.027960526315789474
0.59,0.08,10,0.0027960526315789474,0.027960526315789474
0.6,0.06,10,0.0027960526315789474,0.027960526315789474
0.6,0.07,10,0.0027960526315789474,0.027960526315789474
0.56,0.04,5,0.0027960526315789474,0.027960526315789474
0.58,0.08,10,0.0027960526315789474,0.027960526315789474
0.55,0.14,10,0.0027960526315789474,0.027960526315789474
0.52,0.0,3,0.0027960526315789474,0.027960526315789474
0.59,0.06,10,0.0027960526315789474,0.027960526315789474
0.64,0.0,10,0.0027960526315789474,0.027960526315789474
0.55,0.13,10,0.0027960526315789474,0.027960526315789474
0.52,0.02,3,0.0027960526315789474,0.027960526315789474
0.52,0.01,3,0.0027960526315789474,0.027960526315789474
0.6,0.05,10,0.0027960526315789474,0.027960526315789474
0.56,0.03,5,0.0027960526315789474,0.027960526315789474
0.63,0.03,10,0.0027960526315789474,0.027960526315789474
0.55,0.1,5,0.0027960526315789474,0.027960526315789474
0.55,0.09,5,0.0027960526315789474,0.027960526315789474
0.54,0.07,10,0.002631578947368421,0.02631578947368421
0.54,0.09,10,0.002631578947368421,0.02631578947368421
0.56,0.07,10,0.002631578947368421,0.02631578947368421
0.52,0.14,10,0.002631578947368421,0.02631578947368421
0.54,0.0,5,0.002631578947368421,0.02631578947368421
0.54,0.08,10,0.002631578947368421,0.02631578947368421
0.57,0.02,10,0.002631578947368421,0.02631578947368421
0.57,0.03,10,0.002631578947368421,0.02631578947368421
0.57,0.08,10,0.002631578947368421,0.02631578947368421
0.54,0.03,5,0.002631578947368421,0.02631578947368421
0.57,0.04,10,0.002631578947368421,0.02631578947368421
0.54,0.02,5,0.002631578947368421,0.02631578947368421
0.54,0.01,5,0.002631578947368421,0.02631578947368421
0.58,0.03,10,0.002631578947368421,0.02631578947368421
0.5,0.05,5,0.002631578947368421,0.02631578947368421
0.5,0.08,5,0.002631578947368421,0.02631578947368421
0.5,0.07,5,0.002631578947368421,0.02631578947368421
0.5,0.09,5,0.002631578947368421,0.02631578947368421
0.51,0.11,10,0.002631578947368421,0.02631578947368421
0.5,0.01,3,0.002631578947368421,0.02631578947368421
0.5,0.13,10,0.002631578947368421,0.02631578947368421
0.53,0.11,10,0.002631578947368421,0.02631578947368421
0.53,0.07,10,0.002631578947368421,0.02631578947368421
0.53,0.1,10,0.002631578947368421,0.02631578947368421
0.53,0.09,10,0.002631578947368421,0.02631578947368421
0.5,0.06,5,0.002631578947368421,0.02631578947368421
0.5,0.16,10,0.002631578947368421,0.02631578947368421
0.51,0.06,5,0.002631578947368421,0.02631578947368421
0.51,0.0,3,0.002631578947368421,0.02631578947368421
0.53,0.01,5,0.002631578947368421,0.02631578947368421
0.53,0.02,5,0.002631578947368421,0.02631578947368421
0.61,0.01,10,0.002631578947368421,0.02631578947368421
0.57,0.0,10,0.002631578947368421,0.02631578947368421
0.59,0.04,10,0.002631578947368421,0.02631578947368421
0.53,0.05,5,0.002631578947368421,0.02631578947368421
0.53,0.04,5,0.002631578947368421,0.02631578947368421
0.53,0.03,5,0.002631578947368421,0.02631578947368421
0.57,0.05,10,0.002631578947368421,0.02631578947368421
0.57,0.06,10,0.002631578947368421,0.02631578947368421
0.53,0.0,5,0.002631578947368421,0.02631578947368421
0.53,0.08,10,0.002631578947368421,0.02631578947368421
0.57,0.07,10,0.002631578947368421,0.02631578947368421
0.62,0.0,10,0.002631578947368421,0.02631578947368421
0.53,0.12,10,0.002631578947368421,0.02631578947368421
0.57,0.01,10,0.002631578947368421,0.02631578947368421
0.54,0.06,10,0.002631578947368421,0.02631578947368421
0.55,0.1,10,0.002631578947368421,0.02631578947368421
0.6,0.03,10,0.002631578947368421,0.02631578947368421
0.56,0.05,10,0.002631578947368421,0.02631578947368421
0.59,0.0,10,0.002631578947368421,0.02631578947368421
0.55,0.06,10,0.002631578947368421,0.02631578947368421
0.59,0.05,10,0.002631578947368421,0.02631578947368421
0.59,0.02,10,0.002631578947368421,0.02631578947368421
0.55,0.04,10,0.002631578947368421,0.02631578947368421
0.58,0.05,10,0.002631578947368421,0.02631578947368421
0.55,0.01,5,0.002631578947368421,0.02631578947368421
0.61,0.02,10,0.002631578947368421,0.02631578947368421
0.55,0.05,10,0.002631578947368421,0.02631578947368421
0.55,0.0,5,0.002631578947368421,0.02631578947368421
0.55,0.08,10,0.002631578947368421,0.02631578947368421
0.55,0.07,10,0.002631578947368421,0.02631578947368421
0.56,0.09,10,0.002631578947368421,0.02631578947368421
0.56,0.08,10,0.002631578947368421,0.02631578947368421
0.58,0.06,10,0.002631578947368421,0.02631578947368421
0.58,0.07,10,0.002631578947368421,0.02631578947368421
0.58,0.04,10,0.002631578947368421,0.02631578947368421
0.52,0.13,10,0.002631578947368421,0.02631578947368421
0.52,0.1,10,0.002631578947368421,0.02631578947368421
0.52,0.11,10,0.002631578947368421,0.02631578947368421
0.52,0.05,5,0.002631578947368421,0.02631578947368421
0.52,0.06,5,0.002631578947368421,0.02631578947368421
0.54,0.11,10,0.002631578947368421,0.02631578947368421
0.54,0.1,10,0.002631578947368421,0.02631578947368421
0.61,0.0,10,0.002631578947368421,0.02631578947368421
0.52,0.03,5,0.002631578947368421,0.02631578947368421
0.52,0.04,5,0.002631578947368421,0.02631578947368421
0.56,0.1,10,0.002631578947368421,0.02631578947368421
0.52,0.09,10,0.002631578947368421,0.02631578947368421
0.54,0.12,10,0.002631578947368421,0.02631578947368421
0.52,0.12,10,0.002631578947368421,0.02631578947368421
0.59,0.01,10,0.002631578947368421,0.02631578947368421
0.51,0.13,10,0.002631578947368421,0.02631578947368421
0.56,0.02,10,0.002631578947368421,0.02631578947368421
0.56,0.03,10,0.002631578947368421,0.02631578947368421
0.56,0.04,10,0.002631578947368421,0.02631578947368421
0.52,0.01,5,0.002631578947368421,0.02631578947368421
0.52,0.02,5,0.002631578947368421,0.02631578947368421
0.55,0.09,10,0.002631578947368421,0.02631578947368421
0.59,0.03,10,0.002631578947368421,0.02631578947368421
0.58,0.0,10,0.002631578947368421,0.02631578947368421
0.51,0.15,10,0.002631578947368421,0.02631578947368421
0.51,0.14,10,0.002631578947368421,0.02631578947368421
0.58,0.01,10,0.002631578947368421,0.02631578947368421
0.6,0.01,10,0.002631578947368421,0.02631578947368421
0.5,0.15,10,0.002631578947368421,0.02631578947368421
0.5,0.1,5,0.002631578947368421,0.02631578947368421
0.5,0.14,10,0.002631578947368421,0.02631578947368421
0.56,0.06,10,0.002631578947368421,0.02631578947368421
0.6,0.0,10,0.002631578947368421,0.02631578947368421
0.51,0.12,10,0.002631578947368421,0.02631578947368421
0.58,0.02,10,0.002631578947368421,0.02631578947368421
0.51,0.04,5,0.002631578947368421,0.02631578947368421
0.51,0.05,5,0.002631578947368421,0.02631578947368421
0.51,0.07,5,0.002631578947368421,0.02631578947368421
0.51,0.08,5,0.002631578947368421,0.02631578947368421
0.55,0.11,10,0.002631578947368421,0.02631578947368421
0.6,0.02,10,0.002631578947368421,0.02631578947368421
0.51,0.03,5,0.002631578947368421,0.02631578947368421
0.5,0.02,3,0.002631578947368421,0.02631578947368421
0.5,0.04,5,0.0024671052631578946,0.024671052631578948
0.5,0.11,10,0.0024671052631578946,0.024671052631578948
0.5,0.09,10,0.0024671052631578946,0.024671052631578948
0.5,0.12,10,0.0024671052631578946,0.024671052631578948
0.51,0.09,10,0.0024671052631578946,0.024671052631578948
0.51,0.02,5,0.0024671052631578946,0.024671052631578948
0.51,0.07,10,0.0024671052631578946,0.024671052631578948
0.51,0.1,10,0.0024671052631578946,0.024671052631578948
0.52,0.07,10,0.0024671052631578946,0.024671052631578948
0.52,0.0,5,0.0024671052631578946,0.024671052631578948
0.51,0.08,10,0.0024671052631578946,0.024671052631578948
0.5,0.1,10,0.0024671052631578946,0.024671052631578948
0.5,0.0,3,0.0024671052631578946,0.024671052631578948
0.56,0.0,10,0.0024671052631578946,0.024671052631578948
0.54,0.03,10,0.0024671052631578946,0.024671052631578948
0.54,0.05,10,0.0024671052631578946,0.024671052631578948
0.56,0.01,10,0.0024671052631578946,0.024671052631578948
0.55,0.0,10,0.0024671052631578946,0.024671052631578948
0.55,0.01,10,0.0024671052631578946,0.024671052631578948
0.55,0.02,10,0.0024671052631578946,0.024671052631578948
0.55,0.03,10,0.0024671052631578946,0.024671052631578948
0.54,0.02,10,0.0024671052631578946,0.024671052631578948
0.53,0.05,10,0.0024671052631578946,0.024671052631578948
0.53,0.06,10,0.0024671052631578946,0.024671052631578948
0.54,0.04,10,0.0024671052631578946,0.024671052631578948
0.53,0.03,10,0.0024671052631578946,0.024671052631578948
0.53,0.04,10,0.0024671052631578946,0.024671052631578948
0.52,0.08,10,0.0024671052631578946,0.024671052631578948
0.52,0.06,10,0.0024671052631578946,0.024671052631578948
0.52,0.05,10,0.0024671052631578946,0.024671052631578948
0.5,0.02,5,0.002302631578947368,0.023026315789473683
0.5,0.03,5,0.002302631578947368,0.023026315789473683
0.5,0.08,10,0.002302631578947368,0.023026315789473683
0.51,0.0,5,0.002302631578947368,0.023026315789473683
0.53,0.02,10,0.002302631578947368,0.023026315789473683
0.53,0.0,10,0.002302631578947368,0.023026315789473683
0.53,0.01,10,0.002302631578947368,0.023026315789473683
0.51,0.06,10,0.002302631578947368,0.023026315789473683
0.54,0.01,10,0.002302631578947368,0.023026315789473683
0.54,0.0,10,0.002302631578947368,0.023026315789473683
0.51,0.04,10,0.002302631578947368,0.023026315789473683
0.5,0.07,10,0.002302631578947368,0.023026315789473683
0.52,0.02,10,0.002302631578947368,0.023026315789473683
0.51,0.05,10,0.002302631578947368,0.023026315789473683
0.52,0.03,10,0.002302631578947368,0.023026315789473683
0.52,0.04,10,0.002302631578947368,0.023026315789473683
0.5,0.06,10,0.002302631578947368,0.023026315789473683
0.5,0.0,10,0.002302631578947368,0.023026315789473683
0.51,0.01,5,0.002302631578947368,0.023026315789473683
0.52,0.0,10,0.0021381578947368422,0.02138157894736842
0.52,0.01,10,0.0021381578947368422,0.02138157894736842
0.5,0.05,10,0.0021381578947368422,0.02138157894736842
0.5,0.04,10,0.0021381578947368422,0.02138157894736842
0.5,0.01,5,0.0021381578947368422,0.02138157894736842
0.5,0.01,10,0.0021381578947368422,0.02138157894736842
0.5,0.02,10,0.0021381578947368422,0.02138157894736842
0.51,0.03,10,0.0021381578947368422,0.02138157894736842
0.51,0.02,10,0.0021381578947368422,0.02138157894736842
0.5,0.03,10,0.0021381578947368422,0.02138157894736842
0.51,0.0,10,0.0021381578947368422,0.02138157894736842
0.51,0.01,10,0.0021381578947368422,0.02138157894736842
0.5,0.0,5,0.0021381578947368422,0.02138157894736842
